komentar,timestamp,sentiment
 [sticker],2025-01-25 09:53:30+00:00,positif
happy new york mindra🥰,2024-12-31 17:25:12+00:00,positif
happy new year min,2024-12-31 19:12:35+00:00,positif
"banyk yg pura"" ga liat nanti min 😳",2024-12-31 13:09:31+00:00,negatif
hebat min sedetail itu captionnya🥺 soalnya kalo ga dikaya gitu pasti pada salah paham nih warga +62,2024-12-31 13:04:37+00:00,netral
2025 ganti rakyat🗿🗿🗿 presiden udah bener tinggal rakyatnya aja yg blm,2024-12-31 13:28:11+00:00,negatif
"ga pernah ngeluh atas kebijakan apapun,karena tau Semua nya pasti untuk kebaikan jangka panjang nya",2024-12-31 13:04:38+00:00,netral
"alhamdulillah, terimakasih pak tetap meringankan rakyat kecil. kudu banyak yg tau nih",2024-12-31 12:50:11+00:00,positif
"terimakasih mindra udah memperjelas PPN12% ini jadinya seperti apa dan untuk apa.
titip terimakasih yg banyak min buat pak Presiden",2024-12-31 12:56:50+00:00,negatif
gue replay video ini pake proyektor biar keluarga gue yg pendukung abah itu tau!🙏🏻,2024-12-31 13:50:03+00:00,negatif
"capek banget jadi admin Gerindra, semuanya harus di jelasin ke masyarakat 🤣",2024-12-31 19:00:23+00:00,negatif
tidak peduli org mau ngmong apa tntang bapak... cuma bisa berdoa sehat pnjang umur pak 😊,2024-12-31 13:04:51+00:00,negatif
sebenernya dr awal ppn mw naik 12%. w baca berita jg cuma barang2 mewah/luxury. tp digoreng2 dr harga beras dll bahkan sampe ke harga sportify😭 yg bnr aje lah,2024-12-31 21:23:43+00:00,negatif
"sekedar masukan baik nya setelah ppnbm di berlakukan,pemerintah melakukan sidak harga ke pasar2 soalnya banyak pedagang yg menaikan harga dikarenakan miss informasi..",2024-12-31 13:26:33+00:00,negatif
"pernyataan resmi dari Gerindra seperti ini, tapi medianya masih menggiring opini min, jadi mana yang bener nih",2024-12-31 13:13:20+00:00,netral
yang bilang harga sembako naik ya emng setiap hari besar bahan sembako naik,2024-12-31 15:09:38+00:00,negatif
"pas mereka koar2 soal PPN naik 12% aku diem aja, soalnya masih nunggu penjelasan resmi yang sebenarnya tentang kenaikan PPN ini. dan ternyata, ga seperti yang banyak orang bilang. pokoknya, tetap sehat selalu pak presiden 🤲♥️",2024-12-31 14:35:57+00:00,negatif
"SEMANGAT BAPAK, KITA SELALU MENDOA KAN BAPAK. SEMOGA SEHAT TERUS BAPAK, SAYANG BAPAK ❤️",2024-12-31 13:47:26+00:00,positif
Cukup lengkap admin jelesinnya awas aja pada ga bacaa😣,2024-12-31 13:49:38+00:00,netral
"DI BACA INI PPN hanya berlaku barang mewah, contohnya pesawat pribadi, kapal pesiar, rumah mewah, jadi jangan semua barang naik,",2024-12-31 13:10:35+00:00,negatif
"BACALAH WE.. BARANG MEWAAAH! JANGAN KALIAN PIKIR SEMBAKO PUN BARANG MEWAH. KARENA MAKANAN POKOK SEBENARNYA WAJAR AJA MAHAL, APALAGI CUACA NGGAK BAGUS!",2024-12-31 15:35:16+00:00,negatif
"aku karyawan ritel, jam 8 malem udh cetak harga tgl 1 , tapi tbtb bbrp menit kemudian di hold karna ada revisi. ternyata karna ppn gajadi naik, gpp kerja 2x yg penting gajadi naik. terima kasih pa🙏🏻",2024-12-31 22:36:55+00:00,negatif
min kenapa shopee ku gak ada geratis ongkirnya ya?,2024-12-31 12:57:38+00:00,negatif
rakyat:malu ringan lek😹,2025-01-01 03:56:28+00:00,negatif
gimana tuh yg udah pada demo anjir awokawok😭,2025-01-01 01:30:49+00:00,negatif
ntahlah padahal aku pengangguran tapi kalo liat admin Gerindra cape nya smpe kesini🙂,2024-12-31 23:29:53+00:00,negatif
PASTI BANYAK PIKIRAN PAK PRABOWO🙁🙁,2025-01-01 02:54:25+00:00,positif
"sebenarnya dari kemaren2 sy sudah faham kalo PPN hanya untuk barang mewah,tapi yg sebelah selalu jawabnya efeknya berimbas ke bahan2 pokok jawaban mereka selalu begitu,gak ngerti dah sy...😂",2024-12-31 14:51:56+00:00,negatif
Terima Kasih Pak Prabowo yang sudah memikirkan Rakyat Indonesia.🥰🥰😇,2024-12-31 12:52:02+00:00,negatif
malem taun baru ngapain minn,2024-12-31 12:48:09+00:00,netral
"Min , caption nya sampai ngejelasin segitu nya😭",2024-12-31 14:15:27+00:00,negatif
"Jengkol ma pete kena pajak gk min?
bagiku mereka barang mewah😭",2024-12-31 13:03:28+00:00,negatif
2025 GANTI RAKYAT!!!!,2024-12-31 18:30:29+00:00,positif
"2025 ganti rakyat gak sih min😭 kek cape bnget baca komen,",2024-12-31 23:49:24+00:00,negatif
mindra sudah menguasai elemen apa saja skrg?,2024-12-31 13:22:25+00:00,positif
"byk yg gagal paham dsni,, hrga2 naek tu Dr tahun ke tahun udh ga aneh,, skrg kan Natal+tahun baru, taun dpn ada Imlek,, hari raya besar tu udh ga aneh pst naek,,",2024-12-31 16:05:25+00:00,negatif
"Keknya akhir tahun ini jadi roller coaster buat Admin Gerindra, yang sabar min😅",2024-12-31 16:41:32+00:00,negatif
"anak abah:
pura-pura ga liat",2025-01-01 01:28:43+00:00,positif
"saya pedagang min, nyatanya distributor2 penyuplai barang/jasa sudah mengumumkan kenaikan, pdhl bukan barang mewah.",2024-12-31 14:14:53+00:00,negatif
untuk bayar gaji ratusan menteri 😅,2024-12-31 14:23:03+00:00,positif
turunin harga weekly diamond pass,2024-12-31 18:12:18+00:00,positif
yg bilang sembako naik..bukannya kalo hari besar memang naik..krna permintaan pasar besar tp stok menipis? begitukan konsepnya?,2024-12-31 20:41:13+00:00,negatif
"Padahal jadi 12% bukan naik 12% itupun yg kena orang2 kaya yg ada barang mewahnya, tp yg demo malah yg menengah kebawah yg ga dikenakan pajak 12%, heran",2024-12-31 15:14:48+00:00,negatif
pak prabowo harus jadi persiden selamayh,2025-01-01 21:51:14+00:00,netral
emang ga salah milih pak Prabowo,2024-12-31 14:11:51+00:00,negatif
Yg komen bahan pokok pada naik bukanya setiap tahun baru dan hari raya bahan pokok tuh pada naik ya? Perasaan bukan tahun ini doang deh harga bahan pokok naik,2024-12-31 16:30:31+00:00,negatif
admin gerindra 2 periode😁😁,2024-12-31 12:52:21+00:00,netral
Mohon di baca captionnya ya para netizen🥰,2024-12-31 13:51:51+00:00,negatif
2025 ganti rakyat🙏,2024-12-31 21:23:38+00:00,positif
BACA CAPTION YAGESYA 🔥,2024-12-31 13:03:29+00:00,netral
"Sebenanrya Prabowo ini kelimpahan beban pemerintah sebelumnya yang amburadul, mudah2an bisa berpihak terus ke rakyat pak",2025-01-01 07:06:10+00:00,positif
"Bukannya klo ada hari² tertentu emg kadang sembako naik kan? kyk hari raya atau tahun baru, sembako gini kan emg kadang suka naik bukan karna ppn",2025-01-01 02:53:30+00:00,negatif
aku belum tidur dari 2024 sampai 2025😌,2024-12-31 17:47:10+00:00,negatif
"baru kali ini liat presiden yg langsung sigap rakyat koar² di sosmed minta pembatalan ppn naik + penjelasan
langsung di tanggepin😭🙏 sehat2 bapa",2025-01-01 05:59:57+00:00,negatif
min klo aku nge like vt ini bisa bikin dia balik lagi ke aku gk😔🗿,2024-12-31 12:54:00+00:00,negatif
ada yang ngajak mlm taun baruan ga min? kalo gaada mau saya ajak😂,2024-12-31 12:51:59+00:00,negatif
"ini yang pada komen harga sembako pada naik telor naik beras naik dll lah dri Thun kmrn jg kalau hari raya besar dan tahun baru pada naik, emng kalian pada ga sadar???",2025-01-01 01:46:05+00:00,negatif
"makasi min, suda menjelaskann sngat detail di komen, semoga wrga konoha ini bisa memahami 🙏🏾",2025-01-01 02:34:25+00:00,netral
saya percaya penuh dengan kepemimpinan pak prabowo semoga semua kebijakan yang di buat pemerintah bisa bermanfaat dan meningkatkan kesejahteraan rakyat,2024-12-31 12:50:18+00:00,positif
"ppn naik 12%untuk barng brng yang harganya mnjulang tinggi .
kaya tas spatu jam tangan brand mewah .
mnurut ku nih ya , ini buat orng orng suka beli brang mewah , dan bklan mikir lbih baik. menggunakan brng lokal . lebih mensejahterakan UMKM",2024-12-31 19:03:44+00:00,negatif
untung negara ini di setir gerinda kalo yang sebelah waduh sih,2025-01-01 02:11:27+00:00,negatif
mankanya gua gamau koar koar sebelum berita nya valid,2024-12-31 20:12:53+00:00,negatif
BACA CAPTION WOYYYYY🙏🏻!!,2025-01-01 01:35:49+00:00,positif
anak abah pura² ga liat....,2025-01-01 00:59:05+00:00,negatif
"tolong di pahami, PPn 12% itu hanya naik untuk barang dan jasa mewah yg terdaftar di PPnBM, jadi bukan untuk barang atau jasa umum lainnya yg diluar ppnbm.",2025-01-01 03:28:35+00:00,negatif
"Untuk mimin, dimohon bersabar kalo ada sebagian rakyat bapak yg menolak faham akan pajak ini, mereka belom sembuh dari sakitnya 🙏😌",2025-01-01 03:42:36+00:00,negatif
"lucu bngt sm mahasiswa kampus sebelah di kota ""P"" yg mau demo kenaikan pajak 12% pdhl sudah ditentukan dri awal pajak berlaku hanya untuk barang mewah🙏",2025-01-01 01:16:32+00:00,negatif
"kayu = 5th
ayam = 7th
300T = 6,5th💀
menyala negri ku",2024-12-31 16:31:01+00:00,negatif
turunkan harga chipset mediatek min 🙏,2024-12-31 13:06:46+00:00,positif
"dr dlu mamahku gapernah ngeluh kalo apa2 naik, skrg aku jg nerapin, krn mampu beli gamampu ya gausah dibeli. jd gak dibikin ribet. *kalo aku ya 🙏🏻",2024-12-31 21:32:49+00:00,negatif
"tapi tuh warung"" sembakon tuh pak memanfaat masalah ini hampir semua naik sekali gak abis pikir deh, tapi semoga cuma karena mau tahun baru aja. tapi kalau sampai klar tahun baru masih naik aja harga gak habis fikir sih",2024-12-31 23:14:10+00:00,negatif
pedagang dh kemakan isu ppn naik 12% anjr lah tolong kasih paham ke mereka 😭😭,2024-12-31 23:56:53+00:00,negatif
cape bngt ngedukasi anak abah😭,2025-01-01 11:21:20+00:00,positif
"adminnya bnyk pahalanya, krn sabar trs😭🙏",2024-12-31 20:09:50+00:00,negatif
"Kalau pada mgomomg “kok harga sayur,telur,cabe,bawang naik sih?” Karena nataru weii, abis nataru imlek, abis itu puasa, banyak permintaan tapi barangnya dikit karena blm masa panen, yuk 2025 pinter",2025-01-01 02:52:11+00:00,negatif
"2025 : harus sering membaca, menyimak dan memahami",2025-01-01 01:58:58+00:00,positif
makasih udh sebutin secara jelas di caption min,2025-01-01 04:32:42+00:00,netral
"alhamdulillah kalo emang jadinya PPNBM, semoga gaada oknum yang mengatasnamakan kenaikan ppn dan menaikan harga pangan dan barang barang yang memang tidak terkena dampak PPNBM ini.",2024-12-31 19:18:29+00:00,negatif
"jgn menyerah bpk untuk menjelaskan walaupun rahyat mu msih bnyak yg salah pngertian🙏🙏
sehat trus PAK PRABOWO🙏😇",2025-01-01 02:30:36+00:00,negatif
"Gk sesuai yg dilapangan 😅 udah pada naik juga barang"" dilapangan",2024-12-31 14:27:10+00:00,negatif
yang lucunya PPN naik hanya untuk barang mewah tapi para pengusaha ambil kesempatan untuk menaikkan harga diluar barang mewah. saran min untuk di kawal oleh dinas terkait agar harga tetap stabil,2024-12-31 15:33:54+00:00,netral
"tapi dah pada naik barang2 , tlong turun k pasar tradisional",2024-12-31 12:51:09+00:00,negatif
"yg pada bilang harga sembako tetep naik
emang dr dulu tiap kali menjelang hari raya pasti naik
kemarin natal, sekarang tahun baru, akhir Januari imlek, februari ramadhan, maret nyepi lanjut idul Fitri",2025-01-01 04:07:02+00:00,negatif
"Dear rakyat yg pinter2, kalian mempermasalahkan harga sembako udah naik??? Plissss itu tiap tahun juga naik meskipun gak ada berita ppn naik, kayaknya emang udah dari produsennya aja dinaikin. Soalnya",2025-01-01 23:53:41+00:00,negatif
2025 harus ganti rakyat,2025-01-01 03:33:53+00:00,negatif
"tiga kali saya pilih bapak dan saya hanya ingin melihat bapak memimpin negara ini, dan saya bangga sudah memilih bapak, semoga terus lebih baik lagi☺️",2025-01-01 01:47:18+00:00,negatif
"Dari awal emang gak pernah menyesal memilih Pak Prabowo, dari awal lihat Proker-nya aja udah buat saya kagum dan terlebih cara berpikir dan tindakan beliau ini benar-benar membuat saya tercengang saking bagus dan hebatnya. Beliau juga merakyat, mungkin faktor TNI juga. Ya intinya saya bangga banget punya Pak Presiden seperti Pak Prabowo dan saya juga bangga sama Gerindra!",2024-12-31 15:05:15+00:00,positif
"Listrik diskon 50% beneran😭 barusan ngisi token 100rb biasanya dapat 63kwh,ini ngisi 100rb dapat 126kwh😭🫶🏻🫶🏻",2025-01-01 01:59:42+00:00,positif
"haduh pak kacau2, anak abah gada bahan lagi buat goreng sampe gosong, mereka pasti gabisa tidur.",2024-12-31 15:48:12+00:00,negatif
"aku mah ikut aja min, kasian kamu min pusing ditanyain ini itu udh kaya google😔",2024-12-31 15:12:18+00:00,negatif
"tapi aku suka kalo terbuka begini diumumin. ga diem"" dari media",2024-12-31 16:46:18+00:00,negatif
"pajak naik gak masalah.. selama itu uang pajaknya tepat di alokasikan kemana, ga di korup , dan yg pasti UNTUK KEPENTINGAN BANGSA DAN NEGARA BUKAN PEJABAT",2024-12-31 14:03:59+00:00,negatif
Disinilah literasi masy indo di uji pas baca caption mindra,2024-12-31 14:24:32+00:00,negatif
"padahal tiap mau tahun baru itu memang semua sembako naik.. Dan harusnya nggak jadi Hal baru buat masyarakat...
tapi kok dikaitkan sama ppn 12% ya😁",2025-01-01 01:31:22+00:00,negatif
min...harga sembako pada naik..!!tolong disidak para pedagang dipasar..,2025-01-01 07:06:19+00:00,negatif
BACA CAPT WOY SAMPE BAWAH,2025-01-01 04:25:53+00:00,netral
"saya gapernh menyesal memilih bapak, meskipun banyak isu diluaran sana saya tetap membela bapak😭.saking cintanya saya dan percaya sekali bapak adalah orang yang baik.. sehat selalu ya pak ,jangan capek""",2025-01-01 03:25:37+00:00,positif
sayangnya masih banyak orang yg ga paham,2024-12-31 17:21:18+00:00,netral
"kado indah awal tahun, tarif pln diskon 50%, rakyat jg ikut merasakan 😊",2025-01-01 08:43:56+00:00,positif
"hello para UMKM pastikan lg harga barang kalian, krn pengumuman presiden kan hanya brg mewah, jd klo di luar brg mewah ttp naik harus segera di laporkan, biar tdk ada kerugian untuk rakyat2 menengah",2025-01-01 01:00:04+00:00,negatif
guaa gapernah mau ikut2an soal ini si karena gua percaya bapak pastiiii bisa handle dan menyelesaikan ini.. makasih bapak❤️,2025-01-02 00:38:30+00:00,negatif
kok banyak yg ga paham ya..harus pake bahasa apa biar rakyatnya mengerti dan paham..hadeuhh,2024-12-31 14:27:19+00:00,netral
dijelasin sedetail-detail nya ya min😭😭,2025-01-01 05:47:31+00:00,netral
"gue posting ulang video ini biar anak abah
itu tau",2024-12-31 18:51:12+00:00,negatif
sabar ya min menghadapi anak abah☺️👍mimin pasti kuat💪titip salam buat pak prabowo😁🙏,2024-12-31 13:58:13+00:00,netral
2025 ganti rakyat.,2025-01-01 01:26:33+00:00,positif
"mimin udah ketik panjang lebar, keterlaluan masih ada yg ga ngerti😭😭😭... tpi kalo ada yg ngerasa dipotong 12% setelah membeli berarti mereka mampu sesuai caption mimin.. beli jet 😂😂😂",2024-12-31 16:00:46+00:00,netral
omg🥺🥺🥺 pak 🫰🏻🫰🏻🫰🏻,2024-12-31 14:21:15+00:00,positif
anak abah: ku kan menghilang dalam kehampaan😹😹,2025-01-02 00:02:20+00:00,negatif
caption nya panjang tuhhh dibaca coba dengan seksama 🤭,2025-01-01 10:38:43+00:00,netral
"mimin keren ngetik ampe detail kaya gitu,,tp sayang min dr 18k komen lebih yg baca caption lu cuman 500 netizen doang😭😭",2024-12-31 19:01:36+00:00,negatif
awas aja pada ga baca🫵🏻,2024-12-31 14:15:12+00:00,netral
2025 GANTI RAKYAT,2024-12-31 21:37:46+00:00,positif
2025 ganti rakyat 🤣,2025-01-01 01:36:46+00:00,positif
klo pak prabowo benar membela rakyat .sy doakn bpk sht dan pnjng umur,2024-12-31 22:09:30+00:00,positif
"admin gerindra setia jawabin komen, mana ketikan titik komanya pas bgt lagi sesuai kbbi😭",2025-01-01 01:22:02+00:00,netral
keknya cape bgt jadi admin gerindra😂😭,2025-01-01 02:29:59+00:00,netral
"tuhkan bener, ga mungkin semua naik 12% udah yakin gw pasti yang naik barang mewah, sama plek pajak orang menengah ke atas itu pajaknya lebih gede dibanding menengah kebawah, gunanya untuk pemerataan",2024-12-31 21:05:57+00:00,negatif
alhamdulillah indomie gw kgk naik cuy 🥰🥰👏👏,2025-01-01 03:08:07+00:00,positif
"Min kenapa harga ikan murah ya, kasian para nelayan",2024-12-31 12:47:52+00:00,netral
kok keren si anjr mimin gwrindra ini dah😭,2025-01-01 05:00:36+00:00,netral
"terima kasih pak, aku barusan isi token 200rb 2x isi dengan daya 1300 dapet kwh 269 😭 ku pikir cm bisa isi sekali ternyata dicoba 2x bisa dapet 50% jg",2025-01-01 15:50:39+00:00,negatif
"SEMOGA PAJAKNYA GA ADA YANG DIKORUPSI, BISA DIGUNAKAN SEMESTINYA",2024-12-31 13:13:21+00:00,netral
sbg admin swalayan. sukurlah ga ikut naik jd 12%. cape weh ngitung modalnya klo iya mah😭 diganti modal baru semua wkwkw,2024-12-31 19:07:45+00:00,negatif
"baru kali ini sy sepercaya ini sama presiden klo beliau pasti bakal tulus dan kasih yg terbaik buat rakyat,sy percaya bapak bisa.sy sebagai rakyat hanya bisa mendukung dan mendoakan yg terbaik 🙏",2024-12-31 14:03:04+00:00,netral
min turunkan uang Panai kami di suku Bugis uang Panai nya gak ngotak 🗿,2024-12-31 13:58:33+00:00,negatif
kalo bapak prabowo sdang brbicara. aq slalu dengarkan baik2 dengan kpala dingiin.. loveyou pakk.. aku prcya appun kputusan bpk itu yg trbaik bwt bgsa,2024-12-31 14:38:55+00:00,negatif
"yah tadinya mau beli BMW M4, ngk jadi deh. bukan karena PPN naik, tapi ngk ada uangnya 🗿",2024-12-31 16:22:15+00:00,negatif
"minta tolong min dra, lebih di perhatikan lagi para petani kita,,,, harga pupuk pada mahal tapi harga sayur sangat murah,,,,kami hanya mengandalkan hidup dari hasil kebun,,, walaupun ada program bantuan buat para petani cuman masih gak ngaruh di plosok².
semoga ada kecerahannya dan solusi agar lebih sejahtera para petani Indonesia kedepannya!
TERIMAKASIH PAK PRABOWO",2024-12-31 14:44:30+00:00,negatif
"Prabowo p nya apa
pria sejati
pria jujur
pria pekerja keras
pahlawan ku
pria menepati janji kepada rakyatnya
🙏🙏",2025-01-01 02:33:34+00:00,positif
"Banyak yang salah paham terhadap kebijakan baru ini ya minn,pasti mimin capek🥺",2024-12-31 15:20:43+00:00,negatif
"Perbedaan lembaga
Eksekutif = presiden & Menteri-menteri
Legislatif = DPR, MPR, DPD
Yudikatif = Hakim, mahkamah agung
nah presiden ga ada hak kalo masalah Yudikatif karna presiden itu E",2025-01-01 02:12:36+00:00,netral
"min mau minta saran, kalau kami beli apa apa ternyata menemukan ada oknum yang menaikan harga karena dibilang Ppn jadi 12 persen (bkn brg mewah), kami harus bagaimana ya min?",2025-01-01 04:26:44+00:00,negatif
KANGEN 2024 😭😭😭,2024-12-31 19:22:01+00:00,negatif
tapi min di lapangan banyak juga menaikkan harga meskipun tdk termasuk kena pajak 12%.. alasannya juga gitu pajaknya naik..,2024-12-31 16:47:30+00:00,negatif
pak prabowo sudah melakukan hal yang benar.. cuma para pedagang yg menaikan hrga sendiri.. karna adanya informasi kenaikan,2025-01-01 06:13:51+00:00,negatif
lagian kalo beneran naik khan cuma naik 2 persen kalo harga 20.000 cuma jadi 20.200 jadi kenaikan barang sembako dll itu bukan karna kenaikan PPN tapi memang dari pedagang atau produsen,2025-01-01 10:57:25+00:00,negatif
"pasti bapak cape ya pakk, jangan lupa istirahat ya pak🥺",2024-12-31 17:36:49+00:00,netral
betul gula aja udah naik 17.5 saya sebagai yg punya kedai sudah merasakan.harus sidak ke pasar takut ikut pada naik.padahal ini hanya untuk barang mewah,2025-01-01 01:29:31+00:00,negatif
selamat tahun baru min,2024-12-31 12:53:13+00:00,positif
"kalo demi bangsa dan negara bagiku tidak masalah karna waktu sekolah aku terbantu oleh program kartu ip trus waktu operasi aku terbantu oleh kiss,darimana itu kalo bukan dari pajak,.",2024-12-31 23:15:37+00:00,negatif
"mindra yang semangat ya menghadapi berbagai macam masyarakat Indonesia, yang kuat ya mindra😀",2025-01-01 04:53:15+00:00,positif
istirahat ya pak😓,2024-12-31 23:30:16+00:00,positif
"min tolong hapuskan pajak 10% bagi para pedagang micro. kasian org mau makan aja d kasih pajak. kt sbgai pdg mau naikkan harga jg mikir2, kasian sm konsumen. smg aja d balas",2024-12-31 22:29:48+00:00,negatif
"Banyak yang gagal faham ,dikiranya naik semua 12%
barang2 , astaghfirullah...
padahal hanya tertentu saja yg naik,itupun naik 1% dari 11%",2024-12-31 14:43:26+00:00,negatif
buat yang bilang harga sembako pada naik. itu wajar ya karna memang sedari dulu kalau tahun baru/ ramadhan/ lebaran memang naik loh...,2025-01-01 00:48:36+00:00,negatif
"min, kamu gen z ya?😭😭",2025-01-01 02:59:31+00:00,negatif
Semangattt minn jelasinnnya emangg kalau ga dijelasinn suka pada salah paham😭,2025-01-01 04:10:42+00:00,netral
min tolong listik di turunin. masa token PLN beli 100 dpt cuma 60 RB,2025-01-01 02:32:42+00:00,negatif
"real ihh yg beras 10kg/bulan, ayah ku juga dpt 😍🫶",2025-01-01 02:06:38+00:00,positif
"Cek Kenyataan Di Lapangan Min!!!
Cek Pasar Tradisional Apakah Real Kenaikan Itu Untuk Barang Mewah
Agar Tujuan Presiden Selaras Bukan Jadi Malah Jadi Imbas oke",2025-01-01 06:04:11+00:00,negatif
"kasian admin GERINDRA sampe ngetik panjang dan jelas di caption nya🥺 tapi masi banyak orang yang gk paham/mls membacanya,",2024-12-31 13:58:24+00:00,netral
SEMANGAT TERUS BAPA PRABOWO HARUS BISA BAWA BANGSA INI MENJADI SANGATT maju🥳💪💪,2025-01-01 01:50:24+00:00,positif
"min mksh berkat program pa prabowo sy bsa kerja stlh nganggur lama, kbtln sy krja di relawan makan siang gratis untuk anak sklh dg gaji 1,2 sdh alhamdulillah skli sy dr kab kuningan🥰",2025-01-02 05:19:04+00:00,positif
"pernah ada yg bilang ke gw ""memang PPN 12% itu buat orang kaya tapi kan pedagang di sekitar bakalan ngikut naik."", bro kalo misalkan pedagang mau naik itu hak dia dan bebas dia ngasih harga berapa aja",2024-12-31 13:14:30+00:00,negatif
Semenjak presiden pak Prabowo setiap ada masalah dan ketika rakyat gk setuju langsung didengar sama admin Gerindra dan langsung di kasih solusi 😁 gk kayak dulu makasih pak,2025-01-01 16:17:13+00:00,positif
"tolong di informasi kan ke atasan min, per tanggal 1 ini, harga obat dll di pertanian mulai naik, sedangkan itu kebutuhan masyarakat kecil, tolong di kordinasi kan lagi, daerah Kaltim, kutai kartanega",2025-01-01 03:56:47+00:00,negatif
duh...gimana kabar orang sekitar saya yang pada postang posting tolak kenaikan PPN...,2025-01-01 01:56:19+00:00,negatif
"jujur aja, gw ga kangen sekolah🗿",2025-01-01 03:44:24+00:00,netral
"min tolong didata ulang yang dapat bantuan bansos, masa yang muda"" dapet,disini yg dapet masih mudah dan masih mampu bekerja yang dapet,nanti jadi males bekerja dan ngarepin bansos terus 😌",2025-01-01 00:18:05+00:00,positif
@Remmyxy: yang bilang harga sembako naik ya emng setiap hari besar bahan sembako naik,2024-12-31 18:21:00+00:00,negatif
"biasain tonton sampe abis ya gaes, klo gamau ribet liat caption nya ajaa",2025-01-01 01:30:32+00:00,negatif
min tolong kasih turun harga berat badan☺️,2024-12-31 17:45:25+00:00,negatif
bio nyaa😭🙏🏻,2024-12-31 17:42:52+00:00,positif
"tinggal di sidak aja di lapangan ke pasar pasar contoh paling prioritas , sebab sebagian bahan pokok sudah ada yang naik harga nya",2025-01-01 01:00:01+00:00,positif
min kamu kok sabar bgtt sih ngerespon semuanya aku tau loh min kamu capek aku aja kalau di posisimu bakal muak banget 😭,2024-12-31 17:16:56+00:00,negatif
"min saran aja sih minta di cek lg, bbrp perusahaan yg punya karyawan gajinya dibawah 10jt udh kena ppn diam"" bahkan ada yg lbh dr 12%, dr sejak bulan september 2024. semoga di sosialisasi lg min, kasian mereka gajinya cuma 4jt dipotong""",2024-12-31 23:12:08+00:00,negatif
"ini gerindra abis ini menyelidiki ya pls, atau ga kasi informasi yang singkat dan jelas, MASA MAKANAN PADA NAIK YANG JUAL BILNH KRNA PPN 12% apalagi di pasar 😭😭😔😔",2025-01-01 00:12:39+00:00,positif
"Yang pada bilang harga sembako udah naikk, bapak ibuk sekaliaannn, biasa nyaa jugaa hari2 besar psti sembako pada naikkkkk 😭😭😭😭 apalagi ini rentetan bangett, natal, tahun baru, imlek, puasa, lebaran. Ya Allah 😭😭😭😭",2025-01-01 03:46:22+00:00,negatif
omon omon aja😁😁,2024-12-31 12:58:30+00:00,netral
"paa karyawan retail kesian pak kerja shift2an tp ga dbyr lembur, dtmbh klo tgl merah gblh libur🥹",2025-01-01 16:01:51+00:00,netral
gelooo detail bangett miinn menyalaaa🤙,2024-12-31 13:29:05+00:00,netral
WiFi juga kenapa naik ppn nya pak😭😭,2025-01-01 14:14:15+00:00,positif
"Alhamdulillah terima kasih tolong apabila sudah ditetapkan, mohon diperiksa di lapangan keadaan yg sebenarnya guna mengurangi oknum2 curang",2024-12-31 17:53:43+00:00,negatif
"ayo kampanyein, buat produsen yg ga terkait brg mewah kembaliin harga dasarnya ke awal",2024-12-31 16:54:00+00:00,negatif
Admin Gerindra bisa kuat ya reply komen para masyarakat Indonesia. semangat Admin gerindra 🥰🥰🥰👍👍👍,2025-01-01 00:22:55+00:00,positif
"admin gerindra mengusai semua elemen 😂,sehat selalu admin",2024-12-31 20:34:28+00:00,positif
Min caption nya simpan di komentar biar bisa di copy paste ☺️,2024-12-31 18:32:53+00:00,netral
min lebih keren motor scoopy atau vario?,2024-12-31 12:53:23+00:00,negatif
"tahun depan gw balik yaa, bye...",2024-12-31 16:39:38+00:00,positif
absen sebelum tahun baru 🎆🎇🎉,2024-12-31 14:30:18+00:00,positif
"admin Gerindra sudah mulai aktif kembali, menyala wii❤️‍🔥",2025-01-01 04:09:44+00:00,positif
"kenapa bukan namanya ppnBM yang naik, malah di tulis ppn dalam undang undang",2024-12-31 13:08:39+00:00,negatif
"Sudah Naik Semua Min, baik barang mewah maupun bukan barang mewah semuanya Naik",2024-12-31 14:43:41+00:00,negatif
"min kamu harus tahu dilapangannya sekarang kebutuhan kaya skincare,makeup,banyak deh pokoknya yang kecil² gitu juga udah naik 😭",2024-12-31 21:16:36+00:00,netral
"baca caption serasa baca koran, panjanggggg, mantap min, auto share.",2024-12-31 23:20:20+00:00,positif
ini kalo semisal di lapangan nggak sesuai lapornya keman ya?,2025-01-01 01:44:10+00:00,negatif
"Aktual di lapangan berbeda, banyak penyedia jasa menaikkan PPN sebelum keluarnya pengumuman resmi dari Presiden. Tolong di kroscek ke lapangan min",2025-01-01 02:30:32+00:00,positif
Ijin bapak presiden saya belanja untuk jualan diwarung kata penjualnya harganya dinaikan persiapan ppn 12% kalau sdh ga jadi naik ini bagaimana bapak mohon petunjuk 😭,2024-12-31 16:31:42+00:00,negatif
"eta harusnya teh diralat ""besok PPnBM naik 12%"" bukan ""PPN besok naik 12%"" kalo kalimatnya begini beberapa orang masih bisa berasumsi bahwa yang naik itu PPN bukan PPnBM, meskipun pak prabowo sudah menjelaskan sedemikian rupa.",2025-01-01 03:25:22+00:00,negatif
hidup jendrallku bapak prabowoo,2025-01-01 01:15:12+00:00,positif
"Udah PPN 12% gajadi naik, trus bayar listrik 50% selama 2 bulan .. lope sekebon bapak ❤️❤️❤️❤️❤️❤️❤️❤️❤️❤️",2025-01-01 08:48:46+00:00,negatif
"kayu = 5th
ayam = 7th
300T = 6,5th💀
menyala negri ku🔥🔥🔥",2025-01-01 02:45:24+00:00,negatif
"min akibat salah paham ppn naik, sembako pada naik min🤣🤣",2024-12-31 12:57:23+00:00,negatif
gk cape ngetik caption nya min? 🗿,2025-01-01 00:45:55+00:00,negatif
prabowo p nya apa? ppn 12% lahh 🤣🤣,2024-12-31 12:50:39+00:00,negatif
"Saya pernah kecelakaan kerja min, fatal patah bagian bahu, tapi di bilang atasan dapet uang nya sekitar 5jt'an trus di berentiin kerja kalo di urus ke BPJS ketenagakerjaan, jadi ga saya urus 🥲",2025-01-01 00:06:13+00:00,negatif
Tetep aja min anak anak wabah gabakalan ngerti🤣tapi yang penting mimin udah ngasih informasi sih🥰semangat terus min,2024-12-31 15:47:31+00:00,positif
malem tahun baru enaknya bakar bakar atau ngapain minn,2024-12-31 12:56:41+00:00,negatif
tapi min bukti ny di lapangan pada naik min pada ikut2tan naik semua coba aja min cek kelapangan bkn barang mewah aja kebutuhan masyarakat kecil semua pada naik,2025-01-01 03:03:45+00:00,negatif
min ipon turunin harga nya jadi 2rb plis 😓🙏🏻,2025-01-01 05:51:15+00:00,negatif
tp kenyataan nya smua fomo naikin pajak.. pdhl peraturan hanya untuk barang mewah,2024-12-31 17:57:38+00:00,negatif
Yg Sabar Ya Min Walaupun Mimin Di Angap Meguasai Semua Elemen Kehidupan,2024-12-31 15:53:54+00:00,negatif
gampang nya PPN itu sama aja cuman berlaku pada barang mewah.,2024-12-31 19:36:30+00:00,netral
min turun kan harga Pertamax jadi 5k full tank🙏🏻,2024-12-31 18:59:45+00:00,negatif
Min mau mie aceh ga ?,2024-12-31 12:51:32+00:00,negatif
"alhamdulillah semakin jelas yaa tentang masalah PPN 12% ini,
terimakasih Pak Presiden Prabowo 🫡",2024-12-31 22:55:18+00:00,negatif
mindra besok mancing ayo,2024-12-31 15:19:08+00:00,netral
"sabun mandi,detergen, kopi saset,mie instan, teh itu semua barang mewah makanya naik jadi 12%😭😭😭😭 hampir semua supplier udh ngomong naik, jadi man yg benar?? bikin bingung banyak orang",2024-12-31 15:02:13+00:00,negatif
jd kenaikan barang2 sekarang itu GARA2 akhir tahun 🫵🏻,2024-12-31 14:42:27+00:00,negatif
berarti undang-undang nya harus direvisi. bukan cuman konverensi pers.,2024-12-31 16:02:23+00:00,negatif
min aku kangen kerandomanmu 😭,2024-12-31 13:37:21+00:00,positif
Menurutku sih kalau seharusnya naik ya mendingan di naikin aja. toh pemerintah juga sudah memikirkan matang² demi masa depan indonssia,2024-12-31 15:34:38+00:00,negatif
ADMIN TURUNKAN SEMUA HARGA TOPUP ADMIN 😋😋,2024-12-31 18:33:07+00:00,negatif
"Yakin bahan-bahan pokok gak bakal ikut naik?,kalo ampe ikut naik gegara bahan baku pengusaha kena ppn gw tandain lu ya min 😂",2024-12-31 14:35:05+00:00,negatif
"intinya para netizen yang terhormat, captionny sudah tertera dengan jelas, jadi dibaca sampai habis supaya paham!! semangat pak presiden 🔥❤",2024-12-31 16:03:43+00:00,positif
posting ulang ah biar pas beli beli org naikin. harga alesannya ppn bisa ditunjukin,2024-12-31 22:57:29+00:00,negatif
"akhirnya mindra hadir membawa angin segar, terimakasih🙏🏻",2024-12-31 13:35:27+00:00,negatif
"Min, saya kerja di bidang penjualan handphone, di mall millennium medan, saya mau tanya min, buat penjualan oppo atau vivo dari perusahaan mereka naikan pajak 12%, dan tempat kita menyewa tempat juga dinaikan 12%, apakah itu barang mewah min, terima kasih, tolong dibantu jawab ya min 🙏🏻",2024-12-31 23:30:47+00:00,negatif
"yg kuota internet itu gmna min?? parah bngt kuota internet sekarang cmn 28hari trs harganya naik juga, udh mahal tambah mahal",2025-01-01 05:29:14+00:00,negatif
komen ah biar satu tahun yang lalu🗿🗿🗿,2024-12-31 15:04:52+00:00,positif
"mudah²an tidak diikuti dengan kenaikan BBM yah, klo itu ikut naik krna dampak ini sudah d pastikan semuanya ikut naik",2024-12-31 12:50:31+00:00,negatif
Senjata api dijual legal di indo kah?,2024-12-31 14:23:25+00:00,negatif
tetap semangat pak Prabowo,2024-12-31 15:39:18+00:00,positif
"min, kok diskon di tiktok shop gw dikit ya?",2024-12-31 22:53:22+00:00,negatif
"Allahumma shoyyiban naafi'an 🤲
Alhamdulillah hujan☺️siapapun yg baca semoga di beri kesehatan berlimpah, umur berkah barokah, hajatnya segera tersampaikan🤲 Aamiin 🤲",2024-12-31 13:12:14+00:00,negatif
min bapaku sudah 30thn kerja honorer... waktu pengumuman p3k kmren beliau cuma dpt r3 aja.... apa gak kasian sudah mengabdi dari lama😭,2024-12-31 12:54:43+00:00,negatif
malam ini lagi bakar² ap min? 😁,2024-12-31 17:17:49+00:00,negatif
"gua kek mikirinya tuh emang pak Prabowo emang mau ngeharumin namanya,secara dia udah tua dan bisa jadi nggak bisa sampe 2 periode so dia kek all in supaya dia dikenal baik sebagai presiden",2024-12-31 18:32:22+00:00,negatif
oke harus di hapalin apa aja yg jadi 12%karna ujian pajak ku tergantung ppn ini🗿,2024-12-31 14:08:49+00:00,netral
"mana baru beli private Jet lagi gw
😭",2025-01-01 02:31:00+00:00,positif
"dripada bantuan turunnya k orang itu"" ja,mendingan harga"" terjangkau,sembako,pupuk dll..jadi smuanya merasakannya...",2024-12-31 15:08:27+00:00,negatif
"Akhirnya ada penjelasan yg lebih sederhana yg mungkin mampu di cerna oleh rakyat (i hope so), udah jelas arah pemimpin kita kemana arahnya. Thanks Bpk presiden, thanks admin gerindra",2024-12-31 15:11:42+00:00,netral
"yeyy ,mie ayam ku gk kena ppn😋😋",2024-12-31 13:49:33+00:00,negatif
klo ada pedagang yg naikin harganya dg alasan naik pajaknya Gmn min? pdhal dagangannya ga masuk kategori PPnBm..,2024-12-31 22:19:12+00:00,negatif
indomie harga nya tetep atau naik?,2024-12-31 12:49:58+00:00,negatif
KAK TIKET PESAWAT DI KALTIM KHUSUSNYA PENERBANGAN PESAWAT KECIL ANTAR KABUPATEN NAIKNYA GAK NGOTAK BGTT☺️☺️SAMPE BEDA 200K DNG TAHUN 2024😔,2025-01-01 02:03:29+00:00,netral
"Min, saya pedagang. Di faktur tertulis pajaknya naik jadi 12%. Harga yg dijual semua ganti. Saya bingung, yg kami jual kebutuhan pokok tapi tetap kena pajak 12% yg katanya hanya untuk barang mewah 🙏",2025-01-01 02:54:36+00:00,negatif
"pak, udah 2025 tapi saya masi jomblo pak!!",2024-12-31 18:28:03+00:00,negatif
"ppn udh diberlakukan hari ini, seharusnya dikasih penjelasan mendetail brg apa aja yg dinaikkan ppn nya dri jauh² hari ga si? soalny semua toko udh blg akan dinaikkan karena ppn.",2025-01-01 01:53:18+00:00,negatif
"btw yg pd naik harganya coba tunggu seminggu,tunggu kabar ini kesebar",2024-12-31 14:55:52+00:00,negatif
p adu jam 2:13,2024-12-31 19:13:54+00:00,negatif
"barang2 naik tapi hasil panen petani ga menentu gimana min? tolong lah mereka2 naikan harga2 hasil panen kayak sayur mayur, cabai, buah dsb",2024-12-31 14:26:01+00:00,negatif
"tapi di berita barang barang pokok malah naik? kaya sabun, deterjen, shampo dll",2024-12-31 13:00:59+00:00,negatif
"jadi PPN apa PPNBM?
kemarin PPN, sekarang PPNBM..",2024-12-31 14:46:17+00:00,negatif
"MIN TOLONG BILANG KE BAPAK SURUH NAIKKAN HARGA PINANG,, MASAK 4000 SEKILO",2024-12-31 13:24:11+00:00,negatif
aku tidur dulu yaa😚,2024-12-31 14:31:45+00:00,positif
"kadang2 JD lahan kesempatan ga sih buat yang berdagang,,",2024-12-31 23:18:01+00:00,netral
Caption nya panjang lebar😭😭,2024-12-31 14:17:21+00:00,positif
"punten min, tpi yang kerja di retail khususnya di gudang (alfa) udh kena pajak pph🙏🏻 g tau juga untuk daerah lain tapi didaerah karawang udah kena min, pdhl gajinya hanya 5,1 🙏🏻 mohon penjelasanny",2024-12-31 14:29:11+00:00,negatif
saya ngga percaya.. soalnya sya jualan bkan barang mewah tapi harganya smua naik krna PPN naik,2024-12-31 13:46:47+00:00,negatif
"mlm thn baru gk bakar"" min🗿",2024-12-31 15:19:35+00:00,negatif
masih nunggu UU rapasan aset min🔥,2024-12-31 13:38:23+00:00,positif
gak salah tuh?? sembako udh pd naik ya. tuh si bahlil bilang bbm aja naik 12%. distributor sembako dr brp bulan lalu udh naik. alat produksi di pabrik emg gk masuk barang mewah??,2024-12-31 19:38:32+00:00,negatif
"nyatanya min, semuanya pada naik. internet, BBM, paket sembako pada naik. kan nggak semuanya dari perkotaan",2025-01-01 05:06:37+00:00,negatif
tagihan wifi saya kok ikutan naik😭,2024-12-31 16:41:30+00:00,netral
"kayu = 5th
ayam = 7th
300T = 6,5th💀
menyala negri ku🔥🔥🔥",2025-01-01 12:23:11+00:00,negatif
Bahan pokok pada naik karna seasonal aja gak sih? Tiap akhir taun suka naik kan emg ?,2025-01-01 04:18:24+00:00,negatif
LC naik gak min ?,2024-12-31 17:30:02+00:00,negatif
"Aku usaha toko sembako, sales2 sprti wings udh ngasih tau barang2 akan naik sesuai kenaikan ppn 12%. Di aplikasinya pun sdh trtulis mulai 1januari25 harga naik sesuai kenaikan ppn 12%. Hmm selevel mi instan berarti barang mewah ya.",2024-12-31 23:54:15+00:00,negatif
"Tapi mungkin gak sih ada ""pengusaha"" yang menaikan harga dengan alasan ppn 12% padahal ""katanya"" ppn 12% cuma buat barang mewah",2024-12-31 14:25:04+00:00,netral
"kak kalau buka toko kan suka ada barang kiriman dari sales, nah itu ada tarif ppn nya kan. Apakah nanti kira2 akan terkena pajak 12%?",2024-12-31 13:49:12+00:00,negatif
entar juga semua barang ikut naik,2024-12-31 22:11:59+00:00,negatif
"telat telat woy dipasar harga harga udh pada naek bjir, santen kara aja skrg udh 5rb 🤣",2024-12-31 14:50:56+00:00,negatif
"Barang elektronik, spearpart naik boskuu, mungkin awal Januari bakal naik semua termasuk bahan pokok 🙏",2024-12-31 14:33:05+00:00,negatif
"min saran tahun 2025 ini , sampaikan ke kementrian terkait yg berhubungan dengan bantuaan,klo bisa yg data orng kementrian langsung Biar tepat sasaran.",2025-01-01 03:03:03+00:00,negatif
semoga tahun depan gaji guru bener2 naik ya pak 🤲🙏 kita sebagai guru hanya bisa berdoa dan berharap lagi dan lagi,2024-12-31 17:23:30+00:00,negatif
Dapet 😩EMAIL BULANAN WIFI NAEK Lho gimana 😩dahh woy,2024-12-31 19:27:58+00:00,negatif
komen ah biar 1thn yang lalu😹,2024-12-31 13:34:31+00:00,positif
"Aku kerja di Apotek, sebelum tgl 31 sudah dapat info dari PBF terhitung 1Jan harga obat ngikut PPN 12%😌",2024-12-31 15:52:47+00:00,negatif
"min saya UMKM Bidang Kedai Kopi dari kota makassar
apakah fresh milk /UHT,Air Mineral dan Susu Kental manis apa dikenakan PPN12%
Soalnya di daerah saya di distributor sudah pada keluarkan surat ppn12%",2024-12-31 19:20:40+00:00,negatif
"Oh ternyata begini toh, tapi kenapa di setiap grosir dan warung-warung kecil. Malah ramai menaikkan harga sembako dan juga harga-harga kopi Min 😌",2025-01-01 14:57:57+00:00,negatif
Bbrp barang udah ada yg naik duluan😭,2024-12-31 16:21:19+00:00,negatif
intinya dampak nya bakal ke semuanya itu . gaada tawar menawar,2024-12-31 15:08:33+00:00,positif
"min slip gaji gua ada SETORAN PPH 21, itu maksud nya apa ya, tapi gaji gua di tambahkan.!! jadi 😕",2024-12-31 19:33:13+00:00,negatif
Padahal hampir semua kena pajak 12% contohnya: mau beli motor aja udah mulai naik harganya karena adanya kenaikan ppn yang semula harga 27-28jt jadi 30an jt keatas,2024-12-31 14:45:31+00:00,negatif
gw yakin kopi Golda juga akan naik😭,2024-12-31 14:09:35+00:00,negatif
kapan makan gratis ya bg,2025-01-01 05:10:30+00:00,negatif
"sya pedagang pak, dan sdh ad kabar akan ad kenaikan krna ppn, rakyat kecil dn pengecer tetap akn jd korban orng kaya / pabrik2 yg kna ppn 12%, ibarat konsumin makan d rmah mkan yg d kenakan pajak",2024-12-31 20:36:19+00:00,negatif
"izin kritik, PPN naik berdampak ke kalangan atas nih, tapi kalangan atas pasti bakal menaikan barang dan jasa mereka untuk membeli barang dan jasa yg kena PPN.
koreksi kalo ga rapih",2024-12-31 14:10:49+00:00,negatif
"min kenapa saya gak dapet PKH, sedangkan tetangga sy yg punya mobil mlh dapet pkh",2025-01-01 00:44:12+00:00,negatif
min bisa turunin harga adidas ga??,2024-12-31 18:05:40+00:00,negatif
min itu yg lg hangat dibicarakan masalah token gmn min ya Allah nangis dah aku😭,2024-12-31 17:20:39+00:00,negatif
"maaf tanya, kalo tarif internet termasuk ppnbm apa ga kak, soalnya tarif wifi internet naik alasan ppn 12%",2024-12-31 14:22:59+00:00,negatif
"anda tau warung sembako?? yg menjual mi instan, susu dan makanan anak kost lainnya?? semua itu NAIK",2024-12-31 14:43:02+00:00,negatif
tolong admin di Medan banyak sekali badan usaha yang omset milyaran tapi gaji karyawan nya jauh dari UMK sementara pengeluaran banyak sekali,2024-12-31 16:08:03+00:00,negatif
diamond mobile legend kena PPN 12% min🗿,2025-01-02 04:30:04+00:00,positif
"tp mindra sebelum pa prabowo kasih keputusan ..
para tengkulak sembako udah naik duluan 🥺 terutama minyak goreng ..",2025-01-01 02:14:28+00:00,negatif
wifi saya baru bgt pukul 00:00 lngsg ada notif pajak 12% dari yg sehwrusnyw cuman 11%😭,2025-01-01 02:25:55+00:00,negatif
kalau pulau yg di jual kena juga min?,2024-12-31 12:54:05+00:00,negatif
waduh ganjar udah spek up duluan🤣,2025-01-01 01:49:47+00:00,negatif
hai aku dari 2025,2024-12-31 14:40:48+00:00,positif
min obat2an ppn naik 12% apakah hidup menjadi sehat adalah kemewahan?,2024-12-31 13:48:58+00:00,negatif
semua bakal kena efek. apa lagi PT PT besar yg memakai Listrik Dll . walaupun itu yg katanya hanya barang brendit tetep bakal ke rakyat nyampe pajek naik nya 🙏,2025-01-01 00:11:13+00:00,negatif
Padahal sudah ada beberapa sales yang menginformasikan pertanggal 1 Jan 2025 PPN jadi 12%.,2024-12-31 14:50:46+00:00,negatif
"kalo emang kenaikannya hanya utk barang mewah, kenapa disebutnya gak 'kenaikan ppnbm jadi 12%', kenapa malah 'kenaikan ppn jadi 12%'? pajak barang mewah namanya ppnbm bukan?",2024-12-31 22:44:13+00:00,negatif
pak.. gimana nasib kami honorer yg terdata di database.. formasi sedikit.. katanya ada paruh waktu tapi knp keterangan di akun tidak lolos..,2024-12-31 16:13:45+00:00,negatif
bio chef arnold ganti lagi 3x,2024-12-31 12:56:09+00:00,positif
"semua pt, perusahaan sdh mengumumkan ppn naik 12% tiap barang. PPnBM aja yg mau di naikkan yakin pak admin?
kita rakyat sdh mumet pak gaji umr bersaing dg kebutuhan yg naik hrga trs.",2024-12-31 16:17:09+00:00,negatif
alhamdulillah. sehat selalu n panjang umur presidenku,2024-12-31 13:50:38+00:00,positif
min tolong sampaikan ke pak prabowo harga pertamax di tegal Jawa Tengah turunkan lagi sya operator melihat bos sya kasihan g pernah nutup modal krn yg di cari masyarakat pertalite sdngkan usaha bos sy,2024-12-31 13:18:25+00:00,negatif
min tapi barang barang sembako pada ikutan naik jadi 12% min,2024-12-31 16:39:30+00:00,negatif
maaf pak presiden tp di lapangan sembako pada naik coba BPK turun ke pasar biar tau,2025-01-01 01:59:23+00:00,negatif
emang beli obat di rumah sakit termasuk barang mewah ya kok ikutan naik jg😑,2024-12-31 14:22:02+00:00,negatif
"lah ini pada naik tpi, heran saya",2024-12-31 16:19:56+00:00,negatif
jadi klo makan di gacoan msh sama harganya ya min.?,2024-12-31 16:55:07+00:00,negatif
percaya?,2024-12-31 13:26:05+00:00,negatif
"minnn tapi kalau ga naik kok potongan pajak di gaji gw naik min masa dari 90rb jadi 359rb ya alloh😭
ini bukan buzzer ini lillah gw alamin syok banget liat slip gaji desember😭🙏",2024-12-31 13:33:42+00:00,negatif
"untuk pengisian pulsa seperti pulsa listrik,pulsa internet,pulsa telepon,pulsa internet prabayar apakah kena ppn 12% min???🙏🙏🙏",2024-12-31 13:51:29+00:00,netral
Min serius nanya lalu knpa untuk transaksi cex juga ikut naik 🙏,2024-12-31 13:19:00+00:00,negatif
min misal motor 30jt jadi brp yaa totalnya,2024-12-31 13:53:01+00:00,negatif
kepemimpinan Bp kebanggaan Seluruh Rakyat Indonesia.,2025-04-12 08:04:33+00:00,positif
saya yakin beliu hanya 1 periode.,2025-02-01 14:39:47+00:00,negatif
min makan gratisnya mana😡,2025-01-23 14:00:09+00:00,positif
minn... di STNK saya 260k tpi yg di suruh bayar 320k. itu kenapa ya 🗿,2025-02-27 04:32:27+00:00,negatif
ga capek min nulis caption nya? 🥰🥰,2025-01-21 14:54:53+00:00,negatif
pa libur Ramadan 45 betul ga,2025-02-04 13:00:07+00:00,negatif
"pak saya sudah pilih bapak 2x,, tolong pak jalan di kota saya (bengkulu) sumatra selatan.
buruk sekali pak,, kayak kolam lele pak, jalan antar prov pdhal pak🙏 kemana anggaran jalan itu",2025-01-22 04:56:27+00:00,negatif
"min gimana kabarnya, sehat terus min 😆😆",2025-01-24 12:53:14+00:00,positif
minn gue pengen nmax nih lu punya kaga😭,2025-01-21 05:27:04+00:00,negatif
"Gerindra g nya apa
gak jadi libur leee",2025-01-22 04:07:18+00:00,negatif
Boleh ka sya meminta bantuan di sni,2025-04-05 18:53:24+00:00,netral
alhamdulilah semoga bapak presiden prabowo sehat selalu dan selalu di lindungi allah awt amiiin 🤲,2025-02-09 13:12:47+00:00,positif
"Pak srius nanya klu msuk TNI SMA polri emang bayar yah pak ? Soalnya katanya klu mda ada uang kess 250 juta mda msuk mki TNI, trus Sepupuku jga mau msuk polwan di suruh siapkan uang sekitar 600 juta Bru bisa lulus, emang ia pak ???",2025-02-03 00:22:24+00:00,negatif
"tapi bahan belanja, sembako dll naik😂",2025-03-11 14:34:01+00:00,netral
pak saya minta keadilan dalam negri ini pak Prabowo,2025-02-08 01:05:24+00:00,positif
libur 45 hari gak,2025-01-28 13:21:17+00:00,negatif
asalamualaikum saya minta tolong aspalkan n jalan yang di daerah saya di Jawa Tengah kabupaten purbalingga kecamatan rembang desa gunung wuled aku mohon pak semoga di baca,2025-02-26 11:44:21+00:00,negatif
p,2025-01-28 13:20:59+00:00,positif
"Mindraa,,,knpa harga motor fiz R naik padahal bukan termasukk barang mewahh...😭😭😭",2025-01-28 12:01:22+00:00,negatif
"intinya jangan terlalu mengeluh,, nikmati saja program yg ada,,, 👍👍",2025-02-06 09:01:47+00:00,negatif
"min..
gimana pindahin uang 500 jt di pikiran ke rekening....???",2025-01-28 06:34:52+00:00,negatif
libur 45 hari jadi ga min?,2025-01-28 05:55:37+00:00,negatif
Masha Allah. saya baru tau min. saya kira ppn naik untuk semuanya. Maafkan ya min.,2025-02-06 03:35:21+00:00,negatif
pak KLO bulan puasa libur gaa,2025-01-28 05:54:52+00:00,negatif
pak saya punya KTP punya KK tapi tidak punya tanah rumah bantuan apapun tidak pernah dapat apa saya gara gara miskin jadi tidak di akui sebagai masarakat,2025-02-05 19:58:21+00:00,negatif
"turuni harga pokok pak terimakasih,,🙏",2025-01-28 17:48:03+00:00,negatif
"MANTAP PRESIDEN-KUH.
AMANAH SEBAGAI PRESIDEN BENAR BENAR BAPAK TAATI.
KELAK BAPA AKAN SELALU DIKENANG SEBAGAI PRESIDEN YANG DI KAGUMI RAKYATNYA.
SALAM HORMAT DAN SEHAT SLALU UNTUK BAPAK PRESIDEN PRABOWO.👍👍💪💪",2025-01-28 04:18:03+00:00,positif
"tolong pencerahannya, di perusahaan gaji naik wajib libur, tpi potong gaji liburnya, la sama aja gak naik pak gajinya, ya tuhan",2025-01-22 04:55:16+00:00,negatif
KEBIJAKAN DIBERLAKUKAN TIDAK DISERTAI DEAFT DITAIL DAN ATURAN YG JELAS. AMBURADUL,2025-02-25 01:01:19+00:00,negatif
pajak motor maksudnya saya min ada keringanan ngk 😂,2025-01-22 04:27:59+00:00,netral
"min 3 x priode saya coblos bapak, minta tolong sampaikan, ada rumah isi 3 orng anak2 masih kecil2, rumahnya udah dengdek mau roboh, kayu udh pd lapuk, tolong dibantu min",2025-01-27 18:19:11+00:00,negatif
"kecewa bgt karna ga di liburin😭😭😭
udh lumutan loh nunggunya eh malah gajadi😭😭",2025-01-21 02:19:39+00:00,negatif
min bantu min buka message di dm saya,2025-01-21 22:03:14+00:00,negatif
Terima kasih Admin dan semoga saja secepatx dan di edarkan ke kota propinsi dan kabupaten agar kami sebagai buruh dan pekerja bisa bebas pajak Amiiii,2025-02-02 04:13:42+00:00,negatif
min libur 45 hari jadi gk?,2025-01-21 14:45:55+00:00,negatif
kreen pak,2025-02-05 11:33:29+00:00,netral
"@rio Manorek: Ijin salam dari manado, desa nasaret wioi timur kec. Ratahan timur kabupaten minahasa tenggara butuh perhatian dari pemerintah banyak anak remaja putus sekolah karena akses jalan rusak🙏",2025-01-27 17:58:55+00:00,negatif
tolong turunin harga Honda crf pak😏,2025-01-27 17:14:01+00:00,negatif
pak di SMP 1 negeri Kendari kok belum dapat ya,2025-01-21 22:31:50+00:00,netral
permudah kita untuk bayar pajak,2025-01-27 12:55:19+00:00,positif
"anak saya pun masih usia 2 th tapi suami jd pengangguran udh lama banget, coba peruntungan sgala upaya dilakukan tp masih ada penolakan dari perusahaan Besar
syarat lain Slik ojk jelek jadi problemnya",2025-02-05 08:52:10+00:00,negatif
BPJS gimana ni min ?,2025-01-30 04:11:13+00:00,netral
"ya akhirnya ujung2 nya duit lagi,dg alasan dana ini lah,dana buat ngurus itu lah,jadi di itung2 dobel bayar pajak nya,yg harus nya 500rb'an jadi 1jt lebih",2025-01-27 12:49:56+00:00,negatif
"jalan satu tahun,pas mau bayar pajak,ternyata salah satu syarat2 nya,harus ada KTP orang pertama yg punya kendaraan tsb,sedangkan saya tidak tau dan tidak kenal orang tsb,",2025-01-27 12:47:57+00:00,negatif
"kasus nya saya beli kendaraan bekas jenis motor,proses nya lewat cod,masalah nya pas transaksi sya GK minta KTP orng yg menjual nya dan tanpa kwitansi.",2025-01-27 12:45:26+00:00,negatif
gimana sih biar kaya raya min ...??,2025-01-21 12:40:28+00:00,negatif
inti nya kenapa bayar pajak kendaraan ribet,2025-01-27 12:42:12+00:00,negatif
bapaaa sehat sehat pakk.. akuu bangga padaa muuu paakkkk,2025-02-24 05:27:29+00:00,negatif
pak turunin harga ninja ss pak😊,2025-01-27 09:07:47+00:00,positif
pak libur full satu bulan pada bulan Ramadhan jadi gak ya,2025-01-22 13:27:01+00:00,negatif
semangat semuanya,2025-01-29 15:20:43+00:00,positif
"PASAR DAN WARUNG KECIL AJA PD NAIK NOH, ENGOS-ENGOSAN BGT GUE JD IRT KALO BELANJA APA-APA SERBA NAIK",2025-01-21 04:51:45+00:00,negatif
min mau tanya nih.apakah bulan puasa sekolah libur 30 hari.jadi gak?,2025-01-21 16:13:33+00:00,negatif
mendinggg mbr epep,2025-01-21 06:53:58+00:00,netral
tapi kenyataannya omongan menkeu beda dengan omongan presiden. 😏,2025-02-03 13:02:42+00:00,netral
"min boleh tolong saya,pengen pulang ke sukabumi. daya dari kalimantan timur,Bontang. tolong pisan. terima kasih",2025-01-22 05:00:38+00:00,negatif
min apakh bulan puasa ful libur??,2025-01-22 08:56:38+00:00,negatif
min di mana cari yang tulus,2025-03-01 04:56:58+00:00,netral
"jgn lupa pak presiden bpk prabowo yg katanya mau menghapuskan ourtsorsing ,kami para pkerja melalui ourtsorcing sudah tdk betah pak",2025-01-22 14:55:07+00:00,negatif
ku ingin kau jadi milik ku 👇👇,2025-02-03 22:16:47+00:00,positif
min kmi belom dapet makan gratis dan belom hapal senam ank Indonesian hebat minn,2025-01-21 06:36:58+00:00,negatif
"very nice, very good, very weell,, gaskeun 🙏☺️",2025-02-13 09:32:51+00:00,positif
pak turunin harga kopi pal,2025-01-25 02:05:07+00:00,positif
pak kokk dii sinii belum dapat makanan gratis,2025-01-25 05:54:20+00:00,negatif
"tolong min, suami saya kerja bertahun tahun tapi tetap di jadikan buruh harian. tidak seperti perjanjian awal. perusahaan asing dimks. tolong juga periksa perizinannya min",2025-01-25 07:05:08+00:00,negatif
Pak saya kerja di salah satu financing itu kalo ga jualan gaji harian nya di anggap tidak masuk/tdk digaji kerja nya lebih dari 8 jam kita disuruh dateng jam 9 sebelum buka mall pulang closing jam 10,2025-01-25 12:46:20+00:00,negatif
"Min kenapa ya di tempat saya kerja ump naik cuman 4 sekian persen bukan 6,5%",2025-02-04 17:14:57+00:00,negatif
minnn bulan puasa sklh negri liburin dongg,2025-01-22 08:12:56+00:00,negatif
Intinya gak ada yang naik selain barang yang selama ini kena PPnBM.,2024-12-31 12:49:30+00:00,negatif
"Min, percuma ngetik panjang lebar, org indo minim literasi apalagi baca caption🤣",2025-01-01 03:41:37+00:00,netral
😀,2025-02-24 09:48:08+00:00,positif
🗿,2025-01-25 07:27:50+00:00,positif
😭,2025-01-25 07:27:49+00:00,positif
😂,2025-01-22 14:09:15+00:00,positif
😋,2025-01-22 03:11:06+00:00,positif
😁😁😁,2025-02-01 17:22:38+00:00,positif
😃,2025-01-21 08:18:32+00:00,positif
😁,2025-01-21 07:28:26+00:00,positif
"@merieang_ sorry capek ngetik, baca caption aja",2025-02-27 13:40:45+00:00,negatif
😈🥰😈🥰🥰😈🥰😈🥰😈🥰,2025-01-31 03:14:39+00:00,positif
😔,2025-03-15 11:09:36+00:00,positif
♥,2025-01-30 09:18:16+00:00,positif
🥰,2025-01-29 18:41:09+00:00,positif
😁,2025-01-29 16:09:16+00:00,positif
"Min tolong bpk saya.. kerja di Pt, seharus nya gaji bulan ini umr udah naik, ia memang karyawan lain nya sudah di naikin tapi gaji bpk saya sendiri tidak dinaikan min,, dari tahun tahun sebelum nya umr gaji naik bpk saya cuma dinaikkn 2000rupiah .. dn malahan umur blk saya udah masuk +-65th tapi tdk dipensiun kan.. TOLONG MIN🙏🏻🙏🏻🙏🏻 saya tinggal dikepulauan riau-kijang .. @gerindra",2025-02-10 12:24:41+00:00,negatif
🥰,2025-03-14 03:13:59+00:00,positif
🥰,2025-02-26 14:43:07+00:00,positif
😭,2025-01-22 01:16:27+00:00,positif
🥰,2025-01-21 02:07:38+00:00,positif
"@bang zul:Assalamu alaikum,
usulkan pendaftaran cpns 2025
maksimal 37 tahun"" kasian para honor yg diatas 35 tahun mengapdi di masyarakat' mau mendaftar cpns tidak bisa lagi. @gerindra",2025-01-28 18:22:37+00:00,negatif
😅,2025-02-26 12:25:58+00:00,positif
pak tolong dulu aku biar ga di marah @🌷,2025-01-28 15:32:53+00:00,negatif
😭😭😭,2025-01-21 08:42:16+00:00,positif
"@Moch Usep Kuswandi
@abah RBS Terapi fans club
mengucapkan Terimakasih atas kebijakan pemerintah yg pro rakyat pajak masyarakat non barang mewah.",2025-04-12 08:07:43+00:00,negatif
berarti oknum yang menaikkan ppn 12% itu harus di laporkan ya min?🙏,2024-12-31 16:28:10+00:00,negatif
tp harga cabai & minyak udh naik min🥲,2024-12-31 16:26:32+00:00,negatif
min tahun baru kemana,2024-12-31 16:20:26+00:00,positif
realitanya semua pda naik pakkkk😭,2024-12-31 16:12:51+00:00,positif
kalian tau ga harga kuota internet sudah naik?,2024-12-31 16:11:24+00:00,negatif
Miinn gerindra Caption nya kurang panjanggg 😭😭😅,2024-12-31 16:06:25+00:00,netral
Min kalau cape login epep aja yuuuu😘,2024-12-31 16:04:07+00:00,netral
"hari natal ,hari raya id.fitri pokonya hari2 besar pasti pda naik bahan2 pokok& sbginya,tpi klo lg hari2 biasa ya biasa aja harga2 sembako pda turun,nah skrgkan lg taun baru pasti lg pd naik harga2nya",2024-12-31 15:56:01+00:00,negatif
aku makin cinta Ama pak Prabowo minn Ama kamu juga mindraa😋❤️,2024-12-31 15:55:42+00:00,positif
komen ah sapa tau 1 tahun lalu😁,2024-12-31 15:53:02+00:00,positif
Pak harga lipstik omg jg naik dari harga yg biasa nya 25 rb an,2024-12-31 15:48:58+00:00,negatif
Sembako sudah naik gimana ni min?,2024-12-31 15:47:14+00:00,negatif
"Hmm tapi kenyataannya sembako naik, telur beras, minyak, cabe bawang semua pangan naik hmmm",2024-12-31 15:44:52+00:00,negatif
"Tapi netflix sama ppn wifi naik juga pak,td br dapet email",2024-12-31 15:41:16+00:00,netral
semakin joss mantap bapakkkuh🤫✈️,2024-12-31 15:39:42+00:00,positif
1. bahan² pokok itu gbklan naik hrga kecuali jika permintaan lebih banyak daripada barang yg ada ( barangnya sedikit/ langka) apalagi ini byk hari² besar brturut² semakin byk permintaan barangnya,2024-12-31 15:30:52+00:00,negatif
"gaji gak bisa rata.. terpaksa Nerima PPN yg rata,,, Indonesia emas",2024-12-31 15:30:07+00:00,negatif
saking salah faham masyarakat sampai se detail itu mimin jelasin nya😭🥰,2024-12-31 15:24:27+00:00,negatif
"ga mungkin ,liat aja nanti, bakal naik perlahan",2024-12-31 15:16:26+00:00,negatif
"min, kalo ada barang yg ppn nya ttp di naikkan, pdhl engga, itu lapornya kemana ya????",2024-12-31 15:14:50+00:00,negatif
pah kok skrg motor ada biaya obsen si untuk pengambilan STNK sangat memberatkan,2024-12-31 15:11:57+00:00,netral
berarti leptop² gaming gak naik kan min?,2024-12-31 15:08:03+00:00,negatif
Bapak Presidenku 08. Sehat dan selalu didalam lindungan TUHAN YME. Aamiin Aamiin Aamiin ya Rabbal Alamin. 🙏🙏,2024-12-31 15:01:18+00:00,positif
sabar min sabar❤❤❤ caption nya panjang bener minn,2024-12-31 14:45:33+00:00,netral
"nice , hampir jrang ke gacoan",2024-12-31 14:44:57+00:00,positif
selamat malam gaes,2024-12-31 14:44:37+00:00,negatif
aku akan kembali di tahun 2025,2024-12-31 14:31:17+00:00,positif
disini harga sembako Kaya telor sama minyak makin mahal min😭,2024-12-31 14:31:10+00:00,negatif
PPn belum berlaku tapi harga sembako diberbagai daerah udah pada naik,2024-12-31 14:25:34+00:00,negatif
lah di tempat gua harga minyak pun naik katanya epek dari 12%,2024-12-31 14:22:16+00:00,negatif
semangat dalam mencerdaskan mindra 🙂,2024-12-31 14:18:03+00:00,positif
"masih bagus sihh...asal jngan seperti negara tetangga...
tiap kali belanja ada pajaknya juga",2024-12-31 14:16:37+00:00,negatif
Min grin kenapa bpjs ga ditanggung lagi? Biasanya 1 rujukan dari puskesmas kalo smpe rumah sakit daerah 1 tunukan bisa ke poli manapun dalam 3bulan. Skrng pailit 1 rujukan hanya untuk 1 poli.,2024-12-31 14:11:46+00:00,negatif
"min cape yah ??? jangan lupa jaga kesehatan,semangat terus yah dan maafin warga 01 dan 03,pround off you bpk prabowo🥰",2024-12-31 14:05:08+00:00,negatif
"baca captionnya ya masyarakat indonesia, jgn minim literasi terus🤗",2024-12-31 13:51:36+00:00,netral
"2025 ganti rakyat aja..
biar gua yg urus anak abah",2024-12-31 13:49:57+00:00,negatif
SALUT & RESPECT TO MR PRESIDEN 👍👍👏👏,2024-12-31 13:45:25+00:00,positif
"wifi gw dah naik, sebulan ttep 150rb tapi biasany 15mbps jadi 10mbps,, alesany ppn naik pdhal dari dl gak pernh ada ppn knp skrng ada ppn😌",2024-12-31 13:41:59+00:00,negatif
"Min kesepian taun baru sndirian, butuh mayor teddy😌🙏🏻",2024-12-31 13:39:31+00:00,netral
"min, self reward dulu gih. udah lelah kan tahun ini? biar besok fresh😁",2024-12-31 13:39:14+00:00,negatif
"lagi nunggu voucher Shopee, 1.1 gaisss",2024-12-31 13:21:24+00:00,negatif
bapak siapa nih?🥹,2024-12-31 13:17:32+00:00,negatif
aku sayang kamu min.. sehat selalu,2024-12-31 13:12:19+00:00,positif
tahun baru buku baru boleh kali min😝,2024-12-31 13:10:13+00:00,positif
2024 sisa 1 hari lagi tinggalin jejak kalian👇🏻👇🏻,2024-12-31 13:07:12+00:00,negatif
"dengarkan anak anak abah dengan baik dan bijak ya, kalo kurang denger colokin ke sound sistem kasih full volumenya!",2024-12-31 13:06:04+00:00,netral
yes admin gerinda berhasil comeback lagi🥰,2024-12-31 12:59:21+00:00,positif
"Main ke lamongan min, pake pesawat aja soalnya gaada jalan enak🙏😁",2024-12-31 12:55:53+00:00,negatif
taun baruan kemana pakk,2024-12-31 12:52:25+00:00,positif
ke 9 min,2024-12-31 12:47:55+00:00,negatif
pak kapan libur,2025-01-20 09:53:14+00:00,negatif
minn gajadi libur sekola ya entar puasa,2025-01-19 08:27:25+00:00,negatif
min jadi libur kan?,2025-01-18 13:39:30+00:00,negatif
pak turunin harga Pajero dan naikin saya haji,2025-01-18 13:03:26+00:00,negatif
min sekolah gw belum dikasih makan siangg,2025-01-06 13:19:02+00:00,netral
min apa bulan puasa libur,2025-01-06 10:09:39+00:00,negatif
naik lagi naik lagi @akupunnaklah @sigma skibidii @Iwak meletup @Mungkin anda kenal ?        :( @kentut @S @coach basket @MemberKapalKaram,2025-01-06 07:50:00+00:00,negatif
makan siang nya mana min ? 🗿🗿🗿🗿,2025-01-06 06:50:31+00:00,netral
min butuh kepastian apakah bener sekolah libur 1 bulan 🙏,2025-01-05 18:27:09+00:00,negatif
min bener ga min nanti bulan puasa libur 1 bulan,2025-01-05 16:42:48+00:00,negatif
Minn Ramadhan libur full 1bulan dongg biar makinn semangatt😁,2025-01-05 14:18:09+00:00,negatif
pak nanti klo mau liburin sekolah liburkan 2 bulan ya pak✨🥰,2025-01-05 13:30:04+00:00,negatif
tolong hati saya sakit min 😌,2025-01-05 12:43:24+00:00,negatif
min turunin harga iPhone donggg 😳,2025-01-05 11:27:49+00:00,negatif
"min jadi kan liburnya 1 bulan puasa min,,🥺🥺 pliss",2025-01-05 08:37:14+00:00,negatif
12% brp ribu sih?,2025-01-05 07:16:34+00:00,negatif
minn puasa libur 1 bulan plss🥰🥰,2025-01-05 03:52:46+00:00,negatif
"min tolong revisi kembali peraturan bpjs terbaru,masa harus sekarat dulu baru bisa pake bpjs min😭😭🙏",2025-01-05 03:13:33+00:00,positif
"udah mau berbusa mulut bela bapak, giliran ada diskon token 50% malah mereka yg cepet-cepet isi duluan. siapa itu? sodara ku🥰",2025-01-05 00:54:51+00:00,negatif
04.44 ada lawan?,2025-01-04 21:45:02+00:00,negatif
min apa benar bulan puasa libur 1 bulan 😅,2025-01-04 18:23:49+00:00,negatif
minn katanya user gold lane pada greenflag ya?,2025-01-04 14:45:20+00:00,negatif
"SMOGA BAPAK SEHAT2,KAMI BANGGA PUNYA PEMIMPIM SEPERTI BAPAK SEHAT SLALU BAPAK PRABOWO😇🙏AMIN🙏😇",2025-01-04 10:58:33+00:00,positif
minn bulan puasa anak sekolah libur kan MINNNN 🗿🗿🗿🗿,2025-01-04 10:41:18+00:00,positif
"pak saya mau tanya, disekolah ada makanan sehat gratis kah, soalnya di wilayah kami blm ada🙏🙏",2025-01-04 06:32:31+00:00,positif
"LOGIKANYA GINI
300T = 6,5
46T = 1 tahun
3,8T = 1 bulan
128M = 1 hari
gw ambil yg 1 hari aja boleh gak sih?",2025-01-04 04:30:51+00:00,negatif
bg lu cape ya,2025-01-04 03:08:38+00:00,netral
tolong pak permudah cari pekerjaan 🙏 masak loker persyaratannya harus good looking 😅 emng yang jelek gk butuh kerja ngapa,2025-01-04 00:04:43+00:00,negatif
"Bunga melati mekar berseri, warna putih harum mewangi, penghargaan untuk para pemimpin negeri, merah putih tetap tegak berdiri",2025-01-03 19:32:26+00:00,positif
"min apakah gajih rata rata Indonesia tidak akan naik? dari yang 1-5juta itu rata rata nya, jadi 20-25 gitu rata rata nya😁",2025-01-03 16:05:27+00:00,negatif
"Capt nya udh jelas banget, awas aja ya kalo pada ngga ngerti 🫵🏻",2025-01-03 14:11:51+00:00,netral
min bisa donasi pada Palestina gak😓,2025-01-03 11:07:33+00:00,netral
min apakh puasa libur 1 bulan,2025-01-03 11:01:05+00:00,negatif
turunin harga seblak boleh kaliii🗿,2025-01-03 10:44:09+00:00,negatif
Semangat Bapak Prabowo kami selalu mendukung & mendoakan Bapak semoga selalu diberikan kesehatan & keselamatan aamiin,2025-01-03 09:21:12+00:00,positif
"kayu = 5th
ayam = 7th
300T = 6,5th💀
menyala negri ku",2025-01-03 08:35:34+00:00,negatif
"kayu=5th
ayam=7th
300T=6,5th
🗿🗿🗿🗿🗿🗿",2025-01-03 08:26:04+00:00,negatif
kembalikan admin gerinda yang dulu......,2025-01-03 07:46:58+00:00,positif
2025 ganti rakyat,2025-01-03 00:26:27+00:00,positif
"@dan.:kayu = 5th
ayam = 7th
300T = 6,5th💀
menyala negri ku",2025-01-02 23:20:50+00:00,negatif
yang masih percaya sama gerinda dan pak Prabowo silahkan merapat yang tidak silahkan pergi👇👇👇👇👇👇👇👇,2025-01-02 20:45:19+00:00,negatif
@🗯️ @👻 @Kaizanz ★ @🥷 @adly.mumtaz  bnyak bat hoax coo katanya ga jadi eh di pusat jadi,2025-01-02 19:39:53+00:00,negatif
kalo wifi gmn min soalnya kmrn ada info kena ppn 12%,2025-01-02 16:10:48+00:00,netral
pak prabowo minta diamond free fire dobg plisss,2025-01-02 15:16:01+00:00,positif
bansos klu bisa di telusuri lagi min.. lha rmahe bagus ber ac kendaraan banyak kerjaan enak masih zha dapat bansos..,2025-01-02 14:33:58+00:00,netral
"kenyataan di lapangan beda😌 tepung,susu,sabun,minyak,gula telor naik",2025-01-02 14:07:28+00:00,negatif
intinya gini min pengguna wiffi udah ada pemberitahuan pajak naik12% jadi gimnh...tuh .....naik apa kaga pajak nya ..,2025-01-02 14:06:42+00:00,negatif
"Pajak Naik,BBM (Pertamax) Naik. Argo Driver Ojol Turun Min. dan nyata nya di lapangan semua ikut naik. Daya Beli Masyarakat Menengah Ke bawah pasti turun min. bantu ddk perkra mslh ojol min🙏",2025-01-02 13:59:42+00:00,negatif
Min kalo ada tempat yg menaikkan harga barang pokok dgn alasan pajak naik apakah boleh kita laporkan?kira2 bisa dilaporkan kemana ya min,2025-01-02 13:16:14+00:00,negatif
kunyalakan speaker bluetooth buat putar ni video biar suamiku si anak abah terdiam😡,2025-01-02 12:59:35+00:00,negatif
Makasih bpk saya dapat diskon Token listrik 50%🥰,2025-01-02 12:57:21+00:00,positif
"yg naik barang mewah kok.. aku kerja d retail. seperti Smart lock, smart home, diatas 1jt rata2 naik. di bawah harga itu gak naik kok. tapi Krn media menggiring opini.",2025-01-02 11:51:51+00:00,negatif
min puasa sekola libur gak,2025-01-02 11:31:08+00:00,negatif
BBM tetap naik pak apakah juga barang mewah?,2025-01-02 11:17:59+00:00,negatif
"knpa di tiket pesawat nya naik 50% pas turun nya cuma 10% min ,sudah nyaman kali mereka jual tiket pesawat domestik dengan harga mahal ,sedangkan tiket pesawat luar negri murah nya luar biasa",2025-01-02 10:39:30+00:00,negatif
loh min top up game ko pada naik? afakah kena juga?,2025-01-02 10:37:17+00:00,netral
min ilangin itu syarat bekerja yg ada max umur nya😭,2025-01-02 10:08:28+00:00,netral
"kayu = 5th
ayam = 7th
300T = 6,5th🤣",2025-01-02 07:19:42+00:00,negatif
ini emng bener harus ganti rakyat,2025-01-02 06:44:15+00:00,positif
gk kerasa perabowo udh 1 tahun jadi presiden,2025-01-02 06:22:05+00:00,positif
berat badan saya kok ikut naik minn😭,2025-01-02 06:12:29+00:00,netral
tapi kok biaya surat keterangan lulus tes bahasa di kampusku naik jadi 12% ya🥹,2025-01-02 05:58:06+00:00,negatif
"pak disini minyak naik lagi naik lagi, baru juga kemarin naik, eh di naikin lagi knp yak pak, ga sampe satu bulan udh naik lagi ini minyak",2025-01-02 05:49:33+00:00,negatif
"min,hari ini ak byr listrik meteran kwh900 biasanya byr 300rb'an kog skrg jadi naik byr 500rb'an,ak jadi kaget banget sumpah😭,jadi setengah jt...katanya diskon 50%,januari-febuari. Semoga dibls.",2025-01-02 05:33:51+00:00,negatif
pentingnya membaca caption,2025-01-02 04:34:35+00:00,positif
min didesa ku baru aja ada info kalau yang tahun kemarin dapat sembako beras 10kg tahun ini ada pengurangan dari pusat diubah lagi dan katanya belom tentu sebulan sekali dapatnya.. apa bener sepertitu,2025-01-02 03:04:06+00:00,negatif
menuju generasi emas,2025-01-02 02:34:33+00:00,positif
min top up in epep ku minn🗿,2025-01-02 02:33:55+00:00,positif
"min trs dipasar udah pada naik gimana?
mana minyak pas awal 2024 cuman 20-25k pas denger info ppn jadi 40 an🗿",2025-01-02 00:05:30+00:00,negatif
2025 gnti rakyt🤣,2025-01-01 22:44:15+00:00,positif
sudah lega masalah PPN skrng lanjut 271T min,2025-01-01 22:33:55+00:00,negatif
2025 ganti rakyat😭😭,2025-01-01 21:05:29+00:00,positif
Sehat selalu bapak negara,2025-01-01 20:59:53+00:00,positif
jelasin sampe detail min biar kita sambil belajar ga cuman bisa komentar doang☺🙏,2025-01-01 18:01:21+00:00,netral
@pp ramadhan:assalamualaikum pak apakah sekolah akan diliburkan1bulan penuh saat bulan Ramadhan,2025-01-01 17:45:40+00:00,negatif
admin gerindra tanda baca titik koma nya diperhatikan coyy,2025-01-01 17:29:06+00:00,negatif
"kalo untuk menjalankan uu no 7 tahun 2021 tentan hpp, kenapa ga pake pasal 7 ayat 3 dan 4 untuk tetepin ppn jadi 11% ya? bahkan disitu bisa disesuaikan mulai dari 5% sampai dengan 15%",2025-01-01 16:26:08+00:00,negatif
pak presiden perekonomian sembako melonjak pak naik semua 😭kasihani kami pak rakyat kecil🙏,2025-01-01 16:07:35+00:00,negatif
"mending naik gunung , #turunkan harga tiket masuk taman nasional",2025-01-01 15:34:09+00:00,negatif
mie gacoan sekarang ada pajak nya anj,2025-01-01 14:59:19+00:00,netral
"tuh netizen dan buzzer kalo denger apa2 sampe selesai ya , Kelian kadang berita belum tuntas udh main komentar buruk aja , marilah kita jadi masyarakat yg mendukung pemerintah kita , PRABOWO MY JENDRAL LEGEND 🥰🥰🥰",2025-01-01 14:34:44+00:00,negatif
"minnnn ,aku sebagai petani tolong harga obat2tan di turunkan min. mahal sekali harga nya",2025-01-01 14:17:30+00:00,negatif
Katanya ppn hanya untuk barang mewah saja tapi top up game 16rb aja kena pajak 12% hadeh,2025-01-01 13:57:12+00:00,netral
ppn 12% hanya berlaku kepada barang mewah minimal 30 miliar ya?,2025-01-01 13:37:06+00:00,negatif
Seharusnya sosialisasi ini 2 minggu lalu min biar gak simpang siur. Skrg malah makanan warung pada dinaikin dari agen. Agen bilang naik dr distributor. Jd berantakan.,2025-01-01 13:29:58+00:00,negatif
"terima kasih bapak presiden.
semogaa bapak selalu sehat, selalu dalam lindungan Allah SWT.sehat sehat bapak presiden Indonesia.",2025-01-01 13:22:33+00:00,positif
sabar ya min 🗿,2025-01-01 13:12:47+00:00,netral
"kayu = 5th
ayam = 7th
300T = 6,5th💀
menyala negri ku🔥🔥🔥",2025-01-01 13:10:27+00:00,negatif
"tolong perhatikan buruh outsorsing pak presiden,,🙏😭
suami saya hanya supir pergi pagi pulang terkadang smpe jm 12 mlm tp hitungan lemburny gk sesuai😭",2025-01-01 12:40:35+00:00,negatif
"Izin bertanya min. Di caption dikatakan bahwa ppn kendaraan bermotor juga naik. Apakah motor dengan harga kurang dari 30jt (kredit) juga termasuk, min? Terimakasih 🙏🏻🙏🏻",2025-01-01 12:11:42+00:00,negatif
"buat Satgas dan Posko PPN 12%,...
min ingat cerita KUR, wacana di atas bagus bgt, tapi karena gk ada POSKO/SATGAS KUR, smpe d bwh jd KRDT GK USH BAYR",2025-01-01 12:10:13+00:00,negatif
"gua udh tau kalo ppn buat barang mewah tapi anak abah koar"" anj lah🗿🤣",2025-01-01 12:00:43+00:00,negatif
"admin
tolongin teman Bus Makassar
arah ke Bamdara sultan hasanuddin dan stasiun Mandai di hilangkan
kasihan kami yang pekerja
yg menggunakan kesulitan sdh 2 hari",2025-01-01 11:36:59+00:00,negatif
pak bulan puasa apa libur 1 bulan penuh,2025-01-01 11:22:38+00:00,negatif
"@kriee.07:capek banget jadi admin Gerindra, semuanya harus di jelasin ke masyarakat 🤣",2025-01-01 11:00:40+00:00,negatif
sampe panjang lo mimin nya ngetik supaya kalean gak slah eh masih aja ada yg gak paham,2025-01-01 10:54:51+00:00,negatif
"gwa tau kalau ppn 12 % itu bukan usulan dari pak Prabowo, melainkan dari gol merah kala itu.. pak Prabowo hanya menjalankan ketetapan yang harus dijalankan karna peraturan ppn 12% sudah disepakati oleh DPR dan MPR sejak 2021. 😁",2025-01-01 10:05:24+00:00,negatif
doa terbaik untuk bapak presiden tercinta 🥹🫡,2025-01-01 08:45:29+00:00,positif
"Prabowo p nya apa
pria sejati
pria jujur
pria pekerja keras
pria menepati janji kepada rakyatnya
🙏🙏",2025-01-01 08:39:34+00:00,netral
kata ibuku kmrn lombok naik min. tapi yang lebih parah bukan itu. pasar tradisional sekarang sepi banget min. ngelu aku min sbg pedagang duh duh 😭,2025-01-01 08:35:44+00:00,negatif
"Harga harga di pasar pasti ikutan naik, karena banyak yg blm ngerti ppnbm itu apa.. pasti ada aja miss komunikasi di lapangan nya",2025-01-01 08:29:48+00:00,negatif
Ga kerasa pak Prabowo udah setahun jadi presiden.,2025-01-01 08:01:19+00:00,negatif
"apa mereka ga ngerti ya afek timbal balik,, 🤣🤣",2025-01-01 07:43:32+00:00,negatif
"semoga pemerintahan sekarang tetep memintangkan Rakyat,, dan bukan untuk penjabat seperti seblumy 🤲🤲🤲 sehat selalu pak presiden prabowo",2025-01-01 07:32:11+00:00,negatif
tapi minyak goreng ikut2an naik harga nya 😭,2025-01-01 07:13:10+00:00,negatif
silent repost 🙏🙏🙏yg benci bakal ttp benci,2025-01-01 06:41:54+00:00,positif
yang protes ppn 12% mau beli jet pribadi ?,2025-01-01 06:32:06+00:00,negatif
Gimana kalo pajak ekspor impor? Pengen terjun tapi selalu di takuti cukai 🥺,2025-01-01 06:08:45+00:00,negatif
admin nya rajin bgt blsin komen 🤣🤣🤣,2025-01-01 06:08:17+00:00,netral
Tp kok top up kena pajak 12% bang Gerindra?,2025-01-01 06:05:05+00:00,negatif
iphone naik jga ga? itu termasuk barang mewah gasi😭,2025-01-01 05:40:21+00:00,negatif
terima kasih pak presiden 🥰,2025-01-01 05:23:09+00:00,positif
perlahan lahan semua aduan gercep bgt dan pemerintah tau trend issue yang di khawatirkan masyarakat,2025-01-01 05:17:33+00:00,negatif
Turunkan harga shuttlecock pak,2025-01-01 05:12:05+00:00,positif
"gak papa min
yg penting Pertamax dan pertalite harga nya udah turun😍 thanks you",2025-01-01 05:10:35+00:00,positif
"sehat slalu pak 🤲🙏
meski masih bnyk rakyat mu yg SDM rendah blm bisa bersyukur, tp kami yg mengerti sangat² berterimakasih atas smua yg tlah bapak lakukan untuk rakyat Indonesia.",2025-01-01 05:00:24+00:00,positif
"Mindra, aku dapet email dari Megavision PPN naik 12% dan nominal tagihan sudah termasuk PPN 12% perhari ini. apakah wifi termasuk jasa mewah? udah komplen ke akun megavision belum di respon juga..",2025-01-01 04:57:26+00:00,negatif
MIN MABAR ML YUK -1 ROAM NIH,2025-01-01 04:50:05+00:00,negatif
SEMANGATTT MINNN 🔥🔥🔥🔥🔥,2025-01-01 04:45:56+00:00,negatif
harus apakan ini presiden kita😾,2025-01-01 04:44:56+00:00,positif
min pajero atau fortuner? 😁,2025-01-01 04:25:40+00:00,negatif
"coba di kroscek kembali pak, apa betul pajak 12% hanya berlaku untuk barang kategori mewah, soalnya harga motor naik semua, apakah motor termasuk kategori barang mewah??🙏🙏🙏",2025-01-01 04:21:55+00:00,negatif
"maaf min. kalau yang di caption nya ada harga yang yang tadi nya tidak kena PPN 12% itu. trus naik dan ikut PPN itu. gimana tuh. misal bahan pokok lah. terutama beras . yang tidak naik harga. jadi naik. karna dengar isu naik PPN naik, padahal si beras tidak naik. tapi dia ikut naik PPN nya.",2025-01-01 04:08:25+00:00,negatif
2025 GANTI RAKYAT PLISSS🙏🙏🙏,2025-01-01 04:03:59+00:00,positif
tapi kok udha banyak barang sembako pada naik. conth minyak goreng,2025-01-01 03:57:01+00:00,negatif
"min barang mewah itu hanya di beli orang kaya, lalu orang kaya itu pendapatan nya dari berjualan. lalu apakah tidak memungkin kan untuk orang kaya itu menaikan harga produk mereka ? mohon bimbingan ny",2025-01-01 03:47:51+00:00,negatif
"tapi mim, disini info harga tetap naik karena UMR naik, sedangkan aku ni bukan ASN ataupun pegawai swasta..",2025-01-01 03:43:38+00:00,negatif
terus klo yang kenaikan pajak bermotor yg ada 7 pajak dan klo kendaraan baru ada 9 pajak yg dinaikkan menjadi 66% itu gmn? tolong bantu dijelaskan dong @gerindra 🙏🏻🙏🏻,2025-01-01 02:27:12+00:00,negatif
minyak goreng udah naik aja tu pak di pasar 😭,2025-01-01 02:26:48+00:00,negatif
gua malah lebih pokus bacain komentar mindra kasian banget kaya nyesek gitu nahan sabar sabar iya minda😂🥺,2025-01-01 02:18:42+00:00,negatif
sehat2 dan panjang umur selalu bapak 🤗🥹,2025-01-01 02:18:22+00:00,positif
min kenapa gaji saya kena potongan pajak gede ya🥺 saya kerja di outsourcing @Muhammad Helmi @Agung Rhiyadii @babyyyysh @Tiaaaa🐣 @AyyuRinconaldi @Ayana10,2025-01-01 02:16:11+00:00,netral
"6,5th bagaimana?!",2025-01-01 02:12:12+00:00,positif
ada yg tolak PPN 12% tapi ikut berburu subsidi listrik 50% 🤣,2025-01-01 02:08:02+00:00,negatif
"terimakasih Infonya min... banyak beredar VT kenaikan pajak 12% itu diplintir untuk semuanya, ternyata setelah tau viti ini, lega rasanya🙏",2025-01-01 02:07:45+00:00,negatif
"Lope yu min, selamat taun baru. Ada kue ga?",2025-01-01 02:05:44+00:00,negatif
masyaAllah terima kasih pakkk,2025-01-01 01:50:36+00:00,negatif
"sehat""ya pak,semoga bpk pajang umur dan dlm lindungan Allah swt🤲",2025-01-01 01:31:39+00:00,negatif
maaf min untuk penerima sembako yg 16 jt org itu. itu udh termasuk data yg bulan desember kemarin yang dapat apa ada perubahan min,2025-01-01 01:25:55+00:00,negatif
MALU GAK LU YANG KOAR KOAR SAMPE DEMO KEMARIN? HAHAHAHAHA,2025-01-01 01:19:23+00:00,negatif
"mau harga pupuk padi sepadan dengan harga jual pas panen raya padi nya ajah, saya anak petani suka kasian kalo liat orang tua panen tapi harga padi nya GK sepadan dengan harga pupuk dll",2025-01-01 01:13:33+00:00,negatif
Turunkan harga kuota XL pakkk prabowooo,2025-01-01 01:06:07+00:00,negatif
"Saya toko grosir, Tapi hampir semua agen distributor PPN naik menjadi 12%",2025-01-01 00:42:00+00:00,negatif
@ㅤaman,2025-01-01 00:32:45+00:00,positif
min mau tanya apakah ppnbm ini tidak akan merembet ke barang kecil takut nya lambat Laun barang kecil di ikutkan dalam ppn 12%,2025-01-01 00:20:20+00:00,negatif
tiba² banyak yg gabisa baca min🤣🤣,2025-01-01 00:17:52+00:00,negatif
🥰🥰🥰,2025-01-01 00:15:48+00:00,positif
"kira2 bakal ada efek domino nya gak min, yg menyasar ke bahan2 pokok",2025-01-01 00:06:36+00:00,negatif
"Admin mohon ijin saran: hasil pajak juga diberi perhatian khusus untuk orang sakit , difabel fakir miskin terlantar sangat banyak.",2025-01-01 00:03:38+00:00,negatif
"baru saja lewat fyp gue, beras kena PPN min !😭",2024-12-31 23:54:22+00:00,positif
"plis laa cape aku liat komen"", jadi warga indonesia yang lebih banyak pengetahuan, jangan jadi sdm yang rendah, disekolahin susah susah masa ga ngerti sistem gini☺️🙏",2024-12-31 23:37:00+00:00,netral
Yaallah untung gapernah koar2 soal ppn. karna simpang siur berita yang beredar sebelumnya. syukur😭,2024-12-31 23:18:41+00:00,negatif
"Banyak yg ambil momentum disini,terutama pengusaha..pajak belum naik aja dagangan yg mereka jual udah naek dulu di pertengahan desember😂",2024-12-31 23:18:39+00:00,negatif
Min pliss ini udah tgl 1 tadi aku mau isi token listrik 200 rb kayak biasa gaada potongan 50% kayak simulasi yg dijelasin min🥺,2024-12-31 23:18:16+00:00,negatif
"pak Prabowo saya coblos anda wkt pemilu, jangan bikin saya patah hati ya",2024-12-31 23:11:58+00:00,negatif
@bimo:2025 ganti rakyat🗿🗿🗿 presiden udah bener tinggal rakyatnya aja yg blm,2024-12-31 23:09:36+00:00,negatif
2025 ganti rakyat,2024-12-31 20:50:48+00:00,positif
selamat datang 2025 dan selamat datang juga era keluar uang lebih banyak,2024-12-31 20:27:25+00:00,negatif
penanaman modal ga di bahas min?,2024-12-31 20:07:54+00:00,netral
"min turunin rokok surya min, kemahalan soalnya😂😂",2024-12-31 20:06:43+00:00,positif
"sama aja min, nyatanya nanti cek aja di lapangan bener gak cuma barang mewah..?",2024-12-31 19:53:24+00:00,negatif
"Keren pak. Masyarakat kita aja emg kaga jelas banyak mau, banyak ngeluh tanpa baca informasi yg emg fakta alias menolak fakta, nuduh sana sini sangkut pautin hal2 gajelas.",2024-12-31 19:37:18+00:00,negatif
tpi ttp ae beras naik min di pasar beli,2024-12-31 19:37:05+00:00,negatif
Min aku jomblo,2024-12-31 19:29:55+00:00,positif
slamat tahun baru min:),2024-12-31 19:16:40+00:00,positif
"siap kasih kegrup kluarga seklian mau ku recal""lin pendukung abah 🗿",2024-12-31 19:11:56+00:00,negatif
@Fathul akbar amroini @Pica @N¥1985 send teros ke grup 🤭🤭🤭,2024-12-31 19:08:46+00:00,negatif
Sehat selalu bapak presiden ku❤️🫡,2024-12-31 19:08:13+00:00,positif
"Aku mah ga mau protes, pasti ada tujuannya juga untuk kebaikan negeri ini🙏",2024-12-31 19:00:45+00:00,negatif
turunkan harga gacoan,2024-12-31 19:00:37+00:00,negatif
Jogetin ajah oke gas oke gas🤡,2024-12-31 18:57:26+00:00,netral
"lawak sih rakyat nya pak tinggal dibenerin minim membaca cuma fomo lagi 🤭 jelas2 di caption tertera dengan jelas ppn yang masih 0% dan ppn yang naik,baca dengan seksama sebelum ngomen 🤭🤭",2024-12-31 18:52:51+00:00,negatif
"Saya gajian d potong 600k nyesek sih alasan nya pajak taunan,dan dari ribuan karyawan potongan nya beda beda ga merata",2024-12-31 18:50:55+00:00,negatif
bukanya setiap ada event bulanan pada naik?kaya natal lebaran puasa dll,2024-12-31 18:39:04+00:00,negatif
"bnyak yg gagal paham min🤣, maklum masyarakat skrng 🤣🤣🤣",2024-12-31 18:38:15+00:00,negatif
"mimin gerindra gk ada niatan kh buat ngurangin tuh harga barang elektronik
gua mau beli pc mau jadi gamer🤣🤣",2024-12-31 18:13:38+00:00,negatif
"Min i love you, semoga admin gerindra selalu dalam lindungan Allah dan sehat selalu.Salam dari warga daerah NTB,Lombok🤲🏻🇲🇨🤍",2024-12-31 18:11:21+00:00,positif
"Makasiii banyak min, penjelasan nya super lengkap. Semoga ga ada yg salah informasi lagi😭",2024-12-31 18:07:23+00:00,positif
"min, sarangbeoooo 🤏🫶",2024-12-31 18:00:44+00:00,netral
2025 GANTI RAKYAT,2024-12-31 17:54:34+00:00,positif
"wifi mnc naik tuh, udah dikirim edaran nya di Gmail. jadi 12%",2024-12-31 17:50:33+00:00,negatif
min ga taun baruan?,2024-12-31 17:45:31+00:00,netral
salam hormat BPK presiden selamat tahun baru 2025 sukses kabinet merah putih,2024-12-31 17:44:41+00:00,positif
min cape ga? tahun ini ganti rakyat aja yah?,2024-12-31 17:44:26+00:00,negatif
tapi ada edaran kenaikan ppn dari suplier barang untuk perusahaan saya,2024-12-31 17:39:13+00:00,netral
"undah di jelasin panjang lebar, sampe"" di ketik segitu banyaknya, masi aja pada ini itu ini itu, memang warga++",2024-12-31 17:30:12+00:00,negatif
TikTok kenapa jarang free ongkir ya min?,2024-12-31 16:57:37+00:00,negatif
komen ah siapa tau udah 1thun lebih disini🗿,2024-12-31 16:46:29+00:00,positif
"kalo yg sewa kapal pesiar boss utama indomaret gimana min?
Dalam hati boss indomaret: kok harga sewanya jadi naik ya(bergumam dalam hati)?, kalau begitu pemasukan saya juga perlu naik ini 😱",2024-12-31 16:45:08+00:00,negatif
"komen ah biar satu tahun lalu
gini kan min😅",2024-12-31 16:39:49+00:00,positif
komen ah biar 1 tahun yg lalu😹,2024-12-31 16:34:37+00:00,positif
"sbenarnya ini sudah sgt bijaksana
tpi org2 yg pny brang mewah pastiny jga ga mau rugi dg knaikan ppn 12%
smisal bos minyak goreng, ad bnyak aset dan barang mewah ppnny naik 12% alhasil mmutuskan untuk",2024-12-31 16:32:55+00:00,negatif
oke min info diterima. Saya perwakilan desa Cikande Kec. Jayanti akan menyebarkan informasi ini☺️👍🏻,2024-12-31 16:31:59+00:00,netral
"alah min terserah, mau bagaimana pun tetep jadi tukang bangunan, gak punya sawah dan kebon gak dapat bpnt dan pkh, sampai anak dua, malah yang dapat"" kebon cengkeh banyak sawah banyak,",2024-12-31 16:30:52+00:00,negatif
Min kultifasi udah sampe mana ?,2024-12-31 16:29:13+00:00,negatif
"hrsnya udh jls bgtt inii, tp knp ya di desa khususnya desa ku dan lingkungan rantau ku semuanya jadi naik bahkan sembako dan lpg (yg kutau) per januari naik, mungkin perlu ada perluasan berita lg",2024-12-31 16:28:38+00:00,negatif
dahla gaji ku tetap kenak 12% buat bayar anak Abah tak apala,2024-12-31 16:21:36+00:00,negatif
"apaan min di daerah saya cabe beli goceng dikit bgt sekarang, kata abangnya pada naek semuah buk",2024-12-31 16:17:57+00:00,negatif
mlh smua bhan untuk jualan naik semua 🤣🤣🤣,2024-12-31 15:59:17+00:00,negatif
udh pak jangan banyak-banyak nanti anak Abah makin panas🔥,2024-12-31 15:57:41+00:00,netral
"sehat selalu bapak,,,semoga dijauhkan dari orang² yg dzolim🤲😇",2024-12-31 15:53:31+00:00,positif
"pro n kontra pasti ada tp sy pribadi tetap berada di depan beliau karena mmg beliau org yg sgt komitmen,.",2024-12-31 15:49:27+00:00,netral
tidak pernah ada kata menyesal saya menitipkan suara sya ke bapak prabowo dan mas gibran dlm pemilu kemarin,2024-12-31 15:38:40+00:00,negatif
admin gerinda bales komen org akan menjadi 1 tahun yg lalu bener kan min,2024-12-31 15:37:15+00:00,negatif
"minnndraa🥰🥰 pokoknya terbaikk,, aku percaya bapak kita sudah berusaha yg terbaik buat rakyat Indonesia 🥰 sehat"" bapakku🫶🔥🥰",2024-12-31 15:35:11+00:00,positif
"kayu = 5th
ayam = 7th
300T = 6,5th
menyala negri ku",2024-12-31 15:27:47+00:00,negatif
"Sembako naik bukan karena ppn ya adik adik, di pantau tahun tahun sebelum nya, kalo tahun baru, atau ramadhan memang sudah begini, tunggu sampe selsai kalo masih naik baru ngejudge.",2024-12-31 15:27:42+00:00,negatif
halo min ini grab merchant resto makan ada pengumuman kalau januari mau naik ppn ke 12 % apa grab merchant sudah masuk barang mewah? terima kasih.,2024-12-31 15:26:47+00:00,negatif
"ppn mau naik
semua demi negara...saya hanya mohon pada negara tolong tetap utuh😊😊😊",2024-12-31 15:25:35+00:00,negatif
"Cuman caption Gerindra doang yang aing baca sampai selesai,Selain dari ini males 🤣
Sehat selalu Pak Prabowo Subianto 😍",2024-12-31 15:22:05+00:00,positif
ff atau ml nih min?,2024-12-31 15:15:46+00:00,negatif
ahhh yang bener min ini real atau madrid,2024-12-31 15:12:26+00:00,netral
jadi ngebayangin gimana kalo Abah yang jadi🗿,2024-12-31 15:09:12+00:00,negatif
"Min knpa crypto harus kena juga sih🗿, masak tiap hari bayar 12%",2024-12-31 15:06:46+00:00,negatif
min lop yu,2024-12-31 15:06:08+00:00,negatif
@......:komen ah biar 1thn yang lalu🗿,2024-12-31 15:03:10+00:00,negatif
min tolonglah subsidi bbm juga buat ojol . masa subsidi bbm cuma buat plat kuning/angkutan kota. kan driver ojol langsung kena potongan ppn dari setiap perjalanannya .,2024-12-31 14:29:58+00:00,negatif
"Harga air mineral aja naik, apalagi bahan pokok dipasar🥹 kami yg buka rumah makan di daerah kabupaten, susah utk menaikan harga makanannya, takutnya daya beli masyrakat semakin menurun.",2024-12-31 14:26:26+00:00,negatif
"tiket bus naek 30k cuy, kmrn ke Jogja dari Karawang 280k, padahal sebelumnya 250k, ga kebayang lebaran nanti berapa 300k mungkin bisa aja😂😂😂",2024-12-31 14:26:11+00:00,negatif
min harga normal gas yang ijo tuh berapa sih,2024-12-31 14:25:50+00:00,negatif
2025 ganti rakyat 🔥🔥,2024-12-31 14:25:21+00:00,positif
"Bapaaaaak jaga Kesehatan ya 🥺🙏🙏🙏🙏🫶
Trimakasih Bpk Presiden dan Kabinet Merah Putih 🙏🙏🙏🫶",2024-12-31 14:22:55+00:00,negatif
klo pajak mau bli game atau top up tetep kan? 🥺🙏,2024-12-31 14:22:29+00:00,negatif
minn tandaiiin aku bakal balik tahun depannn😗,2024-12-31 14:19:55+00:00,negatif
"selama masih ada rezeki buat beli ga masalah sebenernya..banyak yg jajan bakso melebihi harga beras aja masih mampu,cuma yaa gitu kadang2..buat kebutuhan pokok mah banyak yg perhitungan",2024-12-31 14:19:48+00:00,netral
"min tolong PKH orang tua saya diblokir cuma karna gara2 gak milih kepala desa yg sekarang 😭
gk cuma itu aja semua yang berbaur sama semua bantuan di blokir min udah 6 tahun 🥹
padahal kmi org susah😭",2024-12-31 14:18:29+00:00,negatif
admin gerindra gawe. demi menjelaskan ke masyarakat kita yg tercinta 🥰,2024-12-31 14:17:53+00:00,positif
"Kadang org org aneh, misal ada satu bahan/barang yg naik dikit semua langsung dinaikkan tidak terkecuali. Pas satu bahan itu turun, ga turun lg samsek, pdhal nilai tukar rupiah diluar ttp segitu, ga turun, tp barang didalam negeri tiap tahun atau tiap bbrp bulan ada aja penaikan. Tolong min ini ulah kartel atau gmn? Kek kontol ni kalo emg ada permainan kartel",2024-12-31 14:15:49+00:00,negatif
"tapi kenapa dipasar2 udah pada naik harga mindra, kmrn pas Natal aku belanja snack naik hrg kata penjualnya krn pajak naik 12%, ga bisa berkata2 lagi dah",2024-12-31 14:15:31+00:00,negatif
"BARANG MEWAHHHH RAKYATTTT🥳🥳🥳🥳,LOVE U PA WOWO🥰,tetep bisa beli gacoan ppnnya 11% kan ya 🥰",2024-12-31 14:11:37+00:00,positif
"Mendukung sepenuhnya kebijakan pemerintahan beliau , sing penting bahan pokok jangan awis awis . Harga murah masyarakat bahagia min",2024-12-31 14:06:18+00:00,positif
"minta loker lah min sama bapak. biar orang tua saya bisa pulang ke kampung dan gk bertahun-tahun mencari nafkah di negara orang terus..
loker sekarang pakai batasan usia min.",2024-12-31 13:56:31+00:00,negatif
min @gerindra capek ga? sehat sehat yaaa min :),2024-12-31 13:54:33+00:00,positif
"min,saya mau bertanya boleh? saya kan sempat berdebat sama ayah saya min,terus dia bertanya apakah hukum itu ada atau engga? saya jawab ada min,terus ayah saya jawab tidak ada,terus dia ambil contoh",2024-12-31 13:53:47+00:00,negatif
min kenapa harga kopi pada naik,2024-12-31 13:52:44+00:00,negatif
"cma tnyk ni,hrga internet naik ga yaa krna ppn ni",2024-12-31 13:52:25+00:00,negatif
aku selalu percaya kebijakan bapak prabowo 🥰,2024-12-31 13:52:04+00:00,positif
"tempat gw, penjual nasi udah naik mulai 1 jan 2025 😢",2024-12-31 13:51:34+00:00,negatif
harga RC sama UC pubg kena PPN 12% ga min ?,2024-12-31 13:50:05+00:00,netral
Myrepublic naik jadi 12%.. udah di info di email😭,2024-12-31 13:50:04+00:00,negatif
spotify ama netflix gimana min??,2024-12-31 13:50:01+00:00,negatif
"min, sapa aku min",2024-12-31 13:49:59+00:00,positif
Aku di listrik 2200 va bayarnya mahal bgt 2 bulan terakhir naikkkkk 😭 mengsedih,2024-12-31 13:49:14+00:00,negatif
"min mau beli petasan buat tahun baruan ga di izinin sama emak gua, gimana biar bisa mendapatkan izin min? 🙏",2024-12-31 13:48:46+00:00,negatif
sehat selalu ya min semoga gajinya naik 2× lipat😭💗,2024-12-31 13:48:34+00:00,positif
Naikin harga KARET pak presidenku🙏,2024-12-31 13:48:22+00:00,netral
"min saya mau kredit motor itu bagusnya ambil 1thn,apa seumur hidup",2024-12-31 13:36:46+00:00,negatif
sedia Jazz sebelum hujan min tpi harganya turunin 🥰,2024-12-31 13:36:06+00:00,negatif
"sabar min,yg sayang akan mengerti dan yg benci akan selalu dipandang salah.",2024-12-31 13:34:44+00:00,negatif
serius amat min 🗿,2024-12-31 13:30:37+00:00,positif
"semangat ya min, perjuangan mu sebagai admin saja berat dalam menghadapi masyarakat lejen ini🙂🙏
terimakasih min sehat"" min",2024-12-31 13:29:16+00:00,positif
"semangaat mindraaa🥰 terimakasihh bapakkk🥰 sayang bapak banyak banyak, jadi pengen peluk mindra😂",2024-12-31 13:27:51+00:00,negatif
komen ah biar 1thn yang lalu🗿,2024-12-31 13:27:30+00:00,positif
mantep min sini maen ku traktir ayam geprek,2024-12-31 13:27:11+00:00,positif
sudah d jelaskan dr awal dg gamblang oleh pak prabowo tpmsh sj byk yg slh faham dn menggoreng trs ...love bpk ku 🥰🥰,2024-12-31 13:21:17+00:00,negatif
maaf akuu gak dengerin bapa presiden malahh fokus sama komenannya😭😭😭😭,2024-12-31 13:21:08+00:00,negatif
turunin harga pajero min,2024-12-31 13:20:08+00:00,positif
"Min, udah makan? jangan cape - cape, yah. makasih udah menerima aspirasi rakyat.🫰🏻",2024-12-31 13:19:40+00:00,negatif
Semoga Bapak Presiden Bapak Prabowo bisa menjadikan Negara Indonesia menjadi Negara Makmur di tahun berikutnya 🩷❤️‍🔥🤲💪 aamiiiin,2024-12-31 13:17:43+00:00,positif
"Min salam dari petani tembakau, DARI PETANI UNTUK NEGERI🔥",2024-12-31 13:17:14+00:00,negatif
"min saya beli petasan cabe nitip sama emak, tp yg di bawain malah cabe 1 kg trus buat apaan ini yak 😭😭",2024-12-31 13:16:04+00:00,negatif
taun baru bakar jagung ga min,2024-12-31 13:15:05+00:00,netral
Capek banget jadi bapak ya 🥺,2024-12-31 13:13:13+00:00,positif
tinggalin jejak disini besok udah 2025👇👇,2024-12-31 13:12:49+00:00,negatif
"halo min salam dari Madura
#beccean sadejeh✌️",2024-12-31 13:12:45+00:00,negatif
Pulsa internet & layanan internet rumah (wifi) naik juga gak mindra?,2024-12-31 13:12:05+00:00,negatif
"ngopi yuk min, malem tahun baru nih😁",2024-12-31 13:11:02+00:00,positif
min nanti nonton kembang api pergantian tahun ga,2024-12-31 13:10:55+00:00,negatif
"Harga kebutuhan naikk karena nataru ✅
Nyalahin Presiden atas kebijakan ppn 12% ✅
Blm di baca, udh komen duluan ✅
Dasaarr anaakk Abaah, goreng teross...😌😌",2024-12-31 13:09:32+00:00,negatif
yeayyy akhirnya mindra comeback 🔥,2024-12-31 13:09:13+00:00,netral
Tahun baru puncak dingin min apa itu min?,2024-12-31 13:07:12+00:00,positif
komen ah biar 1thn yang lalu🗿,2024-12-31 13:07:06+00:00,positif
kemarin aku bikin konten kek gini bnyk juga ternyata rakyat kita yang minim akan literasi :(,2024-12-31 13:05:41+00:00,negatif
semangat pak 💪💪💪💪💪,2024-12-31 12:54:42+00:00,netral
komen ah biar satu tahun yang lalu😭😭😭,2024-12-31 12:54:35+00:00,positif
min kampung aku blm ada sinyal smpe skrng kasihan anak2 susah buat bljr online suka mati lampu dan hilang sinyal. ada wifi pake rame2 tp lemotnya minta ampun @gerindra,2024-12-31 12:54:13+00:00,negatif
"Assalamu'alaikum Admin Gerindra.. Mohon di Fikirkan Antisipasi buat Negara Indonesia.. Gimana kalau Negara Kita Seperti Los Angeles..
Ini Serius 🙏🙏",2025-01-21 11:25:25+00:00,negatif
min pilih ole romeny apa Rafael struick?,2025-01-20 22:40:18+00:00,negatif
min emang bener bulan puasa libur 45hari,2025-01-20 14:17:16+00:00,negatif
bismillah puwasa liburrr🙏,2025-01-20 12:40:13+00:00,positif
semangat terus bapak prabowo,2025-01-19 22:36:23+00:00,positif
min aku mau nanya tapi lupa mau nanya apa,2025-01-19 13:28:02+00:00,negatif
pak boleh gak Indonesia membuat peraturan ketat yang menjaga lingkungan contoh membuang sampah pada tempat nya🙏,2025-01-19 10:04:23+00:00,positif
min beneran resmi kan libur 45 hari selama bulan puasa?,2025-01-19 03:40:00+00:00,negatif
jadi libur gak admin?,2025-01-19 03:35:44+00:00,negatif
"min, jadi gak untuk libur 1 bulan penuh pas puasa nanti",2025-01-19 02:10:42+00:00,negatif
min tolong turunkan harga sepatu asic metaris,2025-01-18 17:42:08+00:00,negatif
min pas puasa libur gk?,2025-01-18 10:59:38+00:00,negatif
min orang setia game nya apa?,2025-01-18 08:54:12+00:00,negatif
min nanti puasa libur sekolah gak,2025-01-18 06:49:43+00:00,netral
min pilih Rafael struick atau marselino ferdinan?,2025-01-18 04:39:37+00:00,negatif
min tolong mts setiap hari sabtu libur lah min,2025-01-18 00:41:20+00:00,negatif
min aku kalah sama masa lalu nya 😌😭,2025-01-17 19:06:19+00:00,negatif
min sekolahan orang lain dapat makan gratis lah sekolahan ku kapan minnnnn??,2025-01-17 04:45:41+00:00,negatif
min inpo loker min😁🙏,2025-01-16 13:57:12+00:00,positif
pak makan gratis di daerah Jawa Tengah kabupaten Wonogiri SDN 3 nambang pak,2025-01-16 12:14:06+00:00,positif
Tolong harga tiket pesawat jawa-papua juga diturunkan pak 🥲. LDM dengan suami semakin berat karena memikirkan ongkos pulang,2025-01-16 00:54:37+00:00,negatif
admin kapan ke palembang,2025-01-15 20:08:07+00:00,negatif
"min saya kangen mama saya min, dia pergi ke arab pas 2022 Tapi pas 2023 hilang kabar min udah gak ada kabar sama sekali, keluarga juga gak ada yang tau",2025-01-15 18:22:30+00:00,negatif
min tolong turunin harga sepatu bola lightspeed reborn😭🙏,2025-01-15 13:40:27+00:00,negatif
min kerahkan bangsa indonesia buat ngelike postingan akuh awww,2025-01-15 11:02:18+00:00,negatif
"@Yuvens:min,Buka Makan Gratis Di Sekolah Reformasi Di Ntt
Min.Plisss ✌️🥰🥰",2025-01-15 07:19:30+00:00,positif
"di Sumut aja kab Dairi sampe detik ini gak ada programnya, entah di korupsi gak tau",2025-01-15 00:55:14+00:00,negatif
"min, minta tolong hilangkan razia rambut di sekolah🥺🙏🏼",2025-01-14 14:48:14+00:00,negatif
"minnn bisa ilangin cicak di muka bumi ini ga min, soalnya aku tkut bnget dahh",2025-01-12 13:55:17+00:00,negatif
woy min liburan pas bulan luasa😸😸😸,2025-01-12 12:42:10+00:00,negatif
puasa bener libur gak sih,2025-01-12 11:35:05+00:00,netral
min bulan puasa full libur 1bln?,2025-01-12 10:53:30+00:00,negatif
min turun kan harga montor CRF min 😭😭😭,2025-01-12 08:33:44+00:00,netral
min apa benar bulan puasa libur sekolah 1 bulan 🤩,2025-01-12 06:58:47+00:00,negatif
pak kami belum dapat makan gratis pak 😘😘🥰🥰😁😁🙂😆😆,2025-01-12 05:34:03+00:00,netral
"assalamualaikum...
😞 melihat orang lain mengambil bansos terkadang kita kepingin juga sperti mereka tapi, saya orang awam dan tidak mengerti soal digital jaman sekarang.. mohon di bantu bang'min???",2025-01-11 21:19:44+00:00,negatif
"bismillah, assalamualaikum,
kira kira saya berhak tidak untuk mendapatkan bantuan contoh salah satunya bansos. padahal saya berharap bisa mendapatkannya tapi saya sudah lama tidak mendapatkan..aceh",2025-01-11 21:14:24+00:00,negatif
min mau lapor jalan di kmpung saya udh berpuluh puluh tahun gapernah ke sentuh aspal ataupun cor cor an min jalannya hancur bgt dan gak layak di pakai min lokasi di Lamsel Palas Sukabakti rantau makur,2025-01-11 19:47:10+00:00,negatif
min turunin harga daimon fire fire 😁,2025-01-11 11:54:50+00:00,positif
min di tempat saya bahan pokok ikut naik semua,2025-01-11 01:32:38+00:00,negatif
pak saya belum dapet makanan gratis 😭di junti,2025-01-11 00:30:20+00:00,positif
min emang nya Indonesia keluar dari ASEAN ?,2025-01-10 08:33:40+00:00,negatif
SEKALI LAGII NAIK 12% CUMAN UNTUK BARANG MEWAH!!🆙🆙🆙🆙,2025-01-10 06:21:57+00:00,negatif
pak Prabowo cara fyp gimana😳,2025-01-09 15:07:00+00:00,positif
sperpart motor naik gk min?,2025-01-09 13:12:23+00:00,negatif
lapor ke sini boro2 ditanggapi kekirim aja gk bisa katanya korupsi mau dibrantas kirain gampang lapor disini padahal brikut bukti,2025-01-09 12:42:15+00:00,negatif
"pak kapan ada libur sekolah 1 tahun pak, cape sekolah mulu😭🗿",2025-01-09 12:35:46+00:00,negatif
bapak gua suka banget sama pak Prabowo jir sampe tiap hari pake baju pak Prabowo gk percaya? liat aja akun ya @kang bacot2 (Sihotang),2025-01-09 11:45:43+00:00,negatif
min lebih keren motor scoopy atau beat?,2025-01-09 08:41:24+00:00,negatif
pak tolong hilangkan razia rambut pak tolong 🙏🙏🙏,2025-01-09 08:38:39+00:00,negatif
pak tolong bawakan coach sty ke Indonesia lagi pak😭😭😭,2025-01-09 02:01:02+00:00,negatif
minn bisa ga jadikan sty coach lagiiii?,2025-01-08 22:41:51+00:00,netral
pak makan gratis nya mana kata nya bulan januari🙏🫶,2025-01-08 12:52:05+00:00,positif
@𝖇 𝖊 𝖊,2025-01-08 12:20:31+00:00,positif
min kasi saya uang 600rp dan saya akan bersedia di penjara selama 6menit,2025-01-08 07:12:38+00:00,negatif
pak tolong kembalikan STY😞,2025-01-08 05:52:59+00:00,negatif
"min, kemarin aku like video yg katanya kalo dilike ntar jam 2 dini hari uang datang kerumah ku, tapi ku tunggu smpe jam 12 siang kok ga datang-datang ya😔",2025-01-08 05:00:21+00:00,negatif
HILANGKAN RAZIA RAMBUT DI SEKOLAH!!!!,2025-01-07 14:25:07+00:00,negatif
pak tolong turunkan harga vario 160 biar nanti kalok saya ada uang saya gak cuma beli 1,2025-01-06 13:34:48+00:00,negatif
"pak ko sekolah saya belum di kasih makan gratis, di Rangkasbitung",2025-01-06 13:22:34+00:00,positif
min sekola gw kok belum ada makan gratisnya 🗿,2025-01-06 13:20:26+00:00,negatif
Ipong masuk indo kapan pak,2025-01-06 13:11:48+00:00,negatif
mana makan siang gratis yang kau janjikan pak,2025-01-06 12:28:39+00:00,positif
min plisss bikin aturan yang tegas untuk siswa atau siswi yang memanggil dengan menggunakan nama orangtua itu sangat merusak mental anak dimohon agar tidak di normalisasi kan😊😊😊,2025-01-06 12:22:42+00:00,negatif
makan makan gratis nya di skeolahh saya gak sampe,2025-01-06 12:13:11+00:00,negatif
"min,makan gratis ke desa dulu ini desaku pelosok",2025-01-06 11:51:21+00:00,netral
Min @gerindra tolong bantu gajih untuk guru honor yang belum sertifikasi.Kasian gajih hanya 200rb perbulan. Jangan sampai gajih org masak untuk program makan sehat lebih besar daripada tenaga pendidik,2025-01-06 11:51:07+00:00,negatif
pengen di sapaaaaaaaaaaaaaaaaaaaaaaaaaa😭😭😭😭,2025-01-06 11:18:07+00:00,positif
min disini blm ada makan gratis min 🙃,2025-01-06 11:12:51+00:00,positif
min makan gratis di Jateng kapan?,2025-01-06 10:56:32+00:00,negatif
min kapan makaan gratis🤔,2025-01-06 10:52:52+00:00,negatif
min kok di sekolah gue blum dapat makan siang gratis 😭😭(Palembang),2025-01-06 10:51:20+00:00,positif
@gerindra Tolong cepat selesaikan pembebasan lahan tol Betung - Tempino🙏🏻,2025-01-06 10:24:02+00:00,positif
"kayu = 5 th
ayam = 7 th
300T = 6,5 th😂",2025-01-06 10:12:43+00:00,negatif
pak kenapa kok sekolah saya kok GK ada makan gratis,2025-01-06 10:06:07+00:00,positif
gerinda g apa ye,2025-01-06 10:04:33+00:00,positif
pak kenapa kok sekolah saya kok GK ada makan gratis,2025-01-06 10:00:31+00:00,positif
min turunkan harga pesawat min jadi 2k 5pcs,2025-01-06 09:56:23+00:00,negatif
puasanya libur kaga min,2025-01-06 09:52:50+00:00,netral
min aku enggak gak lulus sekolah SMP 🥺,2025-01-06 09:51:31+00:00,negatif
min di Nusawungu ko belum ada makan gratis,2025-01-06 09:41:02+00:00,negatif
min udh 2025 wishlist stlh tau PPN ga jadi naik apaan nihh?,2025-01-06 09:26:14+00:00,negatif
pak prabowo yogyakarta belum dapet makan gratis.....,2025-01-06 09:13:10+00:00,negatif
cara dapetin mingyu gimana min?,2025-01-06 09:00:00+00:00,negatif
"min info loker buat tmbahan ,soalnya janda anak 2 min 😭",2025-01-06 08:55:19+00:00,negatif
pak sekolah saya kapan makan gratis nya pak ini udah bulan Januari pak kapan makan gratis nya pak😭😭,2025-01-06 08:54:12+00:00,negatif
pak presiden prabowo makan gratis nya belum sampai sini,2025-01-06 08:46:20+00:00,negatif
pak sd ku belom makan gratis,2025-01-06 05:53:26+00:00,positif
min kira² ramadhan libur 1 bulan ga,2025-01-06 05:41:17+00:00,negatif
min kata nya sekolah di indo dapet makanan gratis kok blum dapet sekolah kami,2025-01-06 05:19:24+00:00,positif
min kok gak ada makanan gratis🗿🙏,2025-01-06 05:15:03+00:00,positif
NKRI HARGA MATI🇮🇩♥️🥰,2025-01-06 04:51:02+00:00,positif
minn kenapa di sekolah saya belum dpt makan gratiss,2025-01-06 04:43:44+00:00,positif
min lebih kece madrit atau barca?,2025-01-06 04:00:35+00:00,negatif
"meminta Komisi II DPR RI Mendorong Kemenpan RB,BKN RI
1. Segera Sahkan RPP Manajemen ASN turunan dari RUU ASN NO.20 TAHUN 2023 dan meminta dal",2025-01-06 03:44:21+00:00,negatif
"turunin harga ppn lagi min, kesel saya kena ppn🗿",2025-01-06 03:36:59+00:00,negatif
"assalamualaikum admin gerindra,maaf ganggu waktunya😅oh ya saya mau tanya,emang bener ya bulan puasa kita libur 1 bulan pul.maaf cuman Nayak aja😅🙏",2025-01-06 03:28:09+00:00,negatif
knp sekolah di Mataram blm dapat makan gratis pak🙏,2025-01-06 03:19:47+00:00,positif
min tolong dong sodara saya yg kerja bangunan di ikn ga dibayar min . tolong dong dibantu@partaigerindra,2025-01-06 02:53:07+00:00,negatif
Sulawesi Barat kapan makan gratis nya pak?,2025-01-06 01:20:25+00:00,netral
min emang iya pak prabowo mau resmikan aturan anak dibawah 16 tahun ga boleh punya handphone?,2025-01-06 01:04:46+00:00,negatif
"tolong perhatikan pak.. dinas pendidikan dan kebudayaan .. masa cara kerja .. disdik bgtu jawaban y.. dana blum di ada anggaran ya.. aneh.. trus utk ap anak saya aktivasi dan tinggal tunggu pencairan aj hrus tunggu 1 tahun.. yg lain sudah pada cairr.. cuman anak sya yg blum... ada apa nih..
apa jngn jngn dinas penddidkan y / pihak bank y / juga pihak sekolah ya.. aneh",2025-01-06 00:41:27+00:00,negatif
"ijin.. itu anak saya dapat pip/kip sudah setahun kagak cair cair kenapa pak.. jngn blg sruh ke disdik udh..k keluarahan , pihak sekolah , pihak bank BRI jg sdh.. tingga tunggu pencairan aj blum jg cair , udah setahun lebih.. masa dinas pendidikan ngga bisa liat apa sdh aktivasi k bank sdh.. aneh.. tertulis dana belum masuk.. hadehh.. udh kya ngemis cuman 375ribu aj setahun.. cairr ya lama😏
tolong kerja y dinas pendidikan dan kebudayaan.. masa hrus nunggu setahun lbih blm cair",2025-01-06 00:37:07+00:00,negatif
"min,kata orang pak wowo bilang anak di bawah umur 16 tahun gk boleh pegang hp,apa benar min?",2025-01-05 23:37:18+00:00,negatif
VENOM,2025-01-05 22:30:50+00:00,negatif
"MIN LIBURKAN 1 BULAN PUASa
gw mau ke rumah bapak gw kAngen gw",2025-01-05 22:28:01+00:00,negatif
"🙏tolong tambak udang di indonesia di perhatikan lagi, agar seperti dulu indonesia dikenal sebagai export udang terbesar di asia tenggara. tambak pesisir contohnya sumatera,kalimantan itu banyak tenggelam kena air laut dan gagal panen. kami juga ingi di bangunkan semangat kami dengan fasilitas dari negara🥲 listrik saja siang masih mati harus pakai diesel",2025-01-05 20:03:38+00:00,negatif
"min, pinta tolong jangan ada lagi cerita bawang merah dan bawang putih di dalam tubuh pemerintahan sendiri, semoga di era Bpk prabowo ini, bisa mewujudkan ke adilan bagi seluruh rakyat indonesia kusus nya bagi kaum tenga honnorer yg sdh lama mengabdi, agar bisa di berikan hak yg sama antara pms&pppk",2025-01-05 17:58:03+00:00,negatif
min gimana tanggapan Mimin soal polisi yg tabrak mahasiswa trus meninggal tapi mahasiswanya yang jadi tersangka??,2025-01-05 17:40:29+00:00,negatif
min beneran puasa libur 1 bulan,2025-01-05 17:06:41+00:00,negatif
minn mie enggak ikut pajak kan 😭😭,2025-01-05 16:56:39+00:00,negatif
minn tanya bapakjj prabowooo nantiii kalo ramadhann liburrr yaaa biar lancarr ibadahhh puasa kuu🙏🙏,2025-01-05 16:15:32+00:00,negatif
min kenapa sikap cewe ku beda ya😢😢,2025-01-05 16:09:11+00:00,netral
min coba lihat akun bang @rhival jalan yang sering di lewatinya parah sekali,2025-01-05 16:08:54+00:00,negatif
"min ,puasa 2025 full libur 1 bulan kah?",2025-01-05 16:07:18+00:00,negatif
min emg iya nnti puasa libur 1 bulan?,2025-01-05 15:50:06+00:00,negatif
pak saya belum dapat makan gratis di sditattakwin,2025-01-05 15:18:01+00:00,netral
"apaan kmrin liat pimpinan pln bu sopo iku ngomong jare pln subsidi mengalami kerugian. Tapi anehnya pejabat"" pln pada kaya""",2025-01-05 09:25:41+00:00,negatif
min turunin harga zx 25r jadi 10k aja,2025-01-05 09:24:19+00:00,negatif
yg diperjualbelikan semua kena pajak kecuali oksigen alam 🤡 ALLAH MAHA BAIK,2025-01-05 09:05:14+00:00,positif
"pecah kaca
pecah gelas
lepas baca
harab balas
Assalamu'alaikum",2025-01-05 08:16:23+00:00,negatif
enak ya orang lain bisa tahun baruan . healing jalan jalan . sedangkan saya dirumah terus !!!!!!!!🔥🔥😈🔥🔥 MAAF GA ADIL 🔥🔥🔥,2025-01-05 08:07:32+00:00,negatif
pak turunin harga skincara pigeon donk 🙂,2025-01-05 07:54:03+00:00,netral
Minn emang bener yah kalau nanti uda bulan suci Ramadhan libur 2bulan,2025-01-05 07:42:38+00:00,negatif
min kapan makan gratis nya🙏🗿,2025-01-05 07:15:00+00:00,positif
"Min, di awal tahun pengen kayak orang"" sibuk packing orderan souvenir.
Up kan dong mindra @partaigerindra biar rame🥲",2025-01-05 06:29:50+00:00,negatif
pencarian ku prabwo pecat hakin yang di beri hukuman 6 5 thn,2025-01-05 04:48:58+00:00,negatif
Min identitas ku ada 2 trs ktp sama ijazah beda nama & tgl lahir udah usaha benerin sampe sidang tapi ditolak” aku yang disalahin padahal salah orang tuaa. Jadi ga bisa kerja & lanjut sekolah☹️,2025-01-05 04:16:41+00:00,negatif
min puasa libur 1 bulan ya?,2025-01-05 03:40:03+00:00,negatif
min kalo mau dia harus punya apa?,2025-01-05 03:30:43+00:00,negatif
pa turunin harga motor crf pa,2025-01-05 03:26:48+00:00,netral
"kayu = 5th
ayam = 7th
300T = 6,5th💀
menyala negri ku",2025-01-05 02:55:11+00:00,negatif
tutorial ganteng min,2025-01-05 02:00:38+00:00,positif
"@partaigerindra min turunin harga marlong, anak seimut dan selucu ini bertarung dengan harga marlong yg 40RB sekarang 😭😭😭😭",2025-01-05 01:54:59+00:00,negatif
"kayu = 5th
ayam = 7th
300T = 6,5th💀
menyala negri ku",2025-01-05 01:20:11+00:00,negatif
min tolong turunin harga Milo dong🗿👌,2025-01-04 22:36:56+00:00,negatif
"pak
tp biar bagaimanapun desas desus sudah menyebar,ojek online jg skrg naik LG tarifnya gara2 informasi yg sudah terlanjur ppn naik
tolong normalkan kembali",2025-01-04 22:23:41+00:00,negatif
4 januari 2025 . harga cabe di pasar Ciledug tangerang . tadi we beli 120rb/ kilo,2025-01-04 20:58:21+00:00,negatif
inpo cek khodam min🗿,2025-01-04 19:01:26+00:00,negatif
gerindra g nya apa? gercep!,2025-01-04 18:26:19+00:00,negatif
"Min aku tahun baru gak bisa keluar Krn gak punya pacar ,puny pacar sih punya tapi gak nyata cara bikin nyatanya gimana min",2025-01-04 17:33:24+00:00,negatif
"kayu= 5th
ayam = 7th
300T = 6,5th
menyala negri ku🔥🔥🔥🔥🔥",2025-01-04 17:23:48+00:00,negatif
min ini beneran libur sebulan puasa🙏,2025-01-04 17:18:14+00:00,positif
"Min, tolong coba itu ditengok pegawai BPJS pakenya asuransi, lah kita semua karyawan NKRI “WAJIB, KUDU, FARDU” pake BPJS. Udah gitu karyawannya sendiri bilang alasannya karena faktor kecepatan pelayanan. Mimin pake asuransi apa bpjs nih ??😩🙏🏻",2025-01-04 16:50:42+00:00,negatif
bulan puasa apakah libur min? tolong di jawab,2025-01-04 16:04:37+00:00,negatif
min bner ga puasa libur satu bulan?,2025-01-04 15:58:09+00:00,negatif
min dah 2025 turunin harga tiket dipapua please🥹💔,2025-01-04 15:15:21+00:00,negatif
"kayu = 5th
ayam = 7th
300T = 6,5th
menyala negri ku🔥🔥🔥",2025-01-04 10:27:33+00:00,negatif
min klo kasus penipuan pidananya ap? 😔,2025-01-04 09:49:29+00:00,negatif
min jadi libur bulan puasa nanti?,2025-01-04 08:10:25+00:00,negatif
"min, pecat hakim yang meng vonis 6,5 tahun, buat korupsi 300t, itu ga masuk di akal loh?",2025-01-04 07:38:29+00:00,negatif
min lebih mending mie ayam apa bakso,2025-01-04 06:43:01+00:00,negatif
"min, tolong ubahin dari siang ke malam mi,panas soalnya",2025-01-04 05:10:51+00:00,negatif
"min sampaikan ke bapak honorer daerah yg udah mengabdi puluhan tahun demi menjalankan kebijakan pusat sampai skng blm jelas nasip nya,gaji di bawah umr, masa muda dah habis,bpjs kesehatan tak ad😮‍💨",2025-01-04 04:49:31+00:00,negatif
alat pancing tak termasuk kan min 😂🔥🔥,2025-01-04 03:53:13+00:00,netral
"min, tolong dicek lgi pembuatan paspor, kenapa klo kita mau buat paspor kok antrianya panjang kadang sampai 3bln, tpi giliran pakai calo 3 hari sudah jadi, salahnya ini dimana ya😇",2025-01-04 03:33:04+00:00,negatif
bubarkn pinjol tutup semua legal ilegai ancamanny mau bunuh sekeluarga dan sdh sebarkn data tlng pak presiden yg korupsi triliunan hukumanya ringan km rakyat kecil mau di bunuh,2025-01-04 03:28:53+00:00,negatif
"min itu kenapa PLN listrik yg 2200VH, pnya saya gak dpet discon 50%? setiap ngisi selalu kena harga normal",2025-01-04 03:15:26+00:00,negatif
"sekolah diliburkan ga pas puasa?? soalnya kalo abis sahur nanggung mau tidur soalnya sekolah, tapi ngantuk bgt :(",2025-01-04 02:05:50+00:00,negatif
"min bulan puasa libur ? kalo libur Alhamdulillah soalnya pulang sekolah suka cape min , jadi kalo libur bisa istirahat sama ngelakuin kewajiban juga",2025-01-04 01:54:42+00:00,negatif
min fungsi polisi sekarang tuh apa? cape liat VT kasus polisi ga bener truss🗿,2025-01-04 01:50:47+00:00,netral
bener sih kmrn gua makan makanan di resto pajak ttp 10 prsn kok,2025-01-04 01:47:14+00:00,netral
min puasa libur ga?,2025-01-04 01:42:48+00:00,negatif
"min,tlg.lah bantu naikkan kasus pengadaan obat untuk masyarakat yg 2 bulan lagi mau kadarluarsa di pekanbaru riau min😞🙏",2025-01-04 00:46:32+00:00,negatif
min mau mie goreng ga?,2025-01-04 00:36:00+00:00,negatif
admin tlong gmna ini kok pph21 tmbah mnyala,2025-01-04 00:28:19+00:00,negatif
"pak Prabowo bsa k game2 judol dihps diindonesia,,SDH bnyk istri2 korban gra2 judol🙏😁",2025-01-03 22:15:24+00:00,negatif
min emg selama puasa sekolah libur?,2025-01-03 19:31:12+00:00,negatif
arti mimpi di kejar hantu cina yang lompat-lompat itu apa ya min,2025-01-03 18:32:10+00:00,negatif
mindra 🥺 gmana ya nasib honorer yg ikut pppk hasilnya cuma r3 tanpa L padahal dpt nilai yg lumayan 🥺🥺,2025-01-03 17:22:58+00:00,negatif
"kan UU PPN tidak mengatur PPN harus 12% tapi mengatur batas minimum dan maksimum PPN dari 5% sampai 15%,jadi Prabowo bisa menurunkan PPN sampai 5%,yang jadi pertanyaan kenapa harus dinaikkan?",2025-01-03 16:13:50+00:00,negatif
min cara gk mikirin masa lalu gi mna?? 🤭,2025-01-03 16:00:31+00:00,netral
baca caption guys.,2025-01-03 15:32:49+00:00,positif
min turunin harga ninja ss dong min 😭😭,2025-01-03 15:15:02+00:00,negatif
"selamat jadi presiden,eh itu makanannya gk di ke swasta in?",2025-01-03 14:37:53+00:00,negatif
kira2 tabung dari hrga 55 bakal dinaikkan brpayah sama pedagang 😭,2025-01-03 14:36:53+00:00,negatif
tolong pak hapus os d bumn,2025-01-03 06:24:56+00:00,negatif
min emang bener libur selama sebulan di bulan puasa plis jawab minn😔😔,2025-01-03 06:18:50+00:00,negatif
"Klo ada barang sembako yang naik, mungkin karena ada pedagang nakal kah min ?",2025-01-03 06:12:05+00:00,negatif
"min boleh cerita ngak ,agak panjang sih ,,
jadi gini min,
aku bingung min ,banyak banget bantuan yg lewat dari tahun ke tahun tapi aku ngk pernah dapat ,,, pernah ngadu di RT setempat ngak ada tindakan ,lapor ke RW katanya untuk bantuan tahun 2024 Desember sudah tutup .,pdahal tetanggaku rumahnya gedong semua tp sering dpat bantuan pas ditanyain jawabnya Sudah lama dapat bansosnya .berarti yg dipilih bansos RT RW keluarga nya dlu baru orang lain ,apakabar dengan almarhum ibu mertuaku yg janda dan menghidupi 3anak²nya dari masih hidup sampai meninggal gak pernah dpat bantuan apapun,pas minta akte kematian jawaban dari petugas balai desa ""lho ibunya tinggal disini"" astaghfirullah,,ngelos dada aku pak pak .. gila benerrr desaku,",2025-01-03 06:07:39+00:00,negatif
jadi gimana min Ramadhan besok beneran libur 1 bulan ga?,2025-01-03 05:41:42+00:00,negatif
"mindra biarkan pak prabowo aktif kan darurat militer. saya setuju biar lebih tertata negara inilah. karena kalau militer yg pegang negri ini pasti gak ada yg berani berbuat semena""😁😁",2025-01-03 05:36:24+00:00,negatif
"piring kotor aku numpuk, admin gerindra ngpain aja si!!!😡😡",2025-01-03 05:36:15+00:00,negatif
"kayu = 5th
ayam = 7th
300T = 6,5th💀
menyala negri ku",2025-01-03 04:52:19+00:00,negatif
Pnsran dibalik akun nya ini siapa,2025-01-03 04:51:17+00:00,negatif
"indonesia emas❎
Indonesia cemas✅",2025-01-03 04:48:14+00:00,positif
ppn naik kenapa minyak kita juga naik min? takut nya di salah gunakan min. tolong di tindak lanjuti,2025-01-03 04:47:07+00:00,negatif
baca ni anak abah,2025-01-03 04:32:30+00:00,negatif
"Tolong atensinya tambang galian c milik radik jaya dan dewi ratih ditindak menyebabkan polusi debu, jalan jadi licin menyebabkan kecelakaan, dump truck tidak ada penutup, tidak adanya pembersihan jalan, truck melebihi kecepatan yang cukup membahayakan masyarakat. tidak ada tanggung jawab oleh pt terkait dan meresahkan masyarakat
Gubernur jateng, bupati kendal, camat, kepala desa tidak ada fungsi sama sekali !!
Lokasi : kaliwungu selatan, kab. Kendal, jawa tengah",2025-01-03 04:18:25+00:00,negatif
"min ayam yg buang kotoran d teras tetangga masih berlaku egk min undang2nya, egk punya ayam tapi banyak tai kotok d teras 😩",2025-01-03 04:13:01+00:00,negatif
"pak presiden Prabowo,saya janda anak 3 mohon di hapuskan pajak 12% untuk para janda 🙏",2025-01-03 04:09:01+00:00,negatif
Pak itu kalo bulan Ramdhan asli libur 1 bulan muga aja asli,2025-01-03 03:24:22+00:00,negatif
"sehat panjang umur dan semoga pak prabowo tepat sasaran d setiap kebijakannya, aamiin",2025-01-03 03:22:28+00:00,positif
"Min Mavuika Gacor gak
mau gacha",2025-01-03 03:20:54+00:00,negatif
"token diskon 50% pembelian maximal udah cocok, tapi gosah berbatas waktu lah min, kami kaum mendang mending gak ada duit untuk stok beli maximal",2025-01-03 03:15:10+00:00,netral
"pisik bisa dirubah, materi bisa dicari, hukum di Indonesia bisa di beli",2025-01-03 03:08:38+00:00,negatif
kapan dapat makanan gratis nya,2025-01-03 03:02:41+00:00,positif
minnn kalau aku nge like video ini bisa bikin dia suka balik ga ke aku 😔🗿,2025-01-03 03:00:34+00:00,negatif
Iklan di tiktokshop naik jadi 12% 😭🙏🏻,2025-01-03 02:52:05+00:00,negatif
"min seblak yuk, laper nih, mimin ikut ngga ?",2025-01-03 02:34:45+00:00,negatif
"ah kurang jelas min caption nya,selanjut nya panjangin biar enak di baca🙏",2025-01-03 02:22:21+00:00,negatif
Alhamdulillah,2025-01-03 02:07:55+00:00,positif
"@kmljiyrwe ini yg asli, sblmnya agk keliru kyknya",2025-01-03 02:01:40+00:00,negatif
@bimo:2025 ganti rakyat🗿🗿🗿 presiden udah bener tinggal rakyatnya aja yg blm,2025-01-03 02:01:39+00:00,negatif
pengen deh punya duit 1jt ada solusi ga mindraaa?,2025-01-03 02:00:59+00:00,negatif
"Min aku top up di mobile legends kok kena PPN, emang top up diamond termasuk barang mewah?",2025-01-03 01:52:42+00:00,negatif
Min kapan UMR naik,2025-01-02 23:10:35+00:00,negatif
bahas bpjs lah min buat berobat kok dipersulit masak sekarang cmn boleh berobat dipuskes gk smua puskes lengkap alat nya,2025-01-02 22:35:06+00:00,netral
aq padamu pak,2025-01-02 22:20:35+00:00,positif
"mindra, gimana kalo perusahaan tidak memperpanjang kontrak kerja, tpi tidak mau membayar uang kompensasi, semoga di jawab,amin",2025-01-02 22:05:36+00:00,negatif
"Maaf Pak presiden yth, tolong angkat otomatis honorer yg sdh bekerja d atas 15 taun tanpa tes, dg pertimbangan pengabdian & Usia..... trm ksh honorer rakyat mu juga🙏🙏",2025-01-02 21:18:32+00:00,negatif
mie ayam kena ga yaa minn 😭😭,2025-01-02 19:12:37+00:00,positif
kasian yang udah gembar gembor Maslah ini gak tau nya ini hanya berlaku buat orang² kaya raya 😁🤣😅😂,2025-01-02 18:58:56+00:00,negatif
Gerindra a nya apa?,2025-01-02 18:51:47+00:00,negatif
minn aku kangen jogjaa😭😭,2025-01-02 18:43:11+00:00,positif
min nunggu indonesia lawan bahrain lama amat ya,2025-01-02 18:29:43+00:00,netral
"bahkan mereka yang ngehina Bapak tetap dapat listrik gratis dari Bapak Prabowo, sehat selalu ya Bapak🫶🏻🥹",2025-01-02 17:48:20+00:00,positif
"2025 stop menggalau, mending healing yu min😭",2025-01-02 17:45:56+00:00,positif
min emang bener puasa 2025 libur 1 bulan min?? 🙏🙏,2025-01-02 17:37:04+00:00,negatif
"min router di rumah saya mati trus ngereboot Mulu, gimana caranya min?",2025-01-02 17:35:57+00:00,negatif
"woy netizen budiman, naiknya itu 1% dan itu pun bukan utk kita rakyat jelata",2025-01-02 17:26:49+00:00,negatif
"ayo rakyat Konoha bekerja keras untuk kepentingan pemangku kekuasaan di negeri ini,negara merdeka TPI rakyat masih dijajah dgn kenaikan demi kenaikan setiap tahun",2025-01-02 17:08:16+00:00,positif
"pak terimakasih diskon listriknya , kami sangat bersyukur untuk keluarga yg dibilang yg pendapatannya sehari"" dibilang pas pasan🙏🏻🙏🏻",2025-01-02 16:47:50+00:00,positif
yooo jangan lupa masyarakat baca caption admin yang panjang dan rinci itu. biar ga miss informasi lagi😊,2025-01-02 16:41:04+00:00,negatif
gabut banget min balesin komen komen netizen😭😭😭,2025-01-02 16:39:14+00:00,negatif
"Tdinya wifi kena PPN juga 12%, eh dapet notif lagi gak jdi naik PPNnya👍👍",2025-01-02 16:29:05+00:00,negatif
Harga dipasar pada naik gila semuaa 😭,2025-01-02 16:22:40+00:00,negatif
"yang saya pengen lowongan kerja di PT² seperti tambang persyaratannya di permudah, utamakan skill ketimbang ijazah,biar bisa merata🙏🙏🙏",2025-01-02 16:15:28+00:00,positif
min tahun baru semua skolah libur selama 12 bulan bisa gak min🗿,2025-01-02 16:04:11+00:00,negatif
"tetap aja kena masyarakat kecil min karna PPN sejatinya kena di produksi, distribusi, dan promosi jdi ttp pengaruh di harga barang min apalagi di wilayah timur pasti lebih gila lagi naiknya",2025-01-02 15:56:09+00:00,netral
Nngkrng Dpn Indomaret Sambil Minum Golda Kena Pajak Ga min?,2025-01-02 15:49:17+00:00,negatif
beneran gk nieh min?,2025-01-02 15:42:23+00:00,negatif
cara cepet kaya gimana min?,2025-01-02 15:29:57+00:00,negatif
"sehat"" presidenku 💕 gak pernah sesayang ini sama presiden 😂💕",2025-01-02 15:25:03+00:00,negatif
"lucu deh min, teman teman ku yg dr awal percaya klo semua kena ppn 12%aq jelasin hanya untuk yg mewah dan bergengsi yg kena. tp ga percaya. pas admin gerindra posting alhamdulillah percya.😅",2025-01-02 15:21:27+00:00,negatif
min turun kan harga lightsped rebon,2025-01-02 15:16:56+00:00,negatif
min atau ga redenominasi uang Indonesia aja kan ppn juga naik 12% jadi biar seimbang aja plus kan uang Indonesia bakal jadi lebih menarik lagi dimata-,2025-01-02 12:03:53+00:00,negatif
sekian terima kasih pak🙏🏽,2025-01-02 12:02:20+00:00,netral
Terima kasih pak prabowo diskon listriknya sangat membantu masyarakat dengan era yang serba digital ini🔥🔥🙏,2025-01-02 12:01:22+00:00,positif
"yg bilang sembako naik krn ppn 12%, brarti lo kga paham trennya woy sembako tiap hari raya jg naek kelez 😅 liat aja tar puasa naik lg dah",2025-01-02 11:59:24+00:00,negatif
Info loker BUMN min@gerindra,2025-01-02 11:35:13+00:00,positif
"akun ff aku di suspend, mimin gerindra ngapain aja sih😠",2025-01-02 11:17:16+00:00,negatif
sembako turunin.. minyak telor dll pa.. mohon. ksian rakyat mu. ini sgala naik. pusing blanja warung . aap2 naik,2025-01-02 11:12:02+00:00,negatif
min. misal dapat dana pip sekolah SD negeri. apakah ada potongan untuk biaya untuk pengurus pip. soalnya di SD anak saya itu di pungut biaya adminisitrasi prngurusnya 112.000/siswa,2025-01-02 11:00:58+00:00,netral
min murahin harga hp min aku pengen ganti hp yg baru gk punya uang,2025-01-02 10:48:20+00:00,negatif
"Min ajak bapa prabowo ke Kalimantan Selatan, menghadiri haul Guru sekumpul di martapura malam senin tanggal 5 januari 2025 ini😊",2025-01-02 10:05:45+00:00,negatif
"fisik bisa di rubah,
materi bisa di cari,
hukum indonesia,bisa di beli 🗿",2025-01-02 10:03:34+00:00,netral
"mindra turunkan kejakgung nya min, ganti kejakgung nya sama mindra",2025-01-02 10:02:27+00:00,negatif
nahh gini baru jelas ada penjelasannya kemarin masyarakat pada bertanya-tanya dan hanya mengumpulkan berita hoax😗,2025-01-02 09:40:01+00:00,negatif
MasyaAllah sehat selalu presidenku💙,2025-01-02 09:33:43+00:00,positif
"min upah buru pabrik dari dulu sampai sekarang gak naik"" tolong🙏🙏minn😭😭",2025-01-02 09:22:54+00:00,negatif
hp midrange 5-7 jutaan berarti gak kena ya?,2025-01-02 09:02:47+00:00,negatif
reel pancing shimano kena pajak gak min ?,2025-01-02 09:02:24+00:00,netral
min Kawa Kawa pajaknya naik apa ga😁,2025-01-02 08:31:12+00:00,negatif
"beli es krim aja kenak PPN, belum lagi bensin",2025-01-02 08:25:40+00:00,negatif
min libur bulan puasa jadi ngga ya?,2025-01-02 08:12:37+00:00,negatif
WOY BIO CHEF ARNOLD UDAH NGGAK ADA😭😭,2025-01-02 08:09:57+00:00,netral
"fisik bisa di rubah, materi bisa di cari, hukum di Indonesia bisa dibeli.",2025-01-02 08:09:30+00:00,negatif
min gerindra kapan ini ada lowongan kerja dari pak prabowo itu pengen cpt cpt kerja😭,2025-01-02 08:07:03+00:00,negatif
percaya bgt pak prabowo gakmungkin menyengsarakan rakyat,2025-01-02 08:06:02+00:00,positif
min kapan pak prabowo ke sumatra barat😁,2025-01-02 07:55:19+00:00,negatif
rakyatnya komen pada ngawur min 😂,2025-01-02 07:51:34+00:00,positif
"ini baru namanya runcing ke atas tumpul kebawah..
alhamdulillah gak pernah nyesal dari dlu selalu pilih bapak prabowo.",2025-01-02 07:43:45+00:00,negatif
"minyak goreng, beras???",2025-01-02 07:37:23+00:00,negatif
"cek d lapangan min.token listrik udah naik nih!!
listrik barang mewah ya.?",2025-01-02 07:34:05+00:00,negatif
min kata nenek ku untuk BLT d perpanjang gk seh??,2025-01-02 07:32:42+00:00,netral
"kalian udh liat vt mahasiswa lagi dibagiin duit sblm demo mnolak ppn 12% patung kuda gk wkwkwkwkk real titel ""MAHASEWA"" 🤣 liat di akun NO DEBAT 😩🤣",2025-01-02 06:00:26+00:00,negatif
admin sekarang menguasai segala macam di negri konoha😭,2025-01-02 05:59:41+00:00,positif
"pedagang mesti tau nih biar ga dinaikin harga2 produk kebutuhan pokok, karna didaerah gue beberapa produk kebutuhan udh susah dicari karna diborong org2 pas akhir taun kmrin gara2 takut harganya naik 🙃",2025-01-02 05:43:41+00:00,negatif
Top Up kena pajak ya min? 😹,2025-01-02 05:37:35+00:00,positif
Min puasa nanti libur sekolah gak min??,2025-01-02 05:34:53+00:00,negatif
kenapa visi misi pas pemilu gx ada ppn naik 😂😂😂🤣🤣🤣😂😂😂,2025-01-02 05:23:52+00:00,negatif
ruu perampasan aset gimana min,2025-01-02 05:20:26+00:00,positif
gua yg like pertama. tandain kalau biru,2025-01-02 05:11:20+00:00,negatif
"Tolong pak bantuan pkh, beras dll nya mending dihapus aja pak, kasian yang gak dapet, yg dapet orang nya itu"" aja yang dapet keluarga dan besti"" nya orang desa aja. kasian yang lebih membutuhkan",2025-01-02 05:09:23+00:00,negatif
trimakasih banyak pak Prabowo..sehat selalu dan panjang umur pak..indah sekali kebijakan2 yang mengutamakan kesejahteraan rakyat 🥰. trimakasih para pemimpin yang amanah dan berhati nurani ☺️,2025-01-02 05:06:30+00:00,positif
"Kalian itu kalo gak paham mending diem , bukan nya terima kasih malah nyalahin mulu kerjaaan nya .. kalean aja yang jadi presiden kalo cuma mau nyalahin mulu",2025-01-02 04:59:30+00:00,negatif
real gajadi naik. gw kerja di indofood dicancel harga naik,2025-01-02 04:48:47+00:00,negatif
kenapa wifi ku malah ngasih pengumuman naik 12% ya😌,2025-01-02 04:38:28+00:00,negatif
"info cuy, alight motion premium yg mingguan kena 12%😹",2025-01-02 04:37:08+00:00,positif
mimin ko saya pasang ikalan sh*pee kena 12%,2025-01-02 04:35:09+00:00,negatif
"mindra, paket internet bulanan indosat, kenapa sekarang cuma per 28hari? kemarin per 30hari! apa kena dampak kenaikan pajak ini ya, min? minta tolong ditindaklanjuti, min. mayan selisih 2hari. 🙏🙏🙏",2025-01-02 04:33:39+00:00,negatif
"kapentingan rakyat ???
persetan dengan hal itu semua",2025-01-02 04:21:35+00:00,negatif
min aku kangen dia,2025-01-02 04:14:07+00:00,positif
"mungkin yg masih komen ngeluh ppn 12% itu kemungkinan ada 2 min, orang yg males baca atau memang mereka orang kaya yg punya barang” mewah, soalnya udah dijelasin dicaption jelasss bangettt kan",2025-01-02 04:07:23+00:00,negatif
oh berarti senjata di ep ep naik juga ya min,2025-01-02 04:02:45+00:00,negatif
"naikin pajak pastinya buat makan siang gratis, IKN dan gaji pejabat yang sangat besar itu😂",2025-01-02 03:58:36+00:00,negatif
"ekonomi lemah karena kredit nya mahal pakk..!!!
di thailand bunga paling besar 3% ada 1 % 2,25% skrg.
cari mentri jngn yg gblk,,karna menko adalah kuping dan mata nya presiden",2025-01-02 03:41:24+00:00,negatif
"nggak peduli kebijakan apapun, kecuali ubah persyaratan kerja di Konoha ini yang ribet, gaji GK seberapa, batas usia 25, yang umur di atas 25 ini disuruh mati, padahal lebih bnyak pengalaman.",2025-01-02 03:38:05+00:00,negatif
tahun apa ini min?,2025-01-02 03:36:09+00:00,positif
KNP DILAPANGAN GA SESUAI SEMUANYA JD NAIK TOLONG EVALUASINYA😕,2025-01-02 03:29:51+00:00,positif
izin post di sw min biar pda tau😔🤛,2025-01-02 03:27:44+00:00,negatif
mindra katanya listrik dpt diskon 50% tp kenapa malah bulan ini naik 😭😭😭😭,2025-01-02 03:26:25+00:00,negatif
"Satu langkah lagi tinggal harga BBM yg di turunkan sehingga jasa angkut pangan atau kebutuhan pokok,dapat stabil dan tidak melonjak mahal",2025-01-02 03:18:34+00:00,positif
"Kalau kata gua sih ada oknum yang memanas manasi jadi masyarkat ikut terpengaruh😌😌😌presiden nya udah bener eh malah kepancing sama oknum cari deh min,kmrn gw bela komnt ttg ppn gw di mki2",2025-01-02 03:14:27+00:00,negatif
"miin cek Dm yah. ditunggu min, secepatnya.",2025-01-02 03:14:10+00:00,negatif
Ngetiknnya panjang bgt min.,2025-01-02 00:18:21+00:00,netral
ganti rakyat aja Indonesia ni🗿,2025-01-02 00:14:48+00:00,positif
"cari kerja susah,gaji UMR yang bersaing dengan kenaikan biaya hidup yang apa2 serba mahal. dimana2 masyarakat ekonomi pada sulit,usaha2 banyak gulung tikar. semoga permasalahan ekonomi ini dapat segera membaik",2025-01-02 00:10:29+00:00,netral
pak presiden tolong barang semakin mahal seperti wortel tomat Mengkreng dan buncis semakin mahal pak satu waring pun tujuh ratus lima puluh,2025-01-01 23:59:13+00:00,negatif
Orkay2 pasti ga masalah sih ppn 12% karna mereka emg mampu. 😳,2025-01-01 23:59:11+00:00,netral
min enak jadi konten kreator tiktok atau youtube 🥺,2025-01-01 23:58:29+00:00,negatif
"tuh kan pak prabowo sebaik itu coyy, rakyat nya aja yang bermasalah😔",2025-01-01 23:53:49+00:00,negatif
min yg token 50% beli nya dimana,2025-01-01 23:29:33+00:00,negatif
aku ngerti. mksih pak presiden ku... mengerti rakyat,2025-01-01 23:17:17+00:00,positif
dengarkan itu kaum Abah dan kaum banteng yg suka bikin ga*uh di medsos. tetap semangat pak Prabowo Subianto 🥰,2025-01-01 22:43:36+00:00,positif
"pentingnya baca caption ya guyss biar ga salah paham jgan buru"" comment......😌
ngerti ORA...🗿🗿🗿",2025-01-01 22:23:25+00:00,negatif
kebijakan BPJS juga harus di singkronkan min dengan tenaga nakes yang melayani BPJS biar gak da miskom gitu kalian nakesnya jadi Doble job,2025-01-01 22:03:56+00:00,negatif
sabar ya min sudah berdebat dengan bocil fomo,2025-01-01 21:48:41+00:00,negatif
kapan makan gratis ya PK say ini dari lombok makn gratis ya kapan PK lama,2025-01-01 21:44:04+00:00,negatif
"Pagi MINDRA, Boleh kasi tau info loker buat operator exafator 🙏🙏, Presiden kita punya banyak tambang 🥺",2025-01-01 21:12:26+00:00,netral
Harga kelapa tua di tempatku sekarang 8 ribu. Padahal sebelumnya cuman 5 ribu. Kalau bulan Ramadan pasti naik lagi.,2025-01-01 20:41:34+00:00,negatif
BACA CAPTION YA PARA WARGA RI!!,2025-01-01 20:29:56+00:00,positif
"tapi min tetep we mun rame gini mah bahan pokok teh sok naraek ning, walaupun buat barang mhewwah doang, jangan sampe jadi kesempatan buat oknum-oknum jadi naekin minyak kita sama telor, beras dkk nya.. apalagi gaji suami teu ikutan naek apalaki buruh harian yg upahnya minim,, makin kacekek min 😭",2025-01-01 20:10:36+00:00,negatif
"min tolong bantu emak saya, janda puluhan tahun tp ga pernah dapat bantuan apapun Krn ternyata ada yg mendaftarkan sebagai ketua departemen pertanian🙏🏼",2025-01-01 19:41:14+00:00,negatif
kami sebagai petani rumput Laut memohon untuk menaikan harga rumput laut pak sudah 2 tahun kami menderita dengan harga🙏🙏@partaigerindra,2025-01-01 19:30:30+00:00,negatif
top up game naik juga kan? :(,2025-01-01 19:19:09+00:00,positif
harus kasih tau ibu gua yang garis keras pak anis 😅,2025-01-01 19:10:32+00:00,negatif
"baru juga habis masa training 3bln tpi sudah banyak yg nuntut,, heran dahh,, milih enggk nuntut iya🤣 sehat² pakk press💪🇲🇨",2025-01-01 18:53:04+00:00,negatif
min berarti alat rumah tangga kaya panci dll yang ada pajak nya engga naik jadi 12% kaan?,2025-01-01 18:51:57+00:00,negatif
presiden aing tea🥰,2025-01-01 18:37:40+00:00,positif
"min, ga terasa ya 12 Bulan lagi 2026.",2025-01-01 18:32:02+00:00,negatif
"yang sabar dan panjang umur admin 👌
gw yakin gajih u gede yg sejahtera jg syukuri 😂",2025-01-01 18:21:45+00:00,negatif
"iya min.
tpi setauku ppn naik ga cuma ke barang mewah,maaf min slh satu ny trmsk modal jualan itu naik min",2025-01-01 18:06:09+00:00,negatif
beneran dpt diskon listrik 50%🥰 makasihya pak mempermudah rakyat kecil🥰,2025-01-01 18:04:27+00:00,positif
"kenapa kelopak mataku sakit yah min?.aku tanya miminnya aja, soalnya kalau tanya sama mamakku pasti jawabannya,kalau gak kurang tidur ya kebanyakan main hp",2025-01-01 17:47:31+00:00,negatif
smngat admin gerindra,2025-01-01 14:42:32+00:00,netral
"percuma dijelasin, tetap salah dimata pembenci 😂",2025-01-01 14:40:55+00:00,netral
"admin gerindra ngapain aja sih? piring kotor numpuk, jemuran ga di angkatin🗿🗿.",2025-01-01 14:34:56+00:00,negatif
"tolong uu perampasan asetnya di genjot, percuma pajak ini itu kalo di makan koruptor 😭🙏",2025-01-01 14:30:24+00:00,negatif
"balik nama motor, bayar berapa min ?",2025-01-01 14:29:31+00:00,negatif
"mie goreng sedap udah naik 5k 1 biji min?
waduh kok gtu min:)",2025-01-01 14:15:26+00:00,negatif
"300T gmn woy, bagi2 in ke rakyat 🗿🗿",2025-01-01 14:14:26+00:00,positif
menyala wiii🔥🔥,2025-01-01 14:08:09+00:00,positif
@Real ID:min tolong ajuin permintaan libur sekolah selama puasa🙏🙏🙏☹️☹️☹️🤍🤍 (bantu sampe di notice dong),2025-01-01 14:00:42+00:00,netral
penasaran yg jadi Admin Gerindra. sepil ftonya min,2025-01-01 13:53:37+00:00,negatif
min nobar squid game,2025-01-01 13:50:32+00:00,negatif
"intinya setiap program pak Prabowo Subianto,saya mendukung dan mendoakan supaya berjalan dengan baik,karena pak Prabowo adalah manusia yang tulus dan pemaaf,hati pak Prabowo untuk rakyat ,jadi kita dukung setiap program pak Prabowo supaya Indonesia menuju Indonesia emas🔥🔥🔥💪💪",2025-01-01 13:45:19+00:00,positif
min tlong untk usg biar bs trcover bpjs udh mah sya ptong gji tiap bln stor bpjs gliran mo di pke buat usg ktnya gk trcover. gliran prksa di pkesmas alat usg nya rusak mnta rjukan gk bsa. usg mhal 😭,2025-01-01 13:42:50+00:00,negatif
anak abah : emmm bikin onar apalagi ya🗿🗿,2025-01-01 13:33:22+00:00,negatif
gw stel pidio ini dengan suara paling keras biar mak gw ga ngedumel soal ppn mulu,2025-01-01 13:30:31+00:00,negatif
"cob kak sini mampir ke mah abang kabupaten tulang bawang, tolong dong priksa lurahnya, masa ngga ada perubahan sama sekali",2025-01-01 13:12:06+00:00,negatif
min ko saya ga diskon listrik pascabayar nya malah naik nominalnya🥺 padahal berharap walaupun 50% sangat membantu min🥺🥺@partaigerindra,2025-01-01 12:53:33+00:00,netral
kok pajak diamond ML ikutan naik min 😭,2025-01-01 12:46:23+00:00,negatif
pak makan gratis nya kpn🥰,2025-01-01 12:44:44+00:00,positif
"min,inpo pengin jualan rame😳",2025-01-01 12:36:05+00:00,positif
mantap mindea detail banget,2025-01-01 12:26:15+00:00,negatif
mantab pak wo.. 🥰,2025-01-01 12:26:06+00:00,netral
ternyata begini rasanya punya presiden yg peduli dg rakyatnya 🙌🏻,2025-01-01 12:23:46+00:00,negatif
pajak kndraan yg 66prsen jadi gak pak,2025-01-01 12:22:24+00:00,negatif
Ayo tolong bilangin manufaktur sampe grosir biar barang stok ga naik.,2025-01-01 12:17:22+00:00,negatif
Min bagusan motor nmax atau pcx,2025-01-01 12:16:50+00:00,negatif
"PAAA .. SEHAT"" YA PAK 🥰 APAPUN KEPUTUSAN BP AKU G PRNAH KOMPLEN. .doa ku untuk bp tiap solat bp sehat"" ya 😭😭smga suatu saat bs ktmu bp🥰😭",2025-01-01 12:13:20+00:00,negatif
Tinggal nunggu banding aja nichhh min☕👍🏻,2025-01-01 12:11:57+00:00,negatif
baru tau pendukung abah masi aj iri hati di 2025 😹😹😹,2025-01-01 12:07:15+00:00,positif
presidenku keren 😍,2025-01-01 12:03:24+00:00,positif
Anying top up di ml naik anjirr😹😹,2025-01-01 10:01:37+00:00,negatif
ganti presiden ajalah lagi ngelawak ni orang,2025-01-01 09:48:49+00:00,negatif
"pak suami saya guru honorer kemenag madrasah ,mohon supaya bisa daftar pppk di Thun ini🙏",2025-01-01 09:46:48+00:00,positif
Min gimana sama perusahaan yg melakukan phk tapi tidak memberikan uang pesangon sesuai dengan masa lama pekerja bekerja di perusahan tersebut??,2025-01-01 09:42:26+00:00,negatif
"Min, Susu bubuk bayi dan Pampers kena PPN 12%.. 🙏",2025-01-01 09:27:43+00:00,negatif
"Yng aneh2 jgn di leden mimin,
Udah pasti itu anak abah yng ngarepin nasi garatis juga🤣🤣",2025-01-01 09:23:02+00:00,negatif
tolong yg demo simak dulu penjelasan pak Prabowo..main demo2 aja kalian..kalian kan mahasiswa udah kuliah .. seharusnya paham lah kan..😁😁,2025-01-01 09:21:58+00:00,negatif
"tadi saya bilang liat ini krna bapakku prabowo ini token kita Doble isinyaa,",2025-01-01 09:02:06+00:00,negatif
"Liat aja efek dominonya, syukur2 para pedagang gk ngambil kesempatan ini buat naikin barang2 jualannya",2025-01-01 08:56:01+00:00,negatif
yg jdi vtuber ga kena ppn kan bang? V:,2025-01-01 08:47:09+00:00,negatif
2025 semoga rakyat sejahtera dan makmur dan keadilan bagi rakyat pak prabowo cita cita rakyatmu pak 🥺🥺,2025-01-01 08:46:17+00:00,positif
emang juga yg byk koar2 demo ppn 12% org2 KAYA!,2025-01-01 08:39:39+00:00,positif
"geram bengett liat komentar, 2030 ganti rakyat aja dah",2025-01-01 08:38:16+00:00,negatif
"bner bg ini, kmren blom resmi aja tiba2 harga panci aing ansuran nya udh naik aja 12%🤣🤣
pda manfaatin bgt momen bginian",2025-01-01 08:37:48+00:00,negatif
"anak abah mana mau baca caption sepanjang ini min, mereka tau nya komen komen dan komen😭",2025-01-01 08:37:36+00:00,positif
"min boleh dong usulin untuk biaya kontrakan di jakarta di turunin,kita sebagai anak rantau kerja capek capek di jakarta 10℅ dari gaji uda habis buat bayar kontrakan..",2025-01-01 08:29:04+00:00,negatif
anak abah msh jga gkngerti🙏🙏🙏,2025-01-01 08:11:11+00:00,positif
tapi obat2an juga udah naik 12% pak😭,2025-01-01 08:07:50+00:00,negatif
admin pontek,2025-01-01 08:06:40+00:00,positif
min tp beras minyak kebutuhan pokok semua ikut naik😭😭😭,2025-01-01 08:06:26+00:00,positif
"aku share ke story wa ah, biar pendukung sebelah yg komplain nya luar biasa itu bisa liat.",2025-01-01 08:02:43+00:00,netral
kocak sama orang yang koar koar tapi -literasi,2025-01-01 07:56:08+00:00,netral
kali ini admin gerindra benar benar detil menyampaikan deskripsinya agar tidak ada lagi abah abah yang sinis terhadap pmerintah pak bowo bravo!!,2025-01-01 07:44:26+00:00,negatif
Tapi banyak yg udah nangkep “PPN naik jadi 12%” nya itu loh,2025-01-01 07:38:32+00:00,negatif
orang tulus hobinya apa min,2025-01-01 07:32:44+00:00,negatif
makan gratis nya mana wok😡,2025-01-01 07:32:37+00:00,positif
Ya in,2025-01-01 07:28:24+00:00,positif
"Pa udah dibatalin kenaikan pajak nya juga,tapi rakyat bapa gatau berterima kasih pa,masih pada ngeyel,bilang pemerintah bobrok dll,kenapa ya rakyat Indonesia gtu banget😭sedih ya Allah..",2025-01-01 07:27:55+00:00,negatif
Yokk warga indo lebih suka baca lagi biar ga salah sangka🗿,2025-01-01 07:26:09+00:00,negatif
lets gooooo,2025-01-01 06:13:43+00:00,positif
macam tak betull🗿,2025-01-01 06:09:42+00:00,netral
"GALAK
SAMA RAKYAT
JINAK SAMA
KORUPTOR",2025-01-01 06:09:29+00:00,negatif
"apakah bisa di percaya, kasus kemaren aja belum selesai🙂",2025-01-01 05:56:33+00:00,negatif
Mimin udah ngetik panjang lebar eh masyarakatnya males literasi 😭,2025-01-01 05:54:35+00:00,netral
Kakakku kerja di Perusahaan di tambang Amnt . Katanya gaji nya kurang krna kena PPN 12% Pdhal gajinya gak nyampe 4jt potongannyan sampe 600rb,2025-01-01 05:47:51+00:00,negatif
"min aku gedek sama saudara2ku,bikin sw bakar2 caption tulisanya welcome 2025 welcome ppn 12%,trus saya ss komen mimin trus saya tulis sw aman?dia malu gk ya min",2025-01-01 05:47:46+00:00,negatif
semua sekrng malah mahal ....yg miskin tambah miskin yang tambah kaya ...gmn ini pak,2025-01-01 05:46:37+00:00,negatif
"Setelah masalah ini, golongan ternak orang stress parkir air malah berubah haluan fitnah Jokowi korup😹😹😹",2025-01-01 05:40:50+00:00,negatif
"min,katanya ppn 12% hanya untuk barang mewah? kok mau bayar wifi kena ppn 12%🥺 @Agung Surahman @gerindra",2025-01-01 05:40:41+00:00,negatif
"Mana nihh anak2 Abah yg kerjanya ngeluh doang dri jauh hari kmrin, pada ngilang kah🗿",2025-01-01 05:39:13+00:00,negatif
"terimakasih pada mahasiswa yg rela turun kejalan,para K-POP dan buat netizen yg udah TTD petisi yg sampe ratusan ribu orang 🥺",2025-01-01 05:36:42+00:00,negatif
"min mau nanya,aku beli paket 2 hari lalu kok kena ppn 11% ya? padahal paket internet 😞😞",2025-01-01 05:35:22+00:00,negatif
"Apaan cuma barang mewah, Indihome gua udah naik 20rb",2025-01-01 05:32:27+00:00,negatif
Selamat Tahun Baru buat Bapak Presiden kami juga Buat seluruh Team Admin Gerindra. 2025 Menyala 🔥🙏🏻🥰,2025-01-01 05:30:01+00:00,positif
"@botanikitchencoffee woiii orang yang berwawasan tinggii, denger nii. hilangin dulu anti lu ke bapak, dengerin ini!!",2025-01-01 05:27:44+00:00,negatif
Bursa efek indonesia kena juga 12% 🗿,2025-01-01 05:25:59+00:00,positif
min sekarang cari kerja susah karena banyak aturan yang gak sesuai dengan logika yaitu syarat syarat masuk ya,2025-01-01 05:25:21+00:00,netral
@ameliasnh baca dan dengerin baik baik,2025-01-01 05:24:05+00:00,positif
Temen gua ada yg anak abah kan posting2 naik ppn 12% padahal dia gak tau njir yg di kenakan ppn yg mana aja😂,2025-01-01 05:22:02+00:00,negatif
"mau kasih masukan ajh, pengangguran di indonesia hampir 80%. kenapa ngga bkin lpangan kerja sperti cntohnya kita kan kaya emas berlian,carikan tempat tambang emas trus di olah oleh negara untk rakyat",2025-01-01 05:19:55+00:00,negatif
internet aja udaaa naik pajak nya lol,2025-01-01 05:19:22+00:00,negatif
obat juga kena kah min? soalnya saya sales distrbutor obat dari perusahaan sudah mengumumkan per 1 januari 2025 ppn 12%,2025-01-01 05:17:47+00:00,negatif
"GINI MIN, SAYA KEMAREN DIKIRIMIN KENAIKAN HARGA PRODUK AJINOMOTO YANG DIKARENAKAN KENAIKAN PPN INI, MEMANG PRODUK AJINOMOTO BARANG MEWAH? KALOK MAU BUKTI SAYA SIAP KASI BUKTI",2025-01-01 05:17:08+00:00,negatif
menyala presidenku 🔥🔥🔥,2025-01-01 05:12:24+00:00,positif
"ya smga Aja bener buat barang mewah...
jngan aja nanti seiring waktu berjalan tau naik smua..
soalnya PEJABAT KITA PINTER NGIBULIN RAKYA..
karna ini yg naik ppn dri 11% ke 12%",2025-01-01 05:09:50+00:00,negatif
Pak Prabowo banyakin loker dong 🥺🙏🏻,2025-01-01 05:07:08+00:00,positif
"min knp kur ku gk lunas"" yaa😌 capek banget ngangsurnya,padahal gk ikut makek uangnya 😩",2025-01-01 04:56:48+00:00,negatif
Apakah untuk pembelian unit mobil di bulan Desember akan di kenakan PPN dan opsen min.??,2025-01-01 04:54:01+00:00,negatif
"pak saya mau tanya nenek nyuri kayu buat kehidupan penjara 5 tahun & Denda 500 JT Kok korupsi negara 300 T Penjarah cuma 6,5 tahun & Denda 1M Sih Bisa dijelaskan pak 🗿",2025-01-01 04:52:36+00:00,negatif
min tolong berantas korupsi,2025-01-01 03:28:52+00:00,negatif
wifiku ikut naik pak wkwk. tapi pasti itu oknum yg memanfaatkan situasi 😂,2025-01-01 03:27:43+00:00,netral
"berarti ppn 12% hanya akan dikenakan pada barang dan jasa yang dikenakan ppnbm, dan untuk barang yg tidak kena ppnbm Artinya ppn nya tetap 11%, dan untuk barang pokok 0%, begitu kah? @gerindra",2025-01-01 03:25:41+00:00,negatif
@Ars noh lu liat sendiri aja bang. males gw ngejelasin k orang sakit hati. 🗿,2025-01-01 03:18:23+00:00,negatif
"please mindra...
kayanya harus ada edukasi secara mendalam terkait kenaikan ppn 12% ini.",2025-01-01 03:17:28+00:00,netral
t t tapii harga listrikk PLN knp ikut naik juga min? harga inc 12%😭 Listrik juga kebutuhan dasar dari Rakyat. Ya emang sih 2bulan Diskon 50% tp rakyat ga hidup dengan 2 bulan😭,2025-01-01 03:13:34+00:00,negatif
"min uda min, ah kesell bangun bangun liat gaji gajiku turunnnnnnnn gajiku turuunnnnnnnnn grgr pajaakkk KECEWAAA!!!",2025-01-01 03:13:24+00:00,negatif
Mau beli token PLN aplikasi PLN mobile nya eror trus dari pagi tadi min mana token udah menjerit cuman mau pastiin dpt diskon atau gak sih 😭,2025-01-01 03:11:21+00:00,negatif
Pakkk😭😭😭🥺🥰 sehat terus ya Pak...🥰🙏 panjang umur... saya percaya Bapak yg presiden terbaik dan akan selalu memberikan yang terbaik bagi rakyat🥰,2025-01-01 03:08:49+00:00,positif
emang hanya presiden Prabowo sih yg mementingkan rakyat ❤️,2025-01-01 03:08:07+00:00,negatif
coba post di twitter😏😏,2025-01-01 03:07:54+00:00,positif
WAHAII MANUSIA PINTAR TOLONG CERMATI DAN BACA CAPTIONN!!!,2025-01-01 03:04:05+00:00,positif
min galau nih,2025-01-01 03:02:51+00:00,negatif
"bapakkk sehat sehat ya pak, pasti capek bgt🥺",2025-01-01 02:58:31+00:00,negatif
I LOVE YOU SEKEBON PAKKKKK,2025-01-01 02:57:27+00:00,positif
tapi min ko tarif tagihan wifi saya ikut naik PPNnya saya dapat emailnya @megavisionid,2025-01-01 02:57:10+00:00,netral
"sabar min sabarrr, emang gitu kadang-kadang anak abah, goreng sana sini 😭😭",2025-01-01 02:56:52+00:00,negatif
"token listrik diskon 50℅, aku langsung isi 600 ribu.. bisa di pake 3 - 4 bulan itu🤣🤣 alhamdulillah.. awal tahun langsung berburu diskon token.. Terimakasih pak🙏",2025-01-01 02:54:31+00:00,negatif
"tiket pesawat bisa turun ngga min🥺? th 2021 masih solo -bth 800k, thun 2022 - sekarang dah 1.8 klo lebaran 2.3",2025-01-01 02:53:51+00:00,negatif
Ganti rakyat aja lah min 2025 ni😌,2025-01-01 02:53:12+00:00,positif
"Berarti secara garis besarnya
Barang/jasa kebutuhan pokok akan tetap 0%
Adapun yg 11% akan tetap berlaku dan tidak ada perubahan,
Sementara untuk yg kenaikan 12% hanya untuk barang/jasa mewah.
Gini bener kah?",2025-01-01 02:50:01+00:00,negatif
"walaupun udah di jelasin dari pemerintah, tetap selalu ada pedagang yang selalu pake kalimat *kan ppn naik, jadi harganya naik* jadi sebenernya,yang main harga pengepul ke pedagang,pedagang ke pembeli",2025-01-01 02:46:06+00:00,negatif
kalo beli hp iphone 15 gimana ? kena juga gak 😅😭,2025-01-01 02:44:28+00:00,negatif
"admin gerindra yang gemoyy, yang sabar yaa buat ngadepin orang yg selalu nge tag mimin ttg triliun triliun kalo sabar rejekinya lancarr",2025-01-01 02:43:54+00:00,negatif
"gula aja satu karungnya sudah 860 ribu, sebelumnya 820ribu brrti ada kenaikan 40 disini, kami sebagai warung kecil kena dampaknya maka dari itu barang jualan kami pun kami sesuaikan dengan modal pasar",2025-01-01 02:43:05+00:00,netral
😹,2025-01-01 02:41:35+00:00,positif
alhamdulillahhhhhhh. terimaa kasihhh pak prabowoo,2025-01-01 02:40:13+00:00,negatif
kalo dm ff kena pajak ga min?,2025-01-01 02:34:36+00:00,negatif
"Ppn naik hanya d barang tertentu, tapi terkadang akan jadi permainan pasar kasian org perdesaan perdesaan kadang sembako dll pada naik, harus adanya sidak dll",2025-01-01 02:33:12+00:00,negatif
Alhamdulillah dari awal gapernah menghujat 🤏 sangking percayanya sama pak prabowo,2025-01-01 02:31:50+00:00,positif
indomi masih 3000 kn,2025-01-01 02:06:10+00:00,negatif
GULA PAJAKIN PLISSS,2025-01-01 02:05:58+00:00,netral
"astaga gua telat satu tahun buat komen min, btw Happy New Year 😌",2025-01-01 02:04:44+00:00,positif
tapi min kenapa mie instan kopi dan santan naik harga ditempat saya,2025-01-01 02:03:02+00:00,netral
"sehat terus yaa pak,bapak harus kuat dan sabar menghadapi rakyat2 bapak ini🫶🫶🫶",2025-01-01 02:02:43+00:00,positif
@geraldvincentt bahas mas,2025-01-01 01:59:50+00:00,netral
amanlah ya min klo buat anak kost huhuyy🥰,2025-01-01 01:59:49+00:00,positif
sumpah pada ga liat sampe akhir gitu langsung komen dasar fomo,2025-01-01 01:57:54+00:00,positif
mantap min harus di tulis detail buat para netizen yang gagal paham😁,2025-01-01 01:57:21+00:00,negatif
iya bagus.. klo rakyat ngk koar2.. bkl tetep naik utk smua..,2025-01-01 01:56:13+00:00,negatif
Min… di 2025 Utk Satgas Stanting tiap provinsi dan daerah sudah tidak diperpanjang kontrak nya…. Pengabdian nya Selesai begitu saja.. #Penganguran meraka Min #Mohon BantuanSolusi🥺,2025-01-01 01:55:16+00:00,negatif
@HayAlea ngko nek nang psar rehone mundak alesan ppn kari njawab wonh rasido munggah ppn og hoo alesan ae🤣🤣,2025-01-01 01:53:48+00:00,negatif
"yg komen ppn naek sembako naek , beras mana yabg di angkut pake jet hah ?",2025-01-01 01:53:39+00:00,negatif
nah gitu dongg,2025-01-01 01:53:38+00:00,netral
Bapak sehat selalu yaa.. apapun yg terjadi bapak tau yg terbaik untuk rakyat.,2025-01-01 01:52:28+00:00,positif
Min g bisa di copas aja infonya mau tak buatkan story aja selama berbulan2 biar mrka PAHAM nanya melulu nnti ke aku😂,2025-01-01 01:49:07+00:00,negatif
"Yuk, +62 tingkatkan literasi kalian. 😘",2025-01-01 01:47:31+00:00,positif
Awoakwowkoak detail banget captionnya😭🙏🏻,2025-01-01 01:47:29+00:00,netral
"min, semalem bakar bakar dimana min? ora ada info ini 😁",2025-01-01 01:45:58+00:00,negatif
@virgo♍ @Bubble beeew,2025-01-01 01:45:09+00:00,positif
"adminnya dah ngetik panjang lebar eh masih ada aja yang ngetik ""barang lain kaya sembako pasti ikut naik""😭😭😭",2025-01-01 01:44:17+00:00,negatif
baca caption nya nohhhh😏😏,2025-01-01 01:44:09+00:00,positif
yang kemaren protes langsung ganti nama akun😭😂,2025-01-01 01:42:58+00:00,negatif
captionnya jelas bgtt🔥😍,2025-01-01 01:42:50+00:00,positif
Pliss baca caption ya teman teman🥰,2025-01-01 01:41:19+00:00,positif
"Berarti yg kemaren2 demo itu orang2 kaya semua yg minta ""Tolak kenaikan PPN""😂",2025-01-01 01:41:10+00:00,negatif
intinya masalah apapun prihal apapun kita harus sabar nanti juga ada penjelasan dri presiden jangan terburu buru karena presiden bnyk urusan ga bisa lngsng semua tangan dia cuma 2 semangat bapakk 🫶🏻,2025-01-01 01:40:45+00:00,negatif
apaan njirr semua barang naik,2025-01-01 01:40:33+00:00,negatif
min mau nanya knp ya saya dapet bantuan beras dari pemerintah yg diambil ke desa tapi kemalamaan gk bisa diambil trs bsok nya di ambil trs. petugas nya bilang udah ada yg ambil udah 2 kejadiany,2025-01-01 01:39:59+00:00,negatif
@akbarprmn01 te jdi kabeh naek eyy,2025-01-01 01:38:04+00:00,negatif
mampir yuk para kakak ke akun ku ✨,2025-01-01 01:15:01+00:00,positif
HRSNYA KMRN GW BORONG ESKRIMMMMMM😠😠😠😠😠,2025-01-01 01:14:08+00:00,negatif
min mama ku tinggal d ladang bambu gak kerja bapak ku gak kerja karena faktor usia tpi dri aku kecil sampe sekarang gak dpt bantuan klaim bantuan kayak beras gtu d mana klaimnya? tpi semua yg saudaranya kerja d lurah dapat agak heran sih cuman ya gtu lah min,2025-01-01 01:11:59+00:00,negatif
"heran SDM indo rendah sekali, apa apa informasi tidak dibaca cermat..
fomo dan tidak di pelajari dengan benar..
Semoga anak muda bangsa ini tidak ikutan fomo dan bisa memilih mana informasi yang benar dan salah.
bijak menggunakan teknologi itu penting.
sehat sehat terus pak Prabowo dan orang baik lainyaa💗",2025-01-01 01:11:17+00:00,negatif
gk heran lagi ini warga indonesia paling bar² bjirr,2025-01-01 01:03:56+00:00,negatif
"@WickedWoohoo:soalnya kementerian & presiden infonya beda, menurut DJP di KT-03/2024 barang yang naik itu bukan barang mewah, tapi menurut presiden barang mewah.",2025-01-01 01:03:41+00:00,negatif
"kalo argumennya ""halah sembako juga naik"" ingat ya guys belakangan ini ada natal, tahun baru, awal puasa, yg mana semua org butuh sembako, kembali pada hukum permintaan, harga akan cenderung naik jika permintaan tinggi, itu kenapa harga sembako selalu naik",2025-01-01 00:57:16+00:00,negatif
@AL,2025-01-01 00:55:47+00:00,positif
@🐳 amam cuy,2025-01-01 00:55:24+00:00,positif
AKU LIAT KOMEN YG MERASAKAN SENGSARANYA PPN NAIK ITU KITA KITA YG BENER BENER MERASAKAN,2025-01-01 00:53:58+00:00,negatif
semangat bapak jendralku. banyak angin topan menerjang tp kau tak gentar🔥,2025-01-01 00:51:16+00:00,positif
"min gmn nih ak janda anak 1 umur setaun, orang lain kemaren PD dapet bansos kok ak gadapet ya min, daftar di apk cek bansos pun gabisa alamak masalahnya UMR di kotaku cm 2.1 sedangkan harga"" jual",2025-01-01 00:50:59+00:00,negatif
"WOI BACA INI SEMBAKO NAIK ITU MEMANG SETIAP TAHUN DAN HARI BESAR ITU DAH BIASA, APALAGI MUSIM HUJAN GINI BANYAK PANEN GAGAL. DAN PRESIDEN TU NGAJARIN BUAT MEMAKMURKAN UMKM KALO KALIAN BELI DI MALL",2025-01-01 00:49:08+00:00,negatif
@bimo:2025 ganti rakyat🗿🗿🗿 presiden udah bener tinggal rakyatnya aja yg blm,2025-01-01 00:44:43+00:00,negatif
"aku tinjau dari komenan yg ngerasain ppn naik itu ya kita kita yg bnr bnr ngerasain, yg setuju sama kenaikan ppn semua berdasarkan opini pribadi njir, mirip buzzer",2025-01-01 00:42:21+00:00,negatif
"logam mulia (LM) emas antam/ubs, termasuk barang mewah gak minnn ?",2025-01-01 00:41:31+00:00,negatif
berapa nanti hakim diakhirat hisab nya😑,2025-01-01 00:39:38+00:00,netral
"🥺🥺🥺 makasih pak🙏, maafkan org2 yg kmren kurang sabar 🙏",2025-01-01 00:39:20+00:00,negatif
DENGAR & BACA TUH!!! AHH DEMO DOANG LU BISANYA!!,2025-01-01 00:38:48+00:00,negatif
"Gapapa saya setuju² aja pajak naik 12%. Cuma balik lagi ke rakyat kaya Rumah Sakit gratis, Sekolah gratis, pembangunan jalan merata, udah gak ada lagi jalan yg bolong² lah.. GIMANA BISA GA??",2025-01-01 00:37:26+00:00,negatif
tuhkan ppn 12% buat yang sultan sultan aja jirr,2025-01-01 00:36:45+00:00,negatif
MOTOR YAMAHA NIO BARANG MEWAH APA BUKAN MINDRA???,2025-01-01 00:33:17+00:00,negatif
dan yap warga X tidak akan melihat video ini😌🙏,2025-01-01 00:26:05+00:00,negatif
@ponitac @greg.kevin @ikansepat @jms. @matchaaaa,2025-01-01 00:24:31+00:00,negatif
terlalu banyak yng digoreng dengan pajak 12% :((,2025-01-01 00:22:08+00:00,negatif
"Tapi lu mikir gakkk, ini bakal berdampat sama kenaikan harga barang dan jasa lain yg ga termasuk kategori mewahhh",2025-01-01 00:21:16+00:00,netral
Min hari ini gue ulang tahun.. gamau tau bls pake vt 🫵,2025-01-01 00:21:09+00:00,positif
"yang koar2 nya malah orang yang gapunya kategori barang2 di atas, yang pada punya diem2 ajaa ademm ayem",2025-01-01 00:20:03+00:00,negatif
min bio mewakili banget kalo mimin bukan avatar kali yaa 😭,2025-01-01 00:19:09+00:00,negatif
"dari tahun ke tahun mau dari presiden siapapun juga ada saja yg menggoreng seperti telur dalam kuali yg salah....
bumi bulet,bukan lonjong aplgi jajar genjang,dikira gemblong...hehehe",2025-01-01 00:17:11+00:00,negatif
"Tolong di tonton sampai habis, dan di baca keteranganya sampai selesai ya.",2024-12-31 23:23:43+00:00,negatif
"min klw soal gaji dan kesejahteraan bagi pekerja ART secara pribadi yang gajinya masih minims banget / pun lewat yayasan yang potongannya besar di awal itu gimana min ,",2024-12-31 23:22:44+00:00,positif
"terimakasih ya buat admin untuk pemberitahuan barang"" apa saja yg naik ppn nya, sy sebagai IRT yg awalnya merasa was-was karena blum ada kepastian tentang kenaikan ppn ini akhirnya merasa lega skrng.",2024-12-31 23:21:48+00:00,negatif
"Guys, kalian tolong jangan malas baca caption nya ya☺️",2024-12-31 23:16:45+00:00,negatif
"ganti rakyat aja min, susah bener di suruh literasi😞",2024-12-31 23:16:24+00:00,positif
"untuk pemerintah tolong di sidak pasar pasar seperti bahan pokok, sudah banyak yg di naikan harganya 😭🙏🏻",2024-12-31 23:13:22+00:00,negatif
"prinsip mah selagi bekerja punya uang y beli, kalo g y udh jangan memaksakan intinya y kerja keras aja g ush cacicu toh dri dlu semua² naik jg kalian masih bisa makan masih hidup sampe skrng, banyakin rasa syukurnya jangan ngeluh wae",2024-12-31 23:12:37+00:00,netral
Untung Magnum filter gak naek lagi,2024-12-31 23:11:15+00:00,negatif
mega korupsi pak perhatikan uga☺️,2024-12-31 23:10:28+00:00,positif
"serius mau tanya, saya kerja di perusahaan manufaktur dan mengurusi invoice dr para supplier. Apakah pembelian bahan baku untuk suatu perusahaan naik jd 12%? karena dari bulan desember awal",2024-12-31 23:08:53+00:00,negatif
"ada baca beberapa makanan naik mengatasnamakan pajak naik, bahkan pembelian yang menggunakan qris ada yg menghitung pajak, itu gimana min? contoh, pabrik besar kue mengumumkan harga naik karena pajak",2024-12-31 23:08:36+00:00,negatif
tapi pin saya ada email dari tiktok ppn naik jadi 12%,2024-12-31 23:05:12+00:00,negatif
"terimakasih bnyak min dan pak prabowo smngat terus bekerja untuk indonesia dan rakyat indonesia untuk lebih baik dan maju lagi. semoga admin sehat pak prabowo juga sehat2, pokoknya sehat2 orng baik dan yg punya hati nurani yg pro rakyat yg adil. semoga tetap amanah selamat dunia dan akhirat aamiin 😇😇",2024-12-31 23:02:19+00:00,positif
min lu kalo diajak main ml tetep softspoken kgk?,2024-12-31 22:58:15+00:00,negatif
"Assalamualaikum Min,,Selamat pagi selamat tahun baru,,Sehat selalu yang sabar ngadepin Netizen ya 🥰🥰🥰",2024-12-31 22:57:54+00:00,positif
"SEHAT TERUS YA PAK🙏🥰 BIAR BISA JADI PRESIDEN 2 PERIODE 💙
AMIN🥺🤧",2024-12-31 22:57:15+00:00,positif
Sekedar info min harga beras sama telur di pasar naik padahal bukan premium 😭 tolong disidak lagi min harga barang pokok di pasar-pasar,2024-12-31 22:56:24+00:00,negatif
noh dengerin kmrn yg heboh mslh ini,2024-12-31 22:56:20+00:00,negatif
min copot hakim yang vonis 6.5 tahun,2024-12-31 22:53:57+00:00,negatif
"Mindra,,jangan naik"" ya,capek nnti,,",2024-12-31 22:53:51+00:00,negatif
pak prabowo Terbaek emang dah singkat padat jelas gak kyk dia yang bertele tele dan berujung tidak🙂,2024-12-31 22:46:50+00:00,negatif
ok kita liat kedepan ny semga mmng gak ada pengaruh buat rakyat miskin ..krn klo smpe berpengaruh gimn nasib merka yg di bwh gris miskin..,2024-12-31 22:46:17+00:00,netral
"ka mnta tolong smpaikan supaya psr dn kewirausahaan offline lainnya bs rame sprti dlu sblm adanya online,soalnya kasian sm bp ku ekonomi ny turun drastis sring 3 h ga laris,sring jg sehari dpt 10 rb🥲",2024-12-31 22:44:09+00:00,negatif
min didaerah saya grosir toko2 sembako jajanan udh ngasih list harga kenaikan per 1 januari 2025 katanya dampak dr kenaikan pajak 12% .... gimana tuh? harga juga gak kira2😭 awas aja kalo emang ada oknum yg menaik2kan karena masyarakat tidak semua paham😭😭,2024-12-31 22:44:07+00:00,negatif
min harga diamond mobile jend naik gak min?,2024-12-31 22:40:27+00:00,negatif
mantap min penjelasan di caption lengkapp biar ga terjadi lagi kesalahpahaman yang akhirnya bisa menjadi kontra,2024-12-31 22:39:40+00:00,netral
"pada minim literasi jirr, ga minim lgi sih tpi pada males literasi",2024-12-31 22:38:54+00:00,netral
Skincare juga naik 🥺,2024-12-31 22:29:02+00:00,negatif
harga kendaraan yg tadinya 28juta thn 2025 jdi 30jta😭,2024-12-31 22:28:55+00:00,negatif
"percayalah jika hidup masih di persulit itu tingkah bawahan presiden, dan presiden juga ga tau permainan di bawah, tp rakyat yg selalu menyalahkan presiden,
contoh kecil : ""makanan gratis masih di mintai uang"" (itu masih contoh kecil)",2024-12-31 22:26:01+00:00,negatif
"wahai masyarakat yg ganteng dan tidak sombong, mohon dibaca captionnya sampai habis biar ga ada lagi kesalahfahaman
untuk harga barang yg sebelumnya udah naik ppn nya 12%, itu cuman akal""an-",2024-12-31 20:42:56+00:00,negatif
@none,2024-12-31 20:41:19+00:00,negatif
"Yah padahal tadi pagi temen gua udh bikin story kalo besok bangun tidur langsung kena 12%, mau ketawain boleh ga si?🤣🤣",2024-12-31 20:35:18+00:00,negatif
"gas poll pak presiden..
yg nolak"" ppn naik itu pasti orng"" yg punya bnyk usaha dan kendaraan mewah, kita masyarakt jelata mah serahkn sepenuhnya kepada bapak presiden🔥",2024-12-31 20:32:40+00:00,negatif
"tolong harga telur 1 kg di kampung ku sudah 36 RB min ,, menjerit aku kaum anak kos😫😫",2024-12-31 20:25:41+00:00,negatif
min kalo konser bts termasuk kena pajak gak nanti 🥰,2024-12-31 20:19:40+00:00,positif
sembako ko jadi ikut naik ya?? contoh telor yg tadi ya sekilo 26 ribu sekarang jadi 34 ribu itu ko bisa naik ya 😭😭 duit pas pas an 100 ribu gak ada artinya 😭😭😭😭,2024-12-31 20:19:23+00:00,negatif
"trimaksih pak prabowo saya dpet kelebihan pengisian token listrik.. apa yg bapak janjikan subsidi token benar"" rill
sehat selalu",2024-12-31 20:18:08+00:00,positif
lucu rakyat Konoha banyak tuntutan ke presiden tapi pajak naik ke 12% persen udh di goreng goreng kalian pikir negara tidak membutuhkan anggaran kinerja yg akan dijalankan tidak membutuhkan anggaran,2024-12-31 20:17:49+00:00,negatif
logikanya kalau emang cuma buat barang mewah kek jet pribadi dll kenapa naeknya cuma 1 % ? naekin aja 75% toh mereka kaya 🤷,2024-12-31 20:15:12+00:00,negatif
"apakah Indonesia ini bisa jd negara maju? sedangkan rakyatnya aja SDM nya miris, lihatlah japan, japan bisa jadi negara maju karena rakyatnya SDM nya tinggi bukan ngandelin pemerintah doang.",2024-12-31 20:12:48+00:00,negatif
"tapi liat aja pasti ada oknum oknum yg beralasan karena PPN naik 12%. nah kalo kejadiannya seperti itu bisa dilaporkan atau tidak? dan kalo bisa, dilaporkannya kemana?",2024-12-31 20:11:36+00:00,netral
Nah gini dong pak pres biar lebih jelas gitu,2024-12-31 20:11:06+00:00,netral
"Banyak oknum mengatasnamakan PPN naik imbasnya k mna², baru dengar PPN naik jadi 12% bensin yg semula ny di jual 13rb tiba-tiba naik jadi 15rb bahkan ad yg jual 20rb yg membuat orng2 krisis Bensin",2024-12-31 20:09:20+00:00,negatif
"yg gak suka beliau bakal tetap nyinyir apapun kebijakannya, karena mereka hanya melihat dari sudut pandang negatifnya saja😊 @Ika wahyuanti putri",2024-12-31 20:04:20+00:00,netral
"gaji mimin naik 12% juga g sih, upah ladenin warga 😁",2024-12-31 20:03:52+00:00,negatif
malu ga si yg kmrn koar²🤣🤣,2024-12-31 20:03:48+00:00,negatif
"pulsa hp naik cuy. tadi nya beli 50rb bayar 51rb, jdi bayar 52.500. 😂🤣",2024-12-31 20:02:02+00:00,negatif
"@gerindra kalau bisa bansos/pkh di ilangin aja, di ganti supsidi bahan pokok makan dongg, disini ngga adil yg dapet bansos org berada semua",2024-12-31 20:01:41+00:00,negatif
bapak ku @piapio🍩🥧,2024-12-31 20:01:25+00:00,positif
"min, klasemen Manchester united naik atau turun min? sekarang lagi turun klasemen min😁",2024-12-31 19:56:54+00:00,negatif
min 😭😭😭😭😭 aku capek 🤌,2024-12-31 19:56:03+00:00,positif
"min,tlg sidak jalan2 yg blom di aspal karna daerah pekanbaru khususnya garuda sakti km.1 panam msh ada jln yg blom di aspal.",2024-12-31 19:50:29+00:00,negatif
@🐣faya fad🥺,2024-12-31 19:49:48+00:00,positif
min aku dari 2025🗿,2024-12-31 19:45:44+00:00,negatif
"Alhamdulillah semoga harga"" dipasar kembali normal",2024-12-31 19:45:25+00:00,negatif
diksasi paham g tuh🔥,2024-12-31 19:45:11+00:00,netral
"Kalo sampe ada yg naikin harga barang pokok mengatasnamakan PPN 12%, liatin aja video ini",2024-12-31 19:44:12+00:00,negatif
pak makan gratis pegimana ini urusannya,2024-12-31 19:41:43+00:00,positif
"wifi naik min,, pmbayaran iconnet naik 12%",2024-12-31 19:37:39+00:00,negatif
Mindra sampek jelasin nulis panjang bnget biar masyarakat paham 😭 sehat2 mindra. Kalau ga ada yg paham jngan d jelasin lagi min,2024-12-31 18:50:11+00:00,negatif
kemarin beli larutan kaleng sama susu beruang udah naik 1000rupiah di warung gak tau naikya kenapa padahal masi 29desember 2024,2024-12-31 18:49:52+00:00,negatif
"Coba nanti ditunggu, apa semua sinkron, kadang penjualnya juga nakal 🗿",2024-12-31 18:49:23+00:00,negatif
mulai hari ini 😁😁,2024-12-31 18:46:47+00:00,positif
min tapi saya kerja di toko ya kan ada tuh ada seles wings prodak nya seperti mama lemon ke gitu ikut naik min per jam 2 siang,2024-12-31 18:46:25+00:00,negatif
bagaimana dengan Qris 🗿 ?,2024-12-31 18:45:54+00:00,netral
mimin gerinda gk di kenakan biaya sekalian juga kena ppn 12 %?,2024-12-31 18:45:40+00:00,negatif
"Min, Susu Bubuk Formula, Pampers, Peralatan Bayi naik PPN 12%... Kok Beda ama info ini???, Pabrik2 info naik PPN 12% ini keperluan bayi loh...😨😨😨",2024-12-31 18:45:27+00:00,negatif
omon omon pelanggar ham,2024-12-31 18:42:02+00:00,negatif
presiden terbaik🔥🔥,2024-12-31 18:40:50+00:00,positif
min pusing amat ya lihat negara konoha ini,2024-12-31 18:40:34+00:00,netral
"eh bentar, aku mau nanya, presiden itu kalo di istana kerja nya apa ya?, soal nya kalo aku males' an mama ku bilang, ""kamu itu males' an gak mau kerja pekerjaan rumah, presiden aja kerja"" 🗿🙏",2024-12-31 18:39:10+00:00,negatif
"GA NGARUH, HARGA UDAH NAEK, KALIAN TELAT. orang udah ganti harga, pelaporan, pengumuman, harusnya dari awal kalian ubah. Makasih anak2 Abah yg udah lantang sejak awal. Good job.",2024-12-31 18:37:46+00:00,netral
"pasti cape jadi admin gerindra, hebat bgt min👏",2024-12-31 18:37:42+00:00,netral
sip👍,2024-12-31 18:37:30+00:00,positif
IQRO guys itu mindra udah ngejelasin di caption 😭😭,2024-12-31 18:35:21+00:00,negatif
"min turunkan admin online shop min
si oren berkisar antara 2,50%–8,50%.
si ijo 1,00%–10,00%
si biru 4,25%–10,32%.
si market baru malah paling kecil
belum termasuk campaign promo lain - lain",2024-12-31 18:33:54+00:00,negatif
minra sini aku bikin sate banyak banget,2024-12-31 18:33:53+00:00,negatif
"udh ampe seniat itu untuk ngasih tau biar pada paham, tp ttp aj warga ny mls baca 🗿",2024-12-31 18:33:44+00:00,negatif
anak abah udh paham belum nih?,2024-12-31 18:29:54+00:00,negatif
gua kirim link ini ke twitter langsung dirujak min😭,2024-12-31 18:29:50+00:00,negatif
tetap aja di daerah kalimantan naik semua barang...barang pokok pun naik 😭 min...,2024-12-31 18:28:38+00:00,negatif
semangat terus miminn 🔥🔥🔥,2024-12-31 18:27:33+00:00,positif
"Jangan malas baca ya, tingkatkan minat baca biar ga asal komentar. Kalau masalah sembako pada naik, PPN 11% kemaren juga udah pada naik, mungkin ada beberapa faktor yang bikin naik harga sembako ...",2024-12-31 18:27:20+00:00,negatif
min kalo yang jual bbm kaya pom mini ada kenaikan gak?,2024-12-31 18:27:17+00:00,netral
"Pada bilang kalo udah ada penjual barang/jasa yang jalanin ppn 12%, berarti mereka ga jelas, harus dikasih tau atau dilaporin karena kan ini aja naik di awal tahun tapi udah banyak aja yang curi start duluan.",2024-12-31 18:24:35+00:00,negatif
min turunin harga top up valorant,2024-12-31 18:23:27+00:00,positif
"min saya juga mau 1 triliun, gapapaaa di penjara 6,5 tahun 🗿",2024-12-31 18:21:53+00:00,negatif
"min gw lagi galau, mau tahun baruan malah kena shift malam",2024-12-31 18:21:02+00:00,netral
"Barang dan jasa mewah yaaa pak, tapi ini mulai tgl 1 brang"" harian sembako udah mulai kena ppn 12% jga nih. Salah satunya di pt wings. Barang yg mana yg dimaksut ppn",2024-12-31 18:20:47+00:00,negatif
caption yang sangat bagus!,2024-12-31 17:47:04+00:00,positif
"kocakkk udh pada koar” ppn 12% ppn 12% taunya, cailahhh xixixi",2024-12-31 17:46:36+00:00,negatif
minn kembang api tadi naik,2024-12-31 17:45:52+00:00,negatif
tpi bahan bangunan jd naik,2024-12-31 17:45:42+00:00,negatif
min aku pengen tau apa tanggapan pak Prabowo tentang mau kerja di luar negeri dan udah kerja di luar negeri 😔😔😔😔😔,2024-12-31 17:45:23+00:00,negatif
Kado spektakuler pak prabowo di penutup tahun ini menyala presidenku😎,2024-12-31 17:45:23+00:00,positif
mindra bubur ayam naik gak??,2024-12-31 17:44:58+00:00,negatif
"haiii minn, semangat terus minn, jangan pikirkan hujatan netizen yaa minn😻😻😻",2024-12-31 17:44:06+00:00,negatif
min tadi ikut main petasan ngga 💥,2024-12-31 17:43:46+00:00,netral
"budayakan literasi plss, komplen” doang tp minim literasi, mslh harga pada naik ya lagian ini taun baru kan udh biasa dari dulu juga, lebaran pada naik, taun baru pada naik, auk dah",2024-12-31 17:43:13+00:00,negatif
budayakan baca ya rakyat pintar🙏,2024-12-31 17:43:00+00:00,positif
"pabrik2 pakan dgn omset miliaran naik gak ppnnya?
awang2 an saja si, pabrik ppn naik ↗️- harga pakan pasti dinaikkan↗️- ikan ikut naik harganya↗️. 😂",2024-12-31 17:42:55+00:00,negatif
kok di supermarket barang udh naik juga terus makan direstoran juga kena ppn 12%?,2024-12-31 17:42:39+00:00,negatif
"mindra, gini min, masalahny ya ada sebagian rakyat yg pemilik warung atau apalah kita bilang oknum rakyat ajalah, ini biasany klo ad info kek gini tuh pasti mereka bermain dan menaikkan harga seolah olah dikenai pajak sm pemerintah, meskipun yg kek gini tuh sebagian aja",2024-12-31 17:42:04+00:00,negatif
saran saya tolong sidak semua produk kebutuhan dan sayur karena budaya indonesia tuh apapun yang naik semua ikut naik,2024-12-31 17:39:38+00:00,negatif
pokoknya pak prabowo terbaik🥰,2024-12-31 17:37:41+00:00,positif
Thank you min 🥰,2024-12-31 17:37:22+00:00,positif
serius nih Min saya bayar pajak motor yg harusnya jatuh temponya januari ku bayar desember malah naik pajaknya? 😢,2024-12-31 17:36:55+00:00,negatif
🥰🥰,2024-12-31 17:36:10+00:00,positif
TAHUN BARU SEMANGAT BARUU🔥🔥🔥🔥🔥🔥 MEMBARAAA🔥🔥,2024-12-31 17:35:20+00:00,positif
awas boong,2024-12-31 17:35:18+00:00,netral
"cape ya jadi mindra, sesekali harus liburan minn😭😭",2024-12-31 17:33:42+00:00,negatif
"Terima kasih Bapak Prabowo, Pemerintahan & Gerindra sudah membatalkan PPN 12% 🫶🏻😻😍",2024-12-31 17:33:40+00:00,negatif
"Alhamdulillah.
Bissmillah di tahun 2025 bnyak proyek local maupun ekspor yg deal, hakkul yakin, kun faya kun, man jadda wa jadda.",2024-12-31 17:32:30+00:00,negatif
"Admin lagi Lembur lagii gaesss😭
kemarin bertapa di mana kamu min",2024-12-31 17:31:56+00:00,netral
"mindra sibuk bangetttt
selamat tahun baruu yaaa, ayuk bakar² jagung di rumahkuuuu💗",2024-12-31 17:30:11+00:00,negatif
"mari kita liat saja snowball effect dan domino effect, kita liat skema pak Prabowo membendung itu karna pasti banyak distributor yg memanfaatkan ketidaktahuan masyarakat (distributor curang/mafia)",2024-12-31 17:29:14+00:00,negatif
"BUDAYAKAN MEMBACA ""CAPTION"" SEBELUM KOMENT NGAWUR 😁🙏",2024-12-31 17:28:36+00:00,positif
"#dengar,baca,pahami,",2024-12-31 17:28:32+00:00,negatif
"semangat pak prabowo, bapak ini Cinta banget sama rakyat Indonesia saya yakin bapak akan mati""an mensejahterakan rakyat Indonesia ❤",2024-12-31 17:28:31+00:00,positif
wifi termasuk barang mewah apa gak ya?,2024-12-31 17:07:23+00:00,positif
min 2025 min bagi duit🗿,2024-12-31 17:07:05+00:00,netral
"Stimulus 38,6 T lalu apakabar yg 300 T ? 😂😂😂",2024-12-31 17:06:03+00:00,negatif
selamat tahun baru min🗿🤟🏻,2024-12-31 17:04:39+00:00,positif
Min pembelian pupuk sawit saya kena 12% apakah ini jenis barang mewah ?,2024-12-31 17:02:04+00:00,negatif
"netizen alay banget, ntr Mimin Gerindra jadi dingin ga mau balas komen lgi🥺",2024-12-31 17:01:37+00:00,negatif
Kalo yang ga paham coba baca dulu caption nya 😭,2024-12-31 17:01:09+00:00,negatif
"wkwkwwk mana yang kemarin pada repot gonjang-ganjing ngomong, ""SALAHIN WARGA 02 KARENA PPN NAIK."" 🙉",2024-12-31 16:59:05+00:00,negatif
@partaigerindra adminnya cewe/cowo?,2024-12-31 16:58:50+00:00,negatif
kalau ada sembako di naikan pelaporan nya dimana yg di tabel itu ppn 0 % .,2024-12-31 16:58:23+00:00,negatif
wani balesi komen2 ng twitter ora min?,2024-12-31 16:56:40+00:00,negatif
"gw sih ga peduli min mau naik 15% jg,tapi ya dibenahi dulu hukumnya yg amburadul, kepolisian yg tdk mengayomi,birokrasi yg jlimet dan korupsi yg merajalela. sebagai timbal balik dari pemerintah terhadap rakyatnya.",2024-12-31 16:55:37+00:00,negatif
"Tuhan maunya 2,5%
Tapi negara nyuruh 12%
🔥🔥🔥",2024-12-31 16:55:20+00:00,negatif
"mohon maaf melenceng
saya mau tanya sebenarnya uang bansos seperti pkh, blt dan sembako yg di berikan pemerintah kepada rakyat
""RAKYAT"" seperti apa yg berhak mendapatkan bantuan itu",2024-12-31 16:53:43+00:00,negatif
saham minuss terus aja kena ppn😭,2024-12-31 16:52:51+00:00,negatif
midra kata kakek gw sebernarnya BBM gak boleh disubsidi? emang bener,2024-12-31 16:52:04+00:00,negatif
tips ganteng pick Hero apa pak,2024-12-31 16:51:59+00:00,positif
"Baca anj, biar g salah phm klian semua, mana ni yg kemarin koar2",2024-12-31 16:51:53+00:00,negatif
min harga Nike Air zoom turunkan,2024-12-31 16:51:40+00:00,negatif
"Min kalau kita udah sayang, terus dia nya enggak? kita harus ambil keputusan gimana min? coba masukan nya min?",2024-12-31 16:50:19+00:00,negatif
Minnn...butuhh jamu gaa biar kuat ngebales pertanyaan kitaa.....🥰🥰🥰,2024-12-31 16:49:54+00:00,negatif
"tolong dibaca sampe akhir ya caption nya jgn ngamuk ngamuk dulu,apa yg ga naik,apa yang naik,klo sembako naik mah biasa weh tahun baru/lebaran tuh",2024-12-31 16:49:26+00:00,negatif
"pd males bgt baca njiir
lelah syekaliii bacain koment neti yg pd ggl faham 😫",2024-12-31 16:48:38+00:00,negatif
Pak gaji saya pajaknya gede banget😩 bisa sewa kost sebulan,2024-12-31 16:48:13+00:00,netral
"Dari awal gua udah paham maksud bapak, cuma rakyat pembencinya aja yang bloon bloon",2024-12-31 16:47:49+00:00,negatif
Halo min😁🙏,2024-12-31 16:47:30+00:00,positif
"mao nanya min, pemerintah serius gak berantas korupsi? karena selama ini hukumannya selalu mencederai akal sehat , gak ada efek jeranya sama sekali min",2024-12-31 16:45:47+00:00,negatif
"ekonomi sulit ,ppn malah naik , pejabat semakin kaya , masyarakat ikut paksa",2024-12-31 16:45:23+00:00,negatif
tolong naikan gaji mindra 😭😭😭 capek banget ya min hadapin org kayak mereka 🗿,2024-12-31 16:44:51+00:00,negatif
"komen lah,biar satu tahun yg lalu",2024-12-31 16:44:18+00:00,negatif
"tiap hari ketemu sama orang² yang gak faham tentang kenaikan 11% ke 12% dan hanya teruntuk barang terntentu, dan aku gak bakal bosen juga buat jelasin ke mereka yang gak faham arti nya kenaikan 12% itu",2024-12-31 16:22:25+00:00,negatif
Mending tutup kebocoran2 mineral dan batubara nilainya ribuan trilyun,2024-12-31 16:20:32+00:00,negatif
min saya ulang tahun ni 31-12-1993 kasih kado min😌,2024-12-31 16:17:18+00:00,positif
berarti top up epep ga kena ?,2024-12-31 16:14:30+00:00,positif
Lahh semuanyaa naikk termasuk naik darah😔,2024-12-31 16:14:10+00:00,negatif
yg g paham dan slalu menyalahkan pemerintah pasti penyusup 😋😋🤣🤣,2024-12-31 16:13:45+00:00,negatif
megavision udh ngirim email tuh kalo tagihan naik karena ppn naik jadi 12% 🙄,2024-12-31 16:12:34+00:00,negatif
min lu menguasai elemen kehidupan kan?🥰,2024-12-31 16:10:27+00:00,positif
@Lunkiii suki liar @uwong˗ˋˏ🐟ˎˊ˗#BLOH @◌⑅⃝●♡⋆♡𝓃𝒾𝒶𝓃𝒶♡⋆♡●⑅⃝◌ @evan aja lah  akhirnya PPN 12% hanya berlaku untuk barang-barang mewah,2024-12-31 16:09:49+00:00,negatif
"min abis nunjukin video ini, gua dikunciin di kamar mandi",2024-12-31 16:09:37+00:00,negatif
itu yang korupsi 400t ga di protes apa gmn,2024-12-31 16:09:27+00:00,negatif
Kasus korupsi diberesin dlu pak. Tuh koruptor sama hakim2ny pada nyengir2 di sidang mempermalukan hukum. Jgn sampek nambah pajak cuman buat nambah ladang bagi koruptor!,2024-12-31 16:09:07+00:00,negatif
udh paling bener ganti rakyat 😂,2024-12-31 16:08:58+00:00,positif
paling atas praivet jet 😝😝😝,2024-12-31 16:07:32+00:00,positif
"pak,, saya berdoa'a agar bapak sehat terus, saya percaya kepada bapak sepenuhnya. Always dukung bapak 😍😍😍",2024-12-31 16:07:22+00:00,positif
"Uang 100rb udah enggak ada artinya, yg dulu kelihatan mewah sekarang bisa beli ternyata b aja, tandanya tanpa kita sadari perekonomian orang"" semakin baik daripada dulu cuma daya beli mereka juga tinggi. Makanya kita enggak kaya"" dan selalu merasa kurang. Semoga naiknya PPN juga diimbangi peningkatan ekonomi masyarakat",2024-12-31 16:07:02+00:00,negatif
ayolah tiktok hadirin fitur emot untuk likenya dong gw mau ngeekspresikan keadaan gw juga disini😭,2024-12-31 16:06:25+00:00,netral
"tolong di klarif soal omongan prabowo mengenai kebun sawit min, haha lucu bgt itu, emang cocok pak anies kasih nilai 11/100. hanya daun? LOL KOCAK LAWAK",2024-12-31 16:06:04+00:00,negatif
min enggk thun bruan tah????,2024-12-31 16:05:00+00:00,negatif
"kami warga Kalimantan Barat ngk mengeluh pak dengan kebijakan bpk, intinya harga sawit naik terus aja pak😅👍🏻",2024-12-31 16:04:44+00:00,negatif
"Masya Allah sehat² buat admin gerindra dan pak prabowo, yang mau ngeladenin rakyat² nya",2024-12-31 16:03:53+00:00,positif
"BACA BAIK BAIK NETIZEN INDONESIA, YAALLAH MINIM LITERASI BANGET",2024-12-31 16:01:26+00:00,netral
"min , aku buat snap wa banyak yg ngamok🤣",2024-12-31 15:59:41+00:00,netral
"tenang, mie instant ga naik jd ga usa dema demo dema demo....macam betul aja klean.....kyk besok mo beli kapal pesiar aja. ,sarapan aja msih air putih aja sok ngerti dema demo dema demo",2024-12-31 15:58:56+00:00,negatif
kenyataannya banyak yang disamaratakan untuk kenaikan PPN min.. karena sistem berantai saling mempengaruhi 🥺,2024-12-31 15:58:56+00:00,positif
"Admiiin, pph saya sampe 200rb lebih min 😭😭😭 uang jajan seminggu itu",2024-12-31 15:57:27+00:00,negatif
lho kok bisa🗿,2024-12-31 15:57:08+00:00,positif
Penggunaan QRIS ikut naik g mindra 🙃,2024-12-31 15:54:30+00:00,negatif
ketoprak 🤤,2024-12-31 15:54:05+00:00,positif
"min untuk penyelenggara penyedia jasa telekomunikasi minta apakah masih 11% atau 12% min,",2024-12-31 15:53:55+00:00,negatif
"ttp min walau buat brng mewah, smwnya ikut naik",2024-12-31 15:08:41+00:00,negatif
min main pubg gk,2024-12-31 15:08:13+00:00,netral
mahluk 16% dan mahluk 24% akibat SDM rendah atau kelebihan SDM yang tinggi 😂😂. kok dgn ini tdk paham juga??😂,2024-12-31 15:08:01+00:00,negatif
"min bantu bilangin ke pak presiden prabowo dong, mohon untuk terus di pantau harga pangan di pasar, takutnya harga dinaikan alasan PPN naik",2024-12-31 15:07:48+00:00,negatif
hore Indomie kagak naik wkwkw 😹,2024-12-31 15:07:35+00:00,negatif
"politikus pdi noh min yaang bikin salah paham, mengarah ke provokasi",2024-12-31 15:07:10+00:00,negatif
bakar bakar apa min malam nih?,2024-12-31 15:07:06+00:00,negatif
"min mau tanya, distributor yg jual sembako, obat2an snack dll, ko malah ikutan naik ya apa barang2 itu termasuk barang mewah, SERIUS NANYA😁",2024-12-31 15:06:32+00:00,negatif
@anzuuuu. edukasi,2024-12-31 15:06:32+00:00,positif
"Terima kasih Presiden engkau sebagai pemimpin kami selalu mengutamakan kepentingan rakyat kecil, kita rakyat Indonesia akan selalu dibelakangmu!",2024-12-31 15:06:27+00:00,positif
Semangat min 💪🏻,2024-12-31 15:06:24+00:00,netral
"Min, tolong dong tegur perusahaan dan pedagang yg ikut2 an naikin harga dgn alasan pajak naik 12% 😭 Ini banyak bgt pedagang yg nakal, pdhal dagangan nya ga termasuk barang PPnBN 😭😭",2024-12-31 15:06:00+00:00,negatif
yg kemaren² mana nih wee,2024-12-31 15:04:50+00:00,negatif
halahh Cakap aja😂,2024-12-31 15:04:35+00:00,negatif
yey,2024-12-31 15:04:01+00:00,netral
"Masalahnya masyarakat awam pada naikin harga barang2, gegara dengar berita PPN naik",2024-12-31 15:03:42+00:00,negatif
Beli jam tangan CASIO kena ppn 12% tidak?,2024-12-31 15:02:16+00:00,negatif
Min kalo listrik mati y disalahin petugasnya atau gajinya y kecil?,2024-12-31 15:01:07+00:00,negatif
ternyata yg heboh adalah anak abah 🗿,2024-12-31 15:00:20+00:00,netral
agak laen isi komenya pada ga sekolah keknya soalnya pada asal bikin kesimpulan aja ama cuma modal ngetik ama ngikut standar tiktok tanpa tau informasi yg jelas,2024-12-31 14:59:43+00:00,netral
"gua gak nolak PPN (ya mau gimana lagi ya) tp saya berharap uang pajak jgn di korupsi. apalagi kemaren si harv£y moe1s merugikan negara sampe 300T cuma 6,5th penjara.
gua juga mau di penjara kalo gitu",2024-12-31 14:59:06+00:00,negatif
"naik semua pak, coba turun ke lapangan...rakyatmu menjerit",2024-12-31 14:58:14+00:00,negatif
tetep salah cek anak abah mah@Fajri.Z @dhaffa azhar @ko @akbaar,2024-12-31 14:58:02+00:00,negatif
Lahh kalo barang impor gmna?,2024-12-31 14:55:14+00:00,negatif
"yg masih nyinyiirrr.. niiihh d jelasin sejelas2nya sma Mindra.. sma Pak Pres... masiiihh ajaaa ada yg slaah kaprah...
emang bnar siih kalu pembenci udh dsar hatinya busuk.. smngat trs Mindra. 😭😭💪",2024-12-31 14:54:45+00:00,negatif
coba ppn itu diturunin..pasti rakyat bahagia dan bisa makmur...bukannya dinaikin bos.. itu duit dr semua tambang kmn?????!,2024-12-31 14:54:40+00:00,negatif
"Mindra @partaigerindra tolong di jawab pertanyaan saya yaaa min🙏
mindra kenapa setiap mau beli bensin ke SPBU harus pakai barcode!?
dan bensin cari nya jg langkah susah dan ngantri nya ramai bener!",2024-12-31 14:52:24+00:00,negatif
yeyyy topup ml ga kena ppn,2024-12-31 14:51:47+00:00,positif
@It’s me dini,2024-12-31 14:51:18+00:00,positif
"kasian bgt yang kmrin pada heboh bikin story ig, wa nyinyir pak prabowo,kena ulti wkwk.abisnya nelen berita mentah2 siii,sabar kek nunggu penjelasan yg valid dlu knp si elahh",2024-12-31 14:51:17+00:00,negatif
"min , tidurnya nyenyak gak tiap hari ??",2024-12-31 14:37:10+00:00,negatif
"dah pada diem kan min yg kemarin koar""😁😁😁",2024-12-31 14:37:08+00:00,negatif
"min, kemaren temenku marah² debat sm aku. katanya pabrik itu barang mewah. jadi kebutuhan rumah tangga ikut naik, bisa gitu ya?? kesel bgttt jelasin ke temenku😭",2024-12-31 14:36:55+00:00,negatif
komen gw hampir setahun,2024-12-31 14:36:28+00:00,negatif
Nih min yg ngeyel gara2 pajak 12% 😩 @Sate Padang Mahsyar,2024-12-31 14:36:26+00:00,negatif
awas aja kalau transfer uang kenak ppn,2024-12-31 14:36:22+00:00,negatif
menyala pak🔥,2024-12-31 14:36:05+00:00,positif
"min aku lihat di VT ada mahasiswa yang demo tarkait PPN 12%, buat apa coba demo ini aja udah di jelasin terkait hal tersebut secara detail loh,ampun dah belum cari tau pasti malah gegabah buat demo😕",2024-12-31 14:36:02+00:00,negatif
sehat selalu pak,2024-12-31 14:35:57+00:00,positif
Tapi adek gua kerja dialfa udah dipotong ppn12% bulan 12 ini gimna dong @gerindra,2024-12-31 14:35:52+00:00,negatif
min turun kan harga sepatu ortuseight solar🙏🗿,2024-12-31 14:34:59+00:00,positif
"Sehat sehat pak prabowo. min aku mau nnya, kan ada info tentang token listrik disc 50% khusus di bulan Januari dan februari thn 2025 yg daya listriknya 2200V kebawah itu benar min...?",2024-12-31 14:34:49+00:00,negatif
@saif17 @MangRan dengar,2024-12-31 14:34:37+00:00,negatif
ABAH=HAMA.,2024-12-31 14:34:34+00:00,negatif
di setir netizen😹😹😹,2024-12-31 14:34:19+00:00,positif
"min,da tahun baruan bakar ayam min",2024-12-31 14:31:45+00:00,positif
allhamdulillah,2024-12-31 14:30:56+00:00,positif
"semangat teros pk prabowo....saya yakin dengan janji janji bapak...dan saya mengikuti saran bapak sedikit bersabar untuk satu tahun kedepan.
walaupun keadaan saya sendiri dlm keadaan menderita 💪💪💪",2024-12-31 14:30:55+00:00,negatif
"saya Do'a kan semoga bapak sllu di beri kesehatan dan panjang umur pak..
bapak 🫰🫰🫰🫰🫰",2024-12-31 14:30:49+00:00,positif
"yg naik itu PPnBM yaa,okayy",2024-12-31 14:30:30+00:00,negatif
baca Caption dan dengar secara jelas Bapak Menjelaskan. jangan asal Komentar. Semangat Terus Pak!!!,2024-12-31 14:30:01+00:00,positif
di tempat kerja gua (jualan aki) mulai besok tgl 1 2025 udah naik ppn nya.,2024-12-31 14:29:51+00:00,negatif
koruptor gmn nih kabarnya?? konoha dilawan. asal ada fulus hukum bisa dibeli dgn lancar dan damai. gmn rakyat mau sejahtera kalo kotuptor msh merajalela. buahahaha. 😅😂,2024-12-31 14:29:41+00:00,negatif
"begini lah presiden kita selalu menjaga ke makmuran rakyat ya, sebagai masyarakt, jangn selalu mwnghujat,liat dulu kinerja yh nyata dan bukti.jangn sampe termakan di adu domba oleh golongan yg suka ngomong omon2 gua pilih 02 dari hati tidak ada paksa an .gua pilih 2 priode jokowi tp setelah beres dari tugas yh pilih prabowo .karna gua cari info pak prabowo dengan data yg lengkap tidak dengar dari kubu sebelah .karna kita harus tau pilihan kita harus tau latar belkng yh dan pendidikan yh terutama kejujuran dan pekerja keras ..tulus untuk rakyat,dari rakyat untuk rakyat .",2024-12-31 14:29:31+00:00,negatif
"Min, malam ini bakar apa?",2024-12-31 14:29:19+00:00,negatif
Selamat Tahun Baru min @partaigerindra 2025 cariin jodoh dong🥰🥰,2024-12-31 14:28:38+00:00,positif
kalau pada faktanya di lapangan terjadi kenaikan di luar yg dilist di caption tindakan pemerintah apa ya min??,2024-12-31 14:27:46+00:00,negatif
admin gak tahun baruan kahh?,2024-12-31 14:27:05+00:00,netral
"komen ah biar 1 tahun yang lalu""😹😹😹",2024-12-31 14:26:02+00:00,negatif
tinggal tunggu tanggal mainnya 🔥,2024-12-31 14:25:51+00:00,netral
@leo🦁,2024-12-31 14:18:46+00:00,positif
😍,2024-12-31 14:18:42+00:00,positif
"tapi 3 hari sebelum malam tahun baru bahan pokok mahal khusus nya cabe rawit merah, tomat, bawang,😭",2024-12-31 14:17:58+00:00,negatif
Joran Daido Naik gak min?,2024-12-31 14:17:00+00:00,negatif
kita liat nanti di tahun 2025 apakah kebutuhan pokok naik atau nggak,2024-12-31 14:16:32+00:00,negatif
min 300t masa dipenjara 6.5 thn sih? gak fair,2024-12-31 14:16:04+00:00,negatif
Banteng min biang keladi nya🗿,2024-12-31 14:15:47+00:00,netral
Min katanya Magic Chess pisah dari ML ya?😅,2024-12-31 14:15:30+00:00,negatif
"sibuk bener emg admin kita we, tapi dia lebih pekak dari pada pacar lu mantan lu, kek bisa di andalkan aja cepet aja beritanya jadi masyarakat kesini mulu, kuat2 min 2025 lebih beragam lagi",2024-12-31 14:15:13+00:00,netral
"gausah pada kaget, kek baru tinggal di Indonesia aja 🥰",2024-12-31 14:14:59+00:00,positif
"min surat resminya mana, karena sdh banyak notif masuk di email saya kenaikan ppn12 termaksud indihome, alfamart, alfamidi dan tagihan lainnya, oke min",2024-12-31 14:13:53+00:00,negatif
komen ah biar jadi 1thn yg lalu SM barang kli di sapa admin gerinda min beliin hp dong buat belajar 😇😇😇😇😇,2024-12-31 14:13:08+00:00,negatif
Prabowo p nya apa?,2024-12-31 14:12:55+00:00,negatif
"Min, maen coc ga?",2024-12-31 14:12:39+00:00,negatif
nih nih baca buat yg kmren tantrum² wkwk!! klo msih ada yg g pham dn protes kebangetan sihh g ngerti lagi 🤣,2024-12-31 14:12:09+00:00,negatif
mau kalian pilah pilah it PPN di lapangan auto naik semua boss ...😅🤣🤣,2024-12-31 14:11:55+00:00,negatif
tapi sembako naik min 😭 buset dah telur sekilo 30 ribu pdhl itu prohe paling murce 😭,2024-12-31 14:11:12+00:00,negatif
oke gasss,2024-12-31 14:10:55+00:00,netral
intinya aq yakin Indonesia akan lebih baik dan sejahtera di pimpin beliau,2024-12-31 14:10:26+00:00,netral
Pak saham Tambang Indonesia tolong 100 persen milik kita pak apa lagi di papua itu abis emas kita di karuk USA 🥹,2024-12-31 14:10:00+00:00,negatif
"Besok pasti admin gerindra makin sibuk krn pd curhat kenaikan, pdhl yg naikin bkn pemerintah tp penjual sendiri karna panik 🤣🤣 sabar ya min terima curhatan",2024-12-31 14:09:37+00:00,negatif
"Min tolong dong SM di copot aj , dia definisi perampok berseragam , cek min DJP & DJBC isinya rampok semuanya tpi di SM diem diem bae , dri zaman SBY SM smpe sekrng kebijakan g pernh condong ke MC",2024-12-31 14:09:35+00:00,negatif
mindra sehat sehat yaa🥰,2024-12-31 14:09:24+00:00,netral
min kenapa malem ini rame banget yaaaa ? info nya min ndraawww🔥,2024-12-31 14:09:07+00:00,negatif
Baca caption yang kemarin bilang semuanya naik karena PPN 12% pahami dulu baru koar😏😂,2024-12-31 14:07:42+00:00,negatif
malem taun bru klo g punya pacar enaknya ngapain min?,2024-12-31 14:06:59+00:00,negatif
"minn gimana caranya naikin berat badan,gen ectomort?",2024-12-31 14:06:52+00:00,negatif
tahun baru mau ngapain nih min??,2024-12-31 14:06:46+00:00,negatif
min kalo biaya Nikah kena pajak ga ?,2024-12-31 14:06:25+00:00,negatif
rempah rempah termasuk ga min???,2024-12-31 13:52:01+00:00,negatif
Tapi barang2 toko semua naik jadi 12% dari semua vendor,2024-12-31 13:52:00+00:00,negatif
stempel piring anti lunturnya kakak🥰🥰🥰,2024-12-31 13:51:45+00:00,negatif
"min 2026 aku pengen bgt nonton konser BTS, tp tabungan masih 13 rebu ,,,mau nambahin gak ???",2024-12-31 13:51:38+00:00,negatif
min do'a in tahun depan rejeki keluarga ku melimpah ruah 🤲🤲,2024-12-31 13:51:38+00:00,positif
slip gaji jadi kena pajak nggak min?,2024-12-31 13:51:35+00:00,negatif
"pikiran kita slama ini naiknya 12% ternyata naiknya cuman 1%, berrti ada oknum pejbat politik yg sengaja membdohi kta sebagai masyarakat awam yg tdk mau masyarakatnya cerdas, terma ksi bpk prabowo🥰🥰",2024-12-31 13:51:25+00:00,negatif
"Min bahan bahan frozen food untuk seblak kok mau naik jg min,janganlah min kami gak bisa naikan harga toping seblak kami 🥹tp kami belanja mau di naikan ,udh harga kencur sama bawang putih naik min karna mau tahun baru🥺",2024-12-31 13:51:21+00:00,negatif
min kenapa bumi bulat? barangkali dijawab juga😂🗿,2024-12-31 13:51:19+00:00,negatif
min kapan gaji naik,2024-12-31 13:51:15+00:00,negatif
Min 2025 info loker min,2024-12-31 13:51:10+00:00,netral
"selamat Menyambut Tahun Baru 2025 Mindra, semangat baru harapan baru,semangat bekerja,mengabdi dgn tulus untuk negeri... salam hangat dari warga Yogyakarta🥰",2024-12-31 13:51:00+00:00,positif
Aku percaya pak Prabowo yakin.🥰,2024-12-31 13:50:40+00:00,positif
makasih min infonya☺️,2024-12-31 13:50:08+00:00,netral
min selamat tahun Baru,2024-12-31 13:50:07+00:00,positif
"coba info gadis apa janda yang mau terima apa adanya mindra🤪😄
love sekebon buat pakpres gemoy🔥🫰",2024-12-31 13:49:48+00:00,positif
biaya nikah naik juga ga min?,2024-12-31 13:49:43+00:00,negatif
Motor naik juga min ? baguslah toh gue ga pernah bayar pajak motor 😆,2024-12-31 13:49:42+00:00,negatif
SIM jadi seumur hidup min,2024-12-31 13:49:38+00:00,negatif
"Min, bener deh banyak harapan untuk bapak agar negara ini sejahtera, kek bener2 pengen stabil ini negara, dan ga tumpul ke atas runcing ke bawah (lagi)",2024-12-31 13:49:35+00:00,positif
tiket konser jangan d naek.n yah pajak y,2024-12-31 13:49:33+00:00,negatif
"Min, dapet kabar dari sales2 PBF semua obat, otc dan alkes per 1 januari dinaikin katanya karena ppn naik 😭. Masa mau sehat mahal beli obat ya. Ini udah dijelasin 12% cuma barang dan jasa yg mewah tapi udah pada mau naikin harga aja.",2024-12-31 13:49:30+00:00,negatif
min pak dateng ke nikahanku yaa 🙏,2024-12-31 13:49:26+00:00,netral
kenapa toko online sudah di kenakan 12% jadi admin onlinenya menang banyak padahal belum di resmikan tapi sudah berjalan,2024-12-31 13:49:25+00:00,negatif
"min, lagi bakar ikan nih mau ikutan ngga? 😅",2024-12-31 13:49:16+00:00,negatif
"mindra, bumil pengen coklat🥺🥺🥺",2024-12-31 13:49:14+00:00,positif
kuota gimana naik gak min,2024-12-31 13:49:11+00:00,negatif
top up game kena ppn 12% gak?,2024-12-31 13:49:09+00:00,positif
Min aku gaada yang ajak tahun baruan :),2024-12-31 13:49:08+00:00,positif
min tauu gaa?,2024-12-31 13:49:02+00:00,netral
“semuanya diam”,2024-12-31 13:41:06+00:00,positif
cuma bisa kerja kerja aja saya urusan negara ini saya serahkan ke pak prabowo walaupun saya tdk memilih bapak kemarin mandat sudah ada dj tangan bapak saya yakin semua keputusan yg bapak keluarga semuanya untuk kesejahteraan rakyat,2024-12-31 13:41:06+00:00,netral
"udahh dikasi penjelasan sepanjang itu dibaca dulu ya saudaraku sebangsa dan setanah air , jangan cuma mencela pemerintah yang baru berjalan ini okee",2024-12-31 13:40:50+00:00,negatif
min kasih kata kata untuk motivasi tahun baru,2024-12-31 13:40:41+00:00,positif
"kasih paham min,karena netizen indo ini mudah termakan berita mentah",2024-12-31 13:40:26+00:00,negatif
"min gmna yang kasus timah, tolong min sampaiin ke bapak kita harus tegas buat para koruptor",2024-12-31 13:40:25+00:00,negatif
permudahkn snbp sya min 🗿,2024-12-31 13:39:42+00:00,netral
"Min Gerindra beri aku mainan LEGO donk . LEGO tahu gak min , mainan edukasi 😁🥰",2024-12-31 13:39:41+00:00,positif
Miris gw liat komen. Coba tebak mreka rakyat yg mana 24% or 16 % ? sok merasa paling mngerti politik sistem lembaga aja gk tau. sok merasa komen2 pajak2 naik yg buat pajak naik itu pdhal awlny dari siapa cba. Kalau anda mau pindah ngara silahkan aja kalian rakyat yg cmn mmbwa wabah di indonesia!!!,2024-12-31 13:38:56+00:00,negatif
"aku screenshot deh caption admin ,soalnya pengikut instaku pada pendukung abah😩",2024-12-31 13:38:32+00:00,negatif
Min malem tahun baru masih kerja ?,2024-12-31 13:38:23+00:00,negatif
panjang umur bapak ku sayang 🩵🩵🩵,2024-12-31 13:38:07+00:00,netral
"makasih pak, ini info terbaik untul awal tahun 🥹🙏🏻💗",2024-12-31 13:38:00+00:00,positif
"sehat2 bapak .... pokoknya cm minta bapak sehat, panjang umur. aku pndukung bpak dr 2014.",2024-12-31 13:37:56+00:00,positif
aku like aja pak. gak usah d denger sampai akhir. dah percaya 100% soalnya. 🔥,2024-12-31 13:37:42+00:00,positif
Menyala bapak presidenku 😎,2024-12-31 13:36:53+00:00,positif
Min malam tahun baru kemana?,2024-12-31 13:36:50+00:00,negatif
kebab naik gak min,2024-12-31 13:36:46+00:00,negatif
baca tuh caption 🗿,2024-12-31 13:36:29+00:00,positif
Sabar min lu kena hujat anak banteng😂😂,2024-12-31 13:36:27+00:00,negatif
"terimakasih bapak Prabowo, tetap menjalankan undang-undang, tapi tidak membebani rakyat ♥️♥️",2024-12-31 13:36:02+00:00,negatif
Min Vario LED old apa LED new?,2024-12-31 13:36:01+00:00,netral
Mimin apa kabar 😊👏,2024-12-31 13:35:59+00:00,positif
Min pengen ketemu,2024-12-31 13:35:47+00:00,positif
min klo mau beli hp/laptop juga terdampak ga ?,2024-12-31 13:35:28+00:00,negatif
"min naikin harga jual gabah padi petani dong, kasian sama bandarnya di murah murahin terus🙂🙏",2024-12-31 13:35:28+00:00,negatif
"percuma min ngetik panjang panjang yang iri tetep iri , semangat ngab owo🥰",2024-12-31 13:34:29+00:00,netral
"min, malam rajab nicccc🤗",2024-12-31 13:33:31+00:00,negatif
@pik4suuu @D monggo,2024-12-31 13:33:24+00:00,negatif
sabar mindraa 🗿🙏 emang sesusah itu ngeladenin orang don 90 yang tau nya cuman nunggu hasil tapi kurang aksi,2024-12-31 13:33:20+00:00,negatif
selamat tahun baru min semoga pak presiden dan staf sehat selalu dan Indonesia makin maju di 2025😊,2024-12-31 13:21:06+00:00,positif
"merugikan negara 300T penjara 6,5 tahun, sebelum menjabat seperti singa, sudah jadi presiden jadi meong.. omon omon",2024-12-31 13:20:41+00:00,negatif
Capek bnget jadi mindra 🥹,2024-12-31 13:20:36+00:00,negatif
Semangat mindraaa🥰,2024-12-31 13:20:25+00:00,netral
ko orang2 pada hoki yah komenya di blsiin🗿,2024-12-31 13:20:10+00:00,negatif
"tolong itu yg cuman fomo² aja di baca cp nya, yg bilang pak prabowo diem aja, lah ini kan beliau sedang membantu masyarakat dengan menerapkan PPN 12% hanya untuk barang mewah.",2024-12-31 13:19:59+00:00,negatif
"anak abah udh terlanjur sakit hati iri dengki, makanya pada suka menjelek"" kan pemerintah skrang🗿🤣",2024-12-31 13:19:55+00:00,negatif
PAK TURUNKAN HARGA MOTOR FIZR AMA VELEK VND HARGA CARBON JUGA TURUNIN HARGA MOTOR ZX25 HARGA NYA DURUNUN JADI 11JT AMA HARGA SEPATU JORDAN,2024-12-31 13:19:55+00:00,negatif
💖💖💖,2024-12-31 13:19:30+00:00,positif
"min saya belum kalender 2025,adakah stok buat saya?",2024-12-31 13:19:12+00:00,negatif
Untuk paket internet kena pajak 11% kah?,2024-12-31 13:19:11+00:00,negatif
hallo min aku dari 2024,2024-12-31 13:18:39+00:00,positif
Info harga sawit per kilo d daerah kalian,2024-12-31 13:18:35+00:00,positif
"perumpamaan BBM naik otomatis semuanya bakalan naik , tpi semoga mampu membeli dan membayarnya aamiin",2024-12-31 13:18:17+00:00,negatif
kok tagihan bulanan aku udh naik min 😭 yg asal nya 506k jadi 529k,2024-12-31 13:18:16+00:00,negatif
manggang apa ini mlm mindra?,2024-12-31 13:18:13+00:00,negatif
Min mayor Teddy mana kangen🥺🥰🥰,2024-12-31 13:18:12+00:00,positif
Tahun baruan ngapain min?,2024-12-31 13:17:57+00:00,positif
"moga pak prabowo bisa lebih mensejahterakan rakyat,jgn hanya ASN dan Perusahaan saja..iya kn min @gerindra",2024-12-31 13:17:10+00:00,negatif
"CAPTION NYA DIBACA GAISS, JGN MALAS BACA!!! UDAH JELAS BGTT PLISSS",2024-12-31 13:17:07+00:00,negatif
"Min istirahat min, bakar jagung di puncak",2024-12-31 13:16:55+00:00,netral
Happy New year admin 🎉🎉,2024-12-31 13:16:42+00:00,positif
Min Pinjam 100K buat tahun baru🙏,2024-12-31 13:16:40+00:00,positif
"dengerin tuh, emg bener2 ye netizen ini😤 yg sabar ya mindraku yg sabarnya seluas samudra🤍 @gerindra",2024-12-31 13:16:39+00:00,negatif
min ganteng nggk gue,2024-12-31 13:16:37+00:00,netral
komen ah biar 1 tahun lalu🗿,2024-12-31 13:16:17+00:00,positif
"min,malam tahun baru enak ny ngapain?",2024-12-31 13:16:05+00:00,netral
Min awal tahun ini aku lahiran loh🤍,2024-12-31 13:16:01+00:00,positif
Min gk pernah libur kah?,2024-12-31 13:15:43+00:00,negatif
"info manggang"" sblm taun baru",2024-12-31 13:15:21+00:00,positif
Semoga sehat selalu Bapak ❤️❤️❤️,2024-12-31 13:08:30+00:00,positif
min minta tolong jadikan saya sebagai ketua MPR,2024-12-31 13:08:25+00:00,negatif
istirahat dulu min sambil ngopi,2024-12-31 13:07:57+00:00,netral
pak turunin harga pajero sport 😅☺️,2024-12-31 13:07:45+00:00,positif
"Semangat min, aku tau mimin kuat karena harus bisa menguasai element kehidupan hhe",2024-12-31 13:07:45+00:00,positif
sapa dong min😁,2024-12-31 13:07:29+00:00,positif
"malam ini bakar"" apa min?",2024-12-31 13:07:26+00:00,negatif
min tolong bantu untuk pedagang asongan🥺😭yg butuh modal seperti saya🙏,2024-12-31 13:07:08+00:00,positif
turunin harga velg vnd dong min🗿,2024-12-31 13:06:39+00:00,negatif
"ppn naik,nambah enak yg punya pangkat buat korupsi",2024-12-31 13:06:22+00:00,negatif
Ongkir ojol kapan naik nya min 😭,2024-12-31 13:05:44+00:00,negatif
Min malem tahun bru ngapain,2024-12-31 13:05:43+00:00,negatif
ayok min maen di rumahku kita bakar sosis😁😋,2024-12-31 13:05:40+00:00,positif
min ko lama lama dia jadi asing sih 😭😭😭knp coba min ?,2024-12-31 13:05:20+00:00,negatif
@kaiii🦋🐺,2024-12-31 13:05:14+00:00,positif
malem tahun baru bakar apa minn,2024-12-31 13:04:29+00:00,negatif
"capek jelasin ke orang"" pembenci, sekali benci mah tetap ajh selalu salah",2024-12-31 13:04:13+00:00,negatif
min ayoo nonton ndx di kemayoran?🗿,2024-12-31 13:04:02+00:00,negatif
"gak ada habisnya omon omon si owo ini, tetap Anies yang lebih cocok jadi pesinden terbalik",2024-12-31 13:03:49+00:00,negatif
min harga cabe kok murah,2024-12-31 13:03:42+00:00,netral
min gocap ada gocap min,2024-12-31 13:03:23+00:00,negatif
min nanti jam 00.00 ngumpul di facktroy yah min,2024-12-31 13:03:16+00:00,negatif
"Apapun Kebijakan yang diambil selalu lihat ke bawah, RAKYAT RI 🇲🇨",2024-12-31 13:03:10+00:00,positif
jangan lupa turun atas FAKTORY:),2024-12-31 13:03:02+00:00,positif
"min semoga pak prabowo liburin kita selama bulan puasa ya min, kaya jaman pak gusdur dlu",2024-12-31 13:02:51+00:00,negatif
min kenapa kks di berhentikan?,2024-12-31 13:02:40+00:00,negatif
"harusnya tambang di pajakin dong, cukai rokok juga😂😂",2024-12-31 13:01:55+00:00,netral
Baru Upload Min?,2024-12-31 13:01:28+00:00,netral
HI KAK BANTU REPOST JUALAN PAPA AKU YU🥺JUALAN PAPA AKU SEPI KARNA DI SANT3T LAGI.RAMEIN YU GUYS SUPAYA ABANG AKU BISA BEROBAT KE RSJ LAGII🥺🥰MAKASIH YA KAK🥰🥰🥰,2024-12-31 13:01:25+00:00,negatif
min bawang kok mahal kali,2024-12-31 13:01:23+00:00,netral
😁,2025-03-28 12:28:13+00:00,positif
maaf min saya salah emoji,2025-03-28 00:48:59+00:00,negatif
Pengadaan komputer di pemda kena pakak 12% pdhal anggaranx g seberapa.,2025-03-26 20:41:33+00:00,negatif
"💯%TNI /POLRI harus di AWASI langsung:
1. Presiden membentuk Badan Pengawas yang bisa menginfokan kepada presiden (tiap hari/waktu bisa lapor )
2. POLISI MILITER mencari bukti & saksi",2025-03-25 12:09:17+00:00,negatif
"bantu dan tolong palestina
#FREEPALESTINE🇵🇸🇵🇸
#SAVEPALESTINE🇵🇸🇵🇸
#ALLEYESONRAFAH🇵🇸",2025-03-25 11:44:45+00:00,negatif
"Baik bapak untuk kesejahteraan rakyat.
Sekarang bagaimana dengan uu perampasan aset rakyat motor/mobil bila 2thn mati pajak akan dirampas apakah tidak membebani rakyat pak 😊😊🙏",2025-03-23 10:03:14+00:00,positif
pak hentikan ruu TNI kami tidak mau terulang seperti rahun lalu dan negara ini akan punahhh kw sebagai presiden mohon dengar perkaraan rakyat,2025-03-22 11:27:44+00:00,negatif
"#TolakRUUTNI
#TolakRevisiUUTNI
#PeringatanDarurat
#IndonesiaGelap
#TolakDwifungsiABRI",2025-03-22 03:03:57+00:00,negatif
wasekjend gerindra hutang sama sy gak byr niy.. namanya Andy R Wijaya.. tolong dong min... 250 juta lho,2025-03-21 13:03:49+00:00,negatif
"Malam Min....Min maaf mau tanya kenapa ya di Desa Tedakisa, Kecamatan Aesesa, Kabupaten Nagekeo, Provinsi NTT masih belum dialiri listrik PLN, padahal jarak ke ibu kota tidak jauh?",2025-03-21 11:45:48+00:00,negatif
Cpe2 komen cek dm tpi gk pernah di respon sakit kan min @gerindra,2025-03-20 14:56:09+00:00,negatif
jd ini tuh hanya utk yg mewah².. jangan salah paham dulu ygy..,2025-03-20 00:42:40+00:00,negatif
"katanya gas elpiji 3 kg bkal murah,,wehh ternyata masih mahal + langka lagi😏",2025-03-17 07:23:16+00:00,negatif
mantap 🥰🥰🥰,2025-03-15 01:40:10+00:00,positif
👍👍👍🥰🥰🥰,2025-03-10 16:18:40+00:00,positif
"kalau anak abah
kalau abak pasukkan barisan sakit hati
barisan sakit hati mana tau dia
dia taunya sebagai
PROVOKATOR DI TIKTOK",2025-03-10 06:47:15+00:00,negatif
"udh dijelaskan kek gini, tp msh aja ada yg ngeluh pajak naik. dan gongnya lg yg ngeluh menengah kebawah, yg blm tentu 1tahun sekali naik pesawat😭",2025-03-07 23:46:08+00:00,negatif
"SILA KE-2 TIDAK BERLAKU UNTUK HONORER, BUKANKAH BEGITU TUAN/PUAN@gerindra ☺️",2025-03-07 23:23:08+00:00,negatif
apaannn semua pada naik bahan sembako naik semuaaa sayur mayur behh mahallll .... tapi upah harian tetep aja segitu ga ikut naik😩,2025-03-07 20:33:14+00:00,negatif
❤,2025-03-06 16:13:03+00:00,positif
🥰,2025-03-06 00:23:09+00:00,positif
😁,2025-03-05 17:56:26+00:00,positif
bapa presiden bantu sy buat byr kontrakan rumah sy ga prnah dapet bansos pdhl sy orang ga punya,2025-03-05 06:43:28+00:00,negatif
SKUYYY JOKI TUGAS,2025-03-04 11:47:37+00:00,netral
sekrng udh bnyk mafia tanah dan korupsi,2025-03-04 08:41:35+00:00,negatif
hancur dunia diindonesia bnyk korupsi. daerah luar negri kga ada korupsi .pak klau bnyk korupsi bkrn ada bencana alam dunia cumn sementara pak .,2025-03-04 08:41:12+00:00,negatif
"Min harga gula turunin dong, tiap tahun naek terus, 2023 awal2 masih 12.500, terus kemarin naik jadi 17.500, sekarang naik lagi jadi 18.500, saya UMKM omset gak seberapa, tapi bahan2 pada naik",2025-03-02 04:59:26+00:00,negatif
@pitry 🗣️🤳:ya allah panjangkanlah umur bapak presiden kami yaitu bapak prabowo subianto😇,2025-02-14 06:04:35+00:00,positif
"Harga emas ditekan lagi pak presiden prabowo biar daya beli masyarakat naik, sedangkan harga jual komoditas pertanian belum stabil, pendapatan dimasyarakat makin sulit.",2025-02-13 18:33:40+00:00,negatif
"info loker min, perbanyak lowongan kerja diindonesia ini banyak orang nganggur termasuk saya",2025-02-13 18:01:56+00:00,negatif
min angsuran saya nunggak ko bunganya juga ikut naik,2025-02-13 12:35:48+00:00,negatif
Pak presiden gaji DPR pangkas saja. Ganti ke gaji guru honorer pak karena guru honorer lebih pantas mendapatkan gaji naik yg sudah mencerdaskan anak bangsa dengan ikhlas,2025-02-12 18:11:33+00:00,netral
Miinnn temen2 ku dirumahkan 😭,2025-02-12 13:16:10+00:00,netral
"Semoga komen saya d baca, tolong banget inimah pemerintah bikin marketplace sendiri saja soalnya makin kesini makin gajelas peraturan marketplace. Kalopun ada keuntungan dr mp kan bisa jd masuk ke pemerintahan juga. Banyak kok orang indo yg pinter masa ga bisa bikin marketplace sndri.",2025-02-12 04:28:49+00:00,negatif
semangat min,2025-02-12 01:24:47+00:00,negatif
min kenapa sty dipecat,2025-02-11 16:48:18+00:00,netral
🌸,2025-02-11 12:59:14+00:00,positif
minnn tolong bilang pak bowo dong mahuuu mudik nih bocilnya 4 tolong turunkan harga pesawat pas romadhon yaah,2025-02-11 12:35:55+00:00,negatif
maaf mau tanya buruh yg umr emang kena pph 21 gak sie...mana umr w blm naik 2025😭😭,2025-02-11 10:44:56+00:00,negatif
min pengen diberi hadiah sih,2025-02-11 07:44:41+00:00,negatif
bubur ikan lele dia dan aku beda dimensi le aku harus apa min?😭,2025-02-11 07:18:19+00:00,negatif
tolong aq min,2025-02-10 14:10:32+00:00,negatif
min puasa jadi libur sebulan gk min,2025-02-10 13:26:20+00:00,negatif
"kawal smpe tuntas Harvey jgn smpe bebas cepat , bnyak pengalihan berita biar masyarakat lupa koruptor 271 T 🥺 takutnya tau2 lepas dari pemberitaan,& di bebaskan",2025-02-10 11:08:16+00:00,negatif
"Assalamualaikum MINDRA
IZIN MELAPORKAN .. MASALAH GAS LPG 3 KG KHUSUSNYA DI KOTA PADANGSIDIMPUAN SUMATERA UTARA MENCAPAI 25 RIBU SAMPAI 35 RIBU..MOHON DI TINDAK MINDRA TERIMA KASIH ...",2025-02-09 09:17:09+00:00,negatif
jangan salahkan kami klo kami yg di rumahkan jadi begal dan pencuri dimana2 pak karna kami honorer mau di rumahkan.pengangguran dimana2.,2025-02-08 17:23:47+00:00,negatif
@Rehan Sah:mangkin kesini presidennya mangkin bahaya kah cari makan aja di pindahkan ke Nusa Kembang yg korupsi Masi bisa santai goyang2 kaku,2025-02-08 14:05:35+00:00,negatif
ganti rakyat min udah like,2025-02-08 10:41:41+00:00,positif
😇,2025-02-08 06:14:26+00:00,positif
Tips Ganteng Pake Motor Apa Pak?,2025-02-06 14:17:11+00:00,positif
😁,2025-02-06 05:52:58+00:00,positif
😁,2025-02-02 17:56:30+00:00,positif
@gerinda ..tolong cek dana pip untuk sekolah SMP/Mts daerah Jombang Jawa Timur pak🙏,2025-02-02 14:12:31+00:00,negatif
"listrik dari januari kemaren ngisi 50 dapat 70rb 😁 ,Terimakasih diskonnya alhamdulilah, masalahnya anakku banyak barang pribadi, mobil mewah ,pesawat,kereta api,punya kebon dinasourus lagi 😭😭😭 gmna takut kena sidak aq",2025-02-02 14:04:34+00:00,negatif
"dibantu tabur garam di awan Semarang min, guna mengurangi intensitas hujan dan banjir. Sebelumnya banyak berita BNPB tabur garam di awan, dibantu lagi kegiatan tsb di bulan ini min",2025-02-02 12:43:48+00:00,positif
awas pak serangan balek gibran....penjarakan Mulyono...,2025-02-02 08:46:27+00:00,netral
pak ilangin razia rambut dari sekolah,2025-02-02 05:44:05+00:00,negatif
"@fauzun216:Min tolong hilang kan ukur tinggi badan untuk tes PNS ijazah SMA,krna yang kurang tinggi pendidikan & kurang tinggi badan yg pgen jadi PNS ngak bisa daftar @gerindra",2025-02-01 16:57:58+00:00,negatif
assalamualaikum admin..gas 3 kg gimana ini..,2025-02-01 14:19:45+00:00,negatif
tolong pak firalkan bu carinah yang rumahnya sekarang di gusur dan gk punya apa apa sekarang,2025-02-01 13:16:45+00:00,positif
min knp gaji militer naik yg asn lain di potong😭,2025-02-01 12:41:42+00:00,negatif
pak hilangin razia rambut dari sekolah,2025-02-01 10:35:45+00:00,negatif
"Mauu ceritaa dikitt nih minn, saya habiss perpanjang kontrak kerjaa untuk 1 th kedepaan, dan perjanjian kalo februari ini naik gaji sesuai keputusan presiden, eh samaa pabriknya malah dibuat sistem borongaann😭",2025-02-01 05:40:49+00:00,negatif
🥰,2025-02-01 02:40:21+00:00,positif
ngaco ngaco,2025-01-31 21:36:08+00:00,negatif
"menye menye ,ga ada perubahan sedikitpun",2025-01-31 21:29:37+00:00,netral
min katanya gaji guru di naikin kok ga ada kebanyakan janji manisny tapi ga ada buktiny😏,2025-01-31 11:48:55+00:00,netral
plis libur sebulan,2025-01-31 10:16:15+00:00,netral
pak tolong donasi buat anak yg viral dinias,2025-01-31 07:53:37+00:00,negatif
Min 🥺 shopee paylaterku di bbol orang🥹🥹🥹apa benar bisa pemutihan hutang piutang pak prabowo,2025-01-31 03:00:12+00:00,negatif
"yg naik ppn, susu anak juga ikut naik😌",2025-01-31 01:42:24+00:00,positif
Min foto ijazah sekolah negeri emang membayar ya?,2025-01-31 00:10:42+00:00,negatif
Min bgus mana motor staylo atau vario gen 2,2025-01-30 17:25:02+00:00,negatif
min kok wacana saja.. perangkat jadi PNS.. jalur tes oke lah. kalau gak ya minimal siltap perbulan lah min,2025-01-30 17:23:21+00:00,negatif
"Pak tolong bantu daerah Napasundali pak..
Belum ada akses jalan yang baik dari dahulu...
Juga akses jaringan.
Listrik baru masuk di tahun 2020 setelah periode Jokowi",2025-01-30 15:42:33+00:00,positif
"""hanya intansi dinas sosial maling korupsi di INTANSI dinas sosial yang kebal hukum jabatan naik jadi maling di kab Kutai timur""..",2025-01-30 15:07:34+00:00,negatif
pakk tolong pasang giant sea wall,2025-01-30 12:29:10+00:00,negatif
"Min mau minta tolong sudah 2 bulan gaji kami parah interpreter di PT Mega translation (vendor nya KCIC) belum di bayarkan
Selamat sore. Saya minta izin menginfokan karena berdasarkan pertemuan terakhir, pihak MSN ingin menginformasikan pahit&manis nya mengenai pembayaran gaji kepada interpreter.
Untuk saat ini sepertinya kami blm bisa untuk menurunkan cicilan gaji desember 2024 maupun gaji januari 2025.
Mohon maaf atas ketidaknyamanannya, semoga bisa diterima dengan baik oleh interpreter lain karena kami sudah terus mengupayakan kepada pihak KCIC mengenai pembayaran ini.
Dan jika sudah ada pembayaran dari pihak KCIC, maka akan langsung dibayarkan kepada para interpreter. Namun saya tidak bisa memastikan kapan waktu pencairan gajinya🙏🏻
Saya memiliki bukti bukti Nya, tapi para Kedua pihak outsourcing dan KCIC mengabaikan semuanya",2025-01-30 11:49:05+00:00,negatif
"kalo masih begini aturan nya, masyarakat jdi malas buat bayar pajak",2025-01-27 12:52:20+00:00,negatif
"saya heran sama orang2 yg bikin aturan perpajakan ini,bukan nya mempermudah masyarakat malah mempersulit,padahal mau bayar pajak,bukan mau minta jatah pajak ke negara",2025-01-27 12:51:26+00:00,negatif
♥️,2025-01-27 11:20:19+00:00,positif
makan gratis lauknya batu,2025-01-27 10:13:36+00:00,positif
ambil alih ojol jadi mitra bumn . potongan nya kami ikhlas buat membantu program makan bergizi . dari pada di tindas oligarki . dnger nih min woi,2025-01-27 08:45:02+00:00,negatif
siltap Perangkat Desa kapan naik pak?,2025-01-27 08:08:17+00:00,negatif
min kenapa Mimin itu juga mimin,2025-01-27 06:49:52+00:00,positif
pakk turun kan harga skintifik lahh😭😭🙏🏻,2025-01-27 04:25:17+00:00,netral
Pak top up in ff saya pak,2025-01-27 03:14:41+00:00,positif
eh boleh sapa gk😭😂,2025-01-27 02:18:15+00:00,netral
pak makangerati di lombok kapan,2025-01-27 01:27:47+00:00,negatif
Tapi cargo naik,2025-01-26 23:19:03+00:00,netral
😅,2025-01-26 15:03:25+00:00,positif
min mbg di wilayah ku kok blom ada yg dapet ya min 😁 ini hampir akhir bulan Lo 😁,2025-01-26 10:48:01+00:00,negatif
"Hallo assalamualaikum min🙏
Maaf saya mengganggu waktunya
Semoga pesan saya di baca dan tersampaikan kepada yg terhormat pak prabowo🙏🙏
Min saya tinggal di desa pelosok di provinsi sumatra selatan,,salah satu keluarga saya di ajak kerja sama untuk program makan gratis sebagai tukang masak,dengan iming² gaji yang besar,,tapi yang mengganjal keluarga saya atau kakak saya di suruh membayar dulu sebesar 7 juta lebih katanya uang tersebut untuk biaya transportasi jika di adakan perkumpulan dengan pemerintah,dan kemungkinan malam ini mereka datang dan katanya mau menjelaskan program tersebut,mohon min kami hanya rakyat kecil 🙏🙏
Terimakasih semoga pesan saya di baca dan tersampaikan oleh pak prabowo",2025-01-26 09:02:10+00:00,negatif
minn kalau kita suka trs diya nya gk suka giman min?,2025-01-26 08:32:54+00:00,negatif
"min, kira2 mau bikin proposal bangunan baru untuk TK yg bisa cepat masuk ada gak ya min, kami muridnya banyak, bangunan cuma 1, dibagi 2 rombel, kami TK di Gambut, Bantu Hirang, Kab. Banjar, kalsel",2025-01-26 03:21:28+00:00,negatif
kami sebagai petani garam mohon di fikirkan untuk harga garam,2025-01-25 23:28:39+00:00,netral
"@call me rahmat:min kami minta pertolongan nya tanah kakak kami @sarmaintan digarap sama mafia tanah, tepatnya di Rokan hilir dibangkopusako😭😭😭😭😭😭😭😭😭😭",2025-01-25 15:45:31+00:00,negatif
pak tolong buatkan sumur bor dikampung saya,2025-01-25 12:44:08+00:00,positif
"ass,wr,wb..sehat sllu panjang umur pak presiden ku Prabowo Subianto salam dari Sumedang 🙏🙏",2025-01-25 10:47:39+00:00,negatif
pak libur kan semua murid murid di indonesia yang ingin beribadah tenang tanpa merasakan pikiran di sekolah😔😔,2025-01-25 10:23:38+00:00,positif
Alhamdullilah gerinda libur 1 bulan yes,2025-01-25 10:15:07+00:00,negatif
😁,2025-01-23 05:39:55+00:00,positif
🥰,2025-01-23 05:30:10+00:00,positif
MIN TOLONG LAH INI CORETAX MAU BUAT FAKTUR PAJAK EROR TERUS DAN LOADING JELEK BGT CAPEK BGT AKU EMOSI TIAP HARI AKU 😭😭,2025-01-23 05:09:04+00:00,positif
🥵,2025-01-23 05:08:23+00:00,positif
min turunin harga rx king peredam min,2025-01-23 04:56:58+00:00,positif
cuman pengen di sapa semoga di baca oleh ahli surga amin ya awloh,2025-01-23 04:41:16+00:00,negatif
Dulur dulur mau tanya? sekolah an smpn 3 Tanjunganom nganjuk jawa timur minta sumbangan per murid 400 buat bangun paving jalan apakah wajar?🙏🙏🙏,2025-01-23 04:15:12+00:00,negatif
pak saya suka sama salah satu rakyatmu,2025-01-23 04:01:16+00:00,positif
🥰🥰🥰,2025-01-23 03:50:01+00:00,positif
😁,2025-01-23 03:26:08+00:00,positif
"@Mommyof2RnJ: min tolong min, daerah teman saya , di ansang darit, kalimantan barat ,banjir , sampai atap rumah , ini termasuk banjir terbesar yg pernah ada d desa darit , sampai skrg tidak ad evakuasi dan bantuan dr pemerintah setempat , biasanya pun bantuannya sebulan baru ada",2025-01-23 02:52:08+00:00,negatif
min jdi lbr g min,2025-01-23 00:20:41+00:00,netral
mindra minta tolong jalanan d Jombang d perbaiki 😭😭😭,2025-01-22 23:44:15+00:00,netral
min belum dapat makan siang gratis min sekolah mi mataul Anwar ilhami mauk Tanggerang Banten,2025-01-22 23:27:13+00:00,negatif
💋,2025-01-22 20:43:01+00:00,positif
😳,2025-01-22 17:31:52+00:00,positif
min kok makan gratis nya blm sampai,2025-01-22 16:43:11+00:00,positif
pagar laut min.,2025-01-22 16:31:02+00:00,negatif
min bulan puasa libur apa enggaakk minnn,2025-01-22 16:30:29+00:00,negatif
"Jika makan siang gratis sudah berjalan. saya harap untuk papua pedalaman yang di dahulukan. itu saja harapan saya untuk pak prabowo, harab di bls pak, walaupun sklh yg lain kelihatan tidak bagus, tapi di mata orng Papua itu sklh yg sangat bagus 😳",2025-01-22 15:50:12+00:00,netral
"tolong pinjol ilegal seperti ""amancepat"" diberantas pak. sangat meresahkan dalam hal pengancaman dan intimidasi",2025-01-22 15:48:25+00:00,negatif
🥰🥰🥰,2025-01-22 15:33:55+00:00,positif
😇,2025-01-22 15:24:57+00:00,positif
min tolong benerin wasit fc mobile,2025-01-22 15:00:33+00:00,netral
271T gimana kabarnya min,2025-01-22 14:49:33+00:00,netral
Piye kabare KARTIKA BARA dengan KPRI KANKEMENAG KAB. BANJARNEGARA saiki?,2025-01-22 13:58:51+00:00,negatif
"min, dagangan seblak sama nasi uduk aku sepi. di karena kn aku ngurusin ibu mertua yg sakit dn sudh sepuh. 😔",2025-01-22 13:33:55+00:00,negatif
yang penting kami rakyat kecil yg ada di perkampungan pecicilan di pegunungan @gerindra susah sandang pangan susah cari kerja jangan mahal sandang pangan yg sehari² di butuhkan itu aja min🙏🏻🥺,2025-01-21 23:39:21+00:00,positif
😭,2025-01-21 23:22:03+00:00,positif
😁,2025-01-21 23:22:00+00:00,positif
🤲,2025-01-21 23:21:19+00:00,positif
😅,2025-01-21 23:06:10+00:00,positif
😁,2025-01-21 22:15:51+00:00,positif
🥰,2025-01-21 21:12:03+00:00,positif
"tolong Spil link judol yg sudah di blok sejak pemerintahan bpk Prabowo, biar sy buka saat ini juga, beneran kena blok atau berita selama ini hanya HOAX saja🙏🙏🙏",2025-01-21 18:58:24+00:00,negatif
😅,2025-01-21 16:51:48+00:00,positif
min pilih alya atau mahiru ?,2025-01-21 15:53:57+00:00,negatif
"tolong di selidiki min. ds sumberpoh, kec maron, kab Probolinggo, jawa timur. ini mati lampu terus, dari jam 2 tadi mati lampu, sampai sekarang gk hidup""",2025-01-21 15:48:57+00:00,negatif
"min, knp judi online ga bisa diberantas? apakah polisi tidak mampu ya min?",2025-01-21 15:08:35+00:00,negatif
😳,2025-01-21 15:02:32+00:00,positif
😭,2025-01-21 14:51:51+00:00,positif
😔,2025-01-21 14:28:28+00:00,positif
"min minta tolong saya untuk madura kab bangkalan kec tanah merah desa jangkar akses dari marjumi ke utara terus gak ada perbaikan dan untuk kepala desa jangkar yg gak pernah ganti calon saya mau buat surat"" dipersulit dan lelet lama nunggunya dan banyak juga korupnya min tolong di selesaikan biar semua nya lancar🙏🙏",2025-01-21 14:22:59+00:00,negatif
WOIIIIIII KENAPA GA JADI LIBUR 45 HARIIIIIIIIII,2025-01-21 14:08:49+00:00,negatif
😅,2025-01-21 14:01:49+00:00,positif
min libur puasanya sudah resmi apa belom nih min??,2025-01-21 13:53:26+00:00,negatif
min mau sepeda min,2025-01-21 13:20:15+00:00,negatif
😳,2025-01-21 13:17:56+00:00,positif
😳,2025-01-21 12:56:44+00:00,positif
hobi yang paling seru adalah?,2025-01-21 12:42:58+00:00,negatif
😁,2025-01-21 12:35:39+00:00,positif
pakkkkkk tolong bantu saya kena scam sudh bnyk korban,2025-01-20 22:43:44+00:00,negatif
pak tolong ganti harga motor jadi murah,2025-01-20 22:15:54+00:00,netral
🥰,2025-01-20 20:15:55+00:00,positif
min tolong cek desa saya pada gak bner nih,2025-01-20 18:33:18+00:00,negatif
😭,2025-01-20 17:55:17+00:00,positif
MENTERI DIKTI SAINTEK TOLONG DI PECAT/ RESUFLE,2025-01-20 17:50:51+00:00,negatif
min tukeran akun boleh 😊,2025-01-20 16:45:28+00:00,netral
@dwiii or uwii: min cara lapor gimana yah😭🙏🏻,2025-01-20 16:39:42+00:00,negatif
🥰,2025-01-20 16:33:44+00:00,positif
kenapa rokok naik terus 😂,2025-01-20 15:31:14+00:00,negatif
PERMATA8** TOLONG DI TANGKAP OWNERNYA MIN,2025-01-20 15:25:28+00:00,negatif
PAK MAIN ML APA EPEP BAGUS MYA,2025-01-20 15:19:15+00:00,netral
😁,2025-01-20 15:15:56+00:00,positif
min aku pengen dia ngejar balik,2025-01-20 15:05:19+00:00,negatif
🙏,2025-01-20 15:01:21+00:00,positif
min tolong hilangkan razia rambut,2025-01-20 14:55:04+00:00,negatif
"MIN turunnin persib dong dari pucuk, soal nya gak turun turun 😆.....",2025-01-20 14:42:14+00:00,negatif
pak/bu yg terhormat pkh saya sudah 3 th ga cair2..saya sudah lapor ke pendamping kata.y double data apakah bisa d aktifkan lga?dan sekarang bpjs pbijk saya di nonaktifkan..pak/bu saya punya anak balita dan SMP..mohon bantuan nya terimakasih @gerindra,2025-01-20 14:42:07+00:00,negatif
🥰,2025-01-20 14:36:41+00:00,positif
😁,2025-01-20 14:33:45+00:00,positif
min 2025 puasa libur ya min,2025-01-20 14:23:59+00:00,negatif
min turunkan DP rumah,2025-01-20 14:21:07+00:00,negatif
min sehat min,2025-01-20 14:15:13+00:00,positif
pak turunin harga sembako deerah kalimantan selatan😭,2025-01-20 14:15:04+00:00,netral
liburrrrrrr🥹,2025-01-20 14:14:36+00:00,positif
persija GK min,2025-01-20 14:03:41+00:00,netral
jadi libur gak bulan puasa,2025-01-20 13:58:03+00:00,negatif
mana sekarang sekolah gak ada zonasi lagi kalo prestasi gw gak nyampe ke sekolah bagus gimanaaa 😭😭 rumah gw jauhhhhh 😥😥😥,2025-01-20 13:55:26+00:00,netral
pak Wowo liburin songggss🗿😭😭😭 plisss😑,2025-01-20 13:54:58+00:00,positif
🙏,2025-01-20 13:51:07+00:00,positif
jangan hapus honorer,2025-01-20 08:17:54+00:00,positif
😂,2025-01-20 08:13:03+00:00,positif
kpencet ya allah😭,2025-01-20 07:56:44+00:00,positif
min puasa ga jadi libur yaa,2025-01-20 07:28:05+00:00,negatif
"liburr dong pakk, cape gw liat orang pada godin di sekolaan, ada juga yg bolos",2025-01-20 07:12:31+00:00,negatif
😳,2025-01-20 06:47:56+00:00,positif
@Fanzz💥:sini kumpul yg belum dapet makan gratis 👇,2025-01-20 06:41:08+00:00,positif
🗿,2025-01-20 06:35:04+00:00,positif
minn kalo kake jeuz di dunia nyata ada ga yaa biar enak minta kaliannya😁,2025-01-20 06:20:16+00:00,netral
😭,2025-01-20 06:02:59+00:00,positif
😌,2025-01-20 06:00:35+00:00,positif
😹,2025-01-20 05:54:17+00:00,positif
naikin harga beras 😇,2025-01-20 05:50:15+00:00,negatif
pa gimana cara dia kembali lgi🥰🥰,2025-01-20 05:45:45+00:00,negatif
min bisa gak bikin bulan romadan libur sekolah??,2025-01-20 05:43:40+00:00,negatif
kenapa sekarang warung lalapan mau di kenakan pajak min?,2025-01-20 05:38:05+00:00,negatif
min turunin harga roko esse,2025-01-20 05:34:02+00:00,negatif
ppn naik tapi honorer hanya paruh waktu??? ini bener min?,2025-01-20 05:33:43+00:00,negatif
min. bantu saya balikan sama pacar saya min,2025-01-20 05:23:14+00:00,negatif
🥰,2025-01-20 05:18:32+00:00,positif
😁,2025-01-20 05:18:32+00:00,positif
😭,2025-01-20 04:25:41+00:00,positif
Pa trima ksih ramadan libur 45 hari sampai lebaran klo ga libur ank ank sd kasian harus lemes dlm keadaan puasa otak harus mikir dlu saya kecil jaman pa presiden suharto sama libur jg,2025-01-20 03:41:25+00:00,negatif
😁,2025-01-20 03:39:53+00:00,positif
🥰,2025-01-20 03:38:02+00:00,positif
😭,2025-01-20 03:26:00+00:00,positif
pak saya kena tipu investasi lactalis runch. tolong kami pak,2025-01-20 03:24:42+00:00,netral
🥰,2025-01-20 03:14:59+00:00,positif
😔,2025-01-20 03:05:25+00:00,positif
makan gratis mana,2025-01-20 02:55:25+00:00,positif
min puasa libur kagak😁,2025-01-19 12:28:22+00:00,positif
min bulan puasa libur ga sih,2025-01-19 12:11:12+00:00,negatif
😭,2025-01-19 12:09:41+00:00,positif
pakkk jadii gakkk liburr 45 harii,2025-01-19 12:04:33+00:00,negatif
😁,2025-01-19 11:52:15+00:00,positif
😭,2025-01-19 11:49:26+00:00,positif
😁,2025-01-19 11:49:07+00:00,positif
"gimana ini min, dengan kenaikan pajak 12% kog semua kebutuhan pokok rakyat kecil ikut naik semua? tolong kasih solusi buat rakyat kecil",2025-01-19 11:48:31+00:00,negatif
🥰,2025-01-19 11:31:49+00:00,positif
😭,2025-01-19 11:31:20+00:00,positif
😞,2025-01-19 11:30:55+00:00,positif
pak makan gratis nya kapan pakk,2025-01-19 11:30:33+00:00,positif
😁,2025-01-19 11:25:29+00:00,positif
😁,2025-01-19 11:16:50+00:00,positif
🥰,2025-01-19 11:16:50+00:00,positif
puasa libur kgk min??,2025-01-19 11:14:00+00:00,negatif
🥰,2025-01-19 11:09:04+00:00,positif
😳,2025-01-19 11:08:24+00:00,positif
🥰,2025-01-19 11:03:36+00:00,positif
♥,2025-01-19 11:01:12+00:00,positif
min tau gk motor impian ku dari huruf k,2025-01-19 10:58:08+00:00,negatif
pak anak ganteng main apa,2025-01-19 10:56:34+00:00,netral
🥰,2025-01-19 10:56:12+00:00,positif
😳,2025-01-19 10:51:48+00:00,positif
pa makan siang disekolah udah gratis tapi kapan makan gratis ayam nya🙏☺️😁,2025-01-19 10:42:20+00:00,negatif
pa libur ya jadi ga pa,2025-01-19 10:40:29+00:00,negatif
min bulan puasa libur aja,2025-01-19 10:35:59+00:00,negatif
🥰,2025-01-19 10:35:09+00:00,positif
😘,2025-01-19 10:30:05+00:00,positif
🥰,2025-01-19 10:27:45+00:00,positif
🥰,2025-01-19 05:40:29+00:00,positif
pak tolong liburkan sekolah di bulan puasa🙏🙏,2025-01-19 05:33:37+00:00,positif
😁,2025-01-19 05:16:42+00:00,positif
🥰,2025-01-19 05:14:52+00:00,positif
😳,2025-01-19 05:14:38+00:00,positif
😍,2025-01-19 05:14:09+00:00,positif
🥺,2025-01-19 05:10:21+00:00,positif
"Maaf tidak sependapat dengan tulisan yang ada di sini , dikatakan ikan tidak di pajak , tapi di PNbp",2025-01-19 05:09:21+00:00,negatif
🥰,2025-01-19 05:01:02+00:00,positif
🤩,2025-01-19 04:54:12+00:00,positif
😁,2025-01-19 04:52:55+00:00,positif
😳,2025-01-19 04:52:33+00:00,positif
😁,2025-01-19 04:49:01+00:00,positif
😞,2025-01-19 04:41:59+00:00,positif
😁,2025-01-19 04:41:37+00:00,positif
🥰,2025-01-19 04:29:56+00:00,positif
😫,2025-01-19 04:28:40+00:00,positif
min jadi libur gk bulan puasa?,2025-01-19 04:27:22+00:00,negatif
❤,2025-01-19 04:25:59+00:00,positif
pakk di kalimantan gk ada di kapuas gk ada makanan bergiji gk pak tolong pak,2025-01-19 04:23:43+00:00,negatif
😁,2025-01-19 04:20:20+00:00,positif
🥰,2025-01-19 04:19:56+00:00,positif
"pak maaf melenceng, kampung saya tanjung balai karimun kep riau, banyak sampah tepi jalan pak saya lihat beberapa hr tampa ada ngangkut🙏🙏
blh kah Bpk menegur pemerintah setempat dsni",2025-01-19 04:18:35+00:00,negatif
bener gk min bulan puasa libur 1 bulan??,2025-01-19 04:12:35+00:00,negatif
pa jadi libur 1 bulan,2025-01-19 03:57:13+00:00,negatif
🥰,2025-01-19 03:54:42+00:00,positif
"min banyak kan lagi tembaganya min,dan naikin lagi harga nya",2025-01-19 03:50:52+00:00,negatif
♥,2025-01-19 03:44:46+00:00,positif
🤤,2025-01-19 03:43:22+00:00,positif
😳,2025-01-19 03:39:19+00:00,positif
🥰,2025-01-18 23:03:53+00:00,positif
kalian harus lihat vt terbaru gua,2025-01-18 22:54:15+00:00,positif
😁,2025-01-18 22:40:04+00:00,positif
"PABRIK RAKSASA YG JUAL LANGSUNG KE CUSTOMER SEMESTINYA PERLU DIKASIH PERATURAN..JANGAN PPN SAJA
BISA MATI DISTRIBUTOR..SUPLAYER..AGEN DAN TOKO KELONTONG.
CONTOH WINGS OFFICIAL..UNILEVER OFFICIAL..DLL",2025-01-18 22:31:25+00:00,negatif
😁,2025-01-18 22:28:57+00:00,positif
😔,2025-01-18 22:28:55+00:00,positif
🥰,2025-01-18 22:27:26+00:00,positif
Min turunkan harga paketan Uma racing🥰,2025-01-18 22:23:07+00:00,positif
😭,2025-01-18 22:16:07+00:00,positif
😁,2025-01-18 21:50:55+00:00,positif
😢,2025-01-18 21:33:04+00:00,positif
😔,2025-01-18 20:10:19+00:00,positif
😭,2025-01-18 20:04:04+00:00,positif
😁,2025-01-18 19:39:09+00:00,positif
😁,2025-01-18 19:06:10+00:00,positif
🤲,2025-01-18 19:03:55+00:00,positif
😁,2025-01-18 18:58:01+00:00,positif
"Pak tolong bantu selamatkan suami saya dan kawan2 nya sekitar puluhan orang yg sekarang terlantar di Kamboja, karena ingin di buang dari company scam, dan gajipun tidak di bayar, gak tau sekarang mereka bisa tdur nyenyak apa bisa makan di sana tolong bantu pak, ini nomor suami saya masih bisa di hubungi untuk saat ini, tapi gak tau kalo nanti +62 812-6709-3311 🥹🥹🥹🙏🙏🙏🙏",2025-01-18 18:54:47+00:00,negatif
minn top upinn epep min id=10312664984,2025-01-18 18:39:10+00:00,positif
😁,2025-01-18 18:18:36+00:00,positif
Fiz r termasuk barang mewah kah minra,2025-01-18 18:02:56+00:00,positif
🤩,2025-01-18 17:34:35+00:00,positif
min belom dapat makan gratis nih☺️,2025-01-18 17:29:13+00:00,positif
"kasih ku 300 terliun jika tidak di miskin kan dan hukumnya cuma 6,5 tahun",2025-01-18 17:29:00+00:00,negatif
😁,2025-01-18 17:18:45+00:00,positif
❤,2025-01-18 17:06:51+00:00,positif
😭,2025-01-18 17:06:18+00:00,positif
Min liburkan kami 1 bulan penuh atau kami mogok sekolah se indonesia 😈😏,2025-01-18 17:00:55+00:00,negatif
🥺,2025-01-18 16:55:41+00:00,positif
😁,2025-01-18 16:22:37+00:00,positif
min lebih keren mana motor crf sama beat?,2025-01-18 10:56:25+00:00,negatif
mimin tolong buat pemerintah cover lasik pake bpjs😭😭😭 yg bermata minus di indo udah buanyak & pengen lihat normal lagi🙃🙃🙃🙃,2025-01-18 10:51:34+00:00,negatif
min..aku di jdi in plampiasan sma diaa..tpi aku jdi in dia pacar ke dua ku..gpp kan minn?,2025-01-18 10:47:35+00:00,negatif
"min, jadilah libur 1 bulan full, ya ya ya yah plis 🤗🤗",2025-01-18 10:32:11+00:00,negatif
di sekolahan Rafatar ada makanan ber gizi gratis gak,2025-01-18 10:31:06+00:00,positif
min turunin harga nmax new,2025-01-18 10:26:49+00:00,positif
min ilangin matematika dong bikin pusing,2025-01-18 10:26:48+00:00,negatif
🥰,2025-01-18 10:15:46+00:00,positif
😁,2025-01-18 09:36:50+00:00,positif
"ini admin ramah banget,, orang toxic di ladenin.. pake ramah lagi 🔁",2025-01-18 09:36:40+00:00,negatif
☹️,2025-01-18 09:21:31+00:00,positif
😁,2025-01-18 09:17:56+00:00,positif
🥰,2025-01-18 09:14:41+00:00,positif
min tolong wancana woterboom seindah mungkin di Kalimantan timur,2025-01-18 09:09:30+00:00,negatif
🥰🥰🥰,2025-01-18 09:08:21+00:00,positif
min musna kn narkoba saya benci sama bapak saya makai terus,2025-01-18 09:05:58+00:00,negatif
"min di sekolah ku belum kebagian makan gratisnya, baru kebagian senam sehat nya😭🙏",2025-01-18 08:57:15+00:00,positif
"pak prabowo,kami belum dapat pak🥺",2025-01-18 08:48:53+00:00,netral
gajadi liburrrr niiiii 😞,2025-01-18 08:38:42+00:00,negatif
liburin aja sekolah dari pada mokel di sekolah,2025-01-18 08:24:28+00:00,positif
pak Prabowo tolong sekali jangan coret Rafael straick dari pemain bola timnas U-23 dia banyak yng dukung timnas semoga di baca amin🤲🤲🫶,2025-01-18 07:40:51+00:00,negatif
@b aja:ramadhan kasih libur cok,2025-01-18 07:40:40+00:00,netral
🙃,2025-01-18 06:59:36+00:00,positif
🥰,2025-01-18 06:56:44+00:00,positif
harga tiket pesawat jadi turun gak min ..?,2025-01-18 06:46:49+00:00,negatif
jadi libur 45 hari gak minnn,2025-01-18 06:24:44+00:00,negatif
min emng bener gak ada libur untuk anak sekolah selama 45 hari🙏,2025-01-18 05:56:24+00:00,negatif
😁,2025-01-18 05:33:24+00:00,positif
min minta tolong liat dm saya penting jika berkenan🙏,2025-01-18 05:32:03+00:00,netral
jadi libur GK min puasa,2025-01-18 04:55:00+00:00,negatif
aku lagi menunggu makan gratis🗿😁,2025-01-17 08:49:21+00:00,negatif
😭,2025-01-17 08:46:59+00:00,positif
"@Angers Red ID7:pak prabowo, daerah saya kota banjarnegara belum dapet makan gratis. @partaigerindra",2025-01-17 08:41:11+00:00,negatif
"blokir semua pinjol pak, maupun legal/ilegal",2025-01-17 08:30:51+00:00,negatif
🥰,2025-01-17 08:27:28+00:00,positif
"uda bahan pokok naik , bpjs aturannya gak jelas ,trus rakyat kecil gmna .. tolong bpjsnya di benerin ..kalau emamg kayak giti peraturannya .. masyarakat jangan di wajibkan ikut bpjs",2025-01-17 07:44:01+00:00,negatif
🗿,2025-01-17 07:41:26+00:00,positif
🥰,2025-01-17 07:29:09+00:00,positif
"harga wifi, kuota dan pulsa naik minn, itu bukan barang mewahhh😭😭😭😭",2025-01-17 07:21:37+00:00,negatif
Aku mau Tanya kenapa Siswa harus Senam setiap hari??????????????,2025-01-17 07:05:15+00:00,negatif
🥰,2025-01-17 06:49:49+00:00,positif
🥰,2025-01-17 06:28:21+00:00,positif
"pak prabowo tolong buatkan aplikasi taxol yg murah potongan
taxol sekarang potongan terlalu besar
terima kasih",2025-01-17 06:22:35+00:00,negatif
😃,2025-01-17 06:21:41+00:00,positif
😅,2025-01-17 06:21:09+00:00,positif
":admin gerinda mau nanya nih di Ambon kapan yah tepatnya di Tial di SMP 27 malteng, ditungg blsannya",2025-01-17 06:19:20+00:00,negatif
🥰,2025-01-17 06:06:25+00:00,positif
😁,2025-01-17 05:57:28+00:00,positif
pak turunin harga motor vario,2025-01-17 05:51:06+00:00,netral
"batalin aja min program makan siang gratis, terlalu banyak makan anggaran",2025-01-17 05:17:58+00:00,negatif
di sapa gua beli helikopter 🗿,2025-01-17 05:11:17+00:00,positif
"minnn kenapa sekarang s1 farmasi ngk bisa baut str harus nyambung apoker kn ngk semua sanggu biaya nya lanjut ke apoteker, kalau kami ngk ada str ngk bisa laa carik kerja",2025-01-17 05:01:47+00:00,negatif
😹,2025-01-17 04:19:47+00:00,positif
"min tong dong bilangin jalan di Lampung Tengah seputih Mataram suruh benerin, gara gara jalan rusak cewek gw gak mau di bonceng pakek beat, malah ngajak mancing😔",2025-01-17 04:11:37+00:00,negatif
pak belum dapat makan gratis ni kalteng,2025-01-17 03:59:35+00:00,negatif
min turunin harga pulau,2025-01-17 03:50:48+00:00,positif
🥰,2025-01-17 03:43:42+00:00,positif
😍😍😍,2025-01-17 03:42:01+00:00,positif
min jalan Kota Brebes dari sekian abad kok masih amburadul yaa,2025-01-17 03:38:29+00:00,positif
pak Prabowo tolong kmi pak kmi sedang kesulitan mau masuk rumah sakit gawat darurat TPI BPJS kmi sulit aktip pak tolonglah😥😪,2025-01-16 06:59:00+00:00,negatif
😃,2025-01-16 06:50:01+00:00,positif
"@@surianie:hari ini saya bikin SIM c 380 ribu 😭😭😭😭😭😭😭 knpa harganya beda2 😭, sepupu saya 335 ribu kok di aku mahal 😭kota ku Bulukumba heran saja gitu beda2 harganya",2025-01-16 06:43:12+00:00,negatif
min cewe michat naik juga harganya min... gimana nih yang biasa 5.000 dapat 3 sekarang cuma 1 min,2025-01-16 06:17:40+00:00,negatif
😁,2025-01-16 06:14:50+00:00,positif
"untuk yang non data base kemudian terlanjur mengikuti CPNS sampai SKD, mari ikut gabung ke Grup, kita perjuangkan Nasib kita.
https://t.me/+c2nFtUTu-aYwYzk1",2025-01-16 06:14:22+00:00,positif
kak gem kata2 hari ini,2025-01-16 06:12:24+00:00,positif
🥰🥰🥰,2025-01-16 06:02:18+00:00,positif
bismillahirrahmanirrahim assm wr wb masyaallah subbahanallah alhamdulillah ya allah sungguh kweereer ini lah contoh presiden yg memikirkan rakyat Indonesia dn smg bpkk selalu di paringi nikmat sht aam,2025-01-16 05:27:02+00:00,negatif
"astaga malah dinaikin, rata rata gaji di indo aja masih rendah, pajak dimana mana, pengennya maju tapi asal buat kebijakan",2025-01-16 05:13:43+00:00,negatif
pak presiden kapan program makan gratis di laksanakan di Sulawesi Selatan pak?,2025-01-16 05:12:12+00:00,negatif
jadi ga nii puasa libur min,2025-01-16 04:52:12+00:00,positif
🤲,2025-01-16 04:45:34+00:00,positif
hapus sistem outsourcing min🙏,2025-01-16 04:10:32+00:00,positif
🥰,2025-01-16 04:07:30+00:00,positif
"tapi sembako knapa naik semua harganya pak presiden😭😭😭 yg biasanya santan kara 10rb dapet 3, skrg 10rb cuma dapet 2 aja😭😭😭",2025-01-16 04:04:54+00:00,negatif
please deh skrg beli Aqua aja disteuk udah kena PPN 12% bos 🤭🤭🤭,2025-01-16 03:47:45+00:00,negatif
🥰,2025-01-16 03:21:34+00:00,positif
Min harga sawit makin turun 🥲,2025-01-16 03:16:32+00:00,negatif
🥰,2025-01-16 03:10:10+00:00,positif
kalau bisa tiker pesawat ke Kalimantan di turunkan min sudah 7 tahun ni GK pulang2🤭🤭,2025-01-16 03:07:59+00:00,negatif
💗,2025-01-16 03:01:33+00:00,positif
Min harga cabe naik drastis min 😭,2025-01-16 02:57:39+00:00,negatif
min bisa turunin harga iPhone ga sih😁😂😅,2025-01-16 02:50:31+00:00,negatif
Elpiji naik pak 😭 mnta tol perusahaan dan distributor diberi sanksi karena dimasyarakat naik itu Elpiji,2025-01-16 02:40:16+00:00,negatif
"Pak,,tolong yg menaikkan harga seenaknya diberi sanksi yang keras",2025-01-16 02:38:02+00:00,negatif
👍👍👍,2025-01-16 02:24:51+00:00,positif
"@im parfum kosmetik:pak tolong buatkan hukum UUD khusus para janda-janda muda, sangat meresahkan di medsos. 😕@gerindra",2025-01-16 02:24:07+00:00,positif
"mau tanya min, kalau pemimpin desa ga amanah itu baik nya d apain ya???",2025-01-16 02:15:11+00:00,negatif
🥰🥰🥰,2025-01-16 02:01:11+00:00,positif
🙏,2025-01-15 09:56:57+00:00,positif
"@IRWAN MO SAJA::maling kayu 5,tahun
maling duit 300triliun 6,stengah tahun kayu 7 tahun
di mana letak ke adilan prabowo ha, Jawap, lucu yah negara konoha haha",2025-01-15 09:40:53+00:00,negatif
😳,2025-01-15 09:36:41+00:00,positif
min suami gw mau nikah lagi😭,2025-01-15 09:17:53+00:00,negatif
pak presiden Prabowo tolong driver ojol aplikator di jakarta ingin menang sendiri tidak ada keadilan bagi masyarakat ajol pak yg hidup nya ada di jalan tolong di bantu kami menuntut keadilan🙏,2025-01-15 09:00:01+00:00,negatif
min mau tanya soal PPN klo hp juga kena gak min soalnya mau ganti hp yg saya pakai saat ini sudah rusak parah😔🙏,2025-01-15 08:37:23+00:00,negatif
😋,2025-01-15 07:51:09+00:00,positif
di tempat kami malah gas naik katanya ikut ppn naik gas juga ikut naik gimana ini min,2025-01-15 07:41:32+00:00,negatif
Oyy min turunin harga ninja ss🗿,2025-01-15 07:22:34+00:00,positif
😔,2025-01-15 07:18:38+00:00,positif
Selamat Siang Min Info URGENT mohon di up dan bantuan secara HUKUM atau pendampingan HUKUM. disini ada permasalahan suatu kasus (pelecehan dan kekerasan kepada anak dibawah umur) kita sudah lapor kepada pihak kepolisian. akan tetapi kasus tersebut berujung damai dari sebelah pihak . dan untuk dari pihak paman korban menginginkan untuk kasus tersebut tidak dilakukan proses secara damai dan menginginkan untuk proses HUKUM berlanjut sesuai dengan UUD yang berlaku. Terima kasih mohon di notif,2025-01-15 07:16:11+00:00,negatif
"tolong partai grindra hentikan PRESENSI ONLINE MENYUSAHKAN SEKLI
TENGO KIRI, TENGO KANAN, TENGO ATAS, TENGO BAWAH,
SENYUM LAMA SKLI DITANGKAP APLIKASI KADANH ERROR DIUALNG2 BANYAK KALII",2025-01-15 07:08:15+00:00,negatif
"I Love You Pak Prabowo, Semoga Bapak Dilindungi Allah SWT..",2025-01-15 06:50:38+00:00,positif
🤩,2025-01-15 06:50:00+00:00,positif
min turunin harga anggur ngak ngotak banget harga nya,2025-01-15 06:35:39+00:00,negatif
nyari yg tulus dimana min?,2025-01-15 06:27:44+00:00,negatif
pak tolong dong kami yg dari guru swasta juga diperbolehkan mendaftar di p3k kenapa gkboleh sih pak kami jg mendidik dan ingin gajih yg layak,2025-01-15 06:22:48+00:00,positif
Gerindra kapan makan gratis nya ke provinsi jateng kami udah laper pak?? 🙏🏻😭,2025-01-15 06:22:42+00:00,negatif
"mindra lucu ih kalo ngetik pake koma terus, lop ah sekebon, bapak juga sehat panjang umur😍",2025-01-15 06:05:07+00:00,negatif
😁,2025-01-15 05:51:40+00:00,positif
Min Cabe Mahal Min Massa Perkilo 130K,2025-01-15 05:47:14+00:00,negatif
🙂,2025-01-15 05:45:24+00:00,positif
minn pilihh mohan apa fattah😭🙏,2025-01-15 05:32:26+00:00,negatif
pak provinsi kalimantan barat belum dapat nasi gratis😭😭😭,2025-01-15 05:31:18+00:00,negatif
kmi gk butuh dikasih bntuan apapun min msih juga salah sasaran kdg yg kaya pun' dpt bntuan pemerintah 'kmi butuh brg sembako aj jgn naik. krn skrg smua barang mulai merangkak naik.. gas pun naik,2025-01-15 04:49:47+00:00,negatif
"pak tolong hapus
apk pinjol
apk michat
apk merah
apk slot
suami yg selingkuh penjarakan saja
pak agar masyarakat mu sejahtera pak",2025-01-15 03:53:39+00:00,negatif
Nyari yg tulus dimana min?,2025-01-15 03:30:53+00:00,negatif
😋,2025-01-15 02:43:53+00:00,positif
bleh spill mukanya gak min😂😂,2025-01-15 02:41:51+00:00,negatif
Pak aku yatim,2025-01-15 02:38:28+00:00,positif
"@cinta: min tlong dong luaskn lapangan pekerjaan untk usia 30thn ke atas 🥹🥹 di luar ngri aja batas usia 45 tahun msh bisa krja, ini di negra kita paling mentok umur 25 thun 😭😭 mau kluar negri lagi blm di tutup,,, 🥺🥺 tlong ubah dong min praturan krjnya 🥺 biar mengurangi pengangguran dalam negra 🙏🙏🙏",2025-01-14 09:52:39+00:00,negatif
🥺,2025-01-14 09:20:57+00:00,positif
😍,2025-01-14 09:16:00+00:00,positif
"Tolong sampein ke bapak presiden min, masyarakat nya masih sibuk pertikaian masalah agama,pertikaian merebut keamanan kekuasaan proyek proyek kecil, sedangkan asing aseng sibuk meraup ekonomi di negara kita , sudah banyak dari barang barang kecil aja misal nya hasil import yg djual di tiktok shop ini yg legalitas dari sumber nya masih tanda tanya ,tolong sampein untuk segera meningkatkn SDM kita dari sejak dini ,terimakasih min 🙏",2025-01-14 08:57:36+00:00,negatif
"masuk akal ga min kalau cuman buat surat keterangan waras di RS dan buat surat keterangan bebas narkoba di RS totalnya mencapai 1,2 juta, padahal cuman mau daftar SPPI yang mana belum tentu lulus 🙂",2025-01-14 08:37:25+00:00,negatif
min pas puasa libur kah,2025-01-14 08:34:48+00:00,negatif
🥰,2025-01-14 08:28:00+00:00,positif
😁,2025-01-14 07:53:09+00:00,positif
😁,2025-01-14 07:51:07+00:00,positif
min gimana cara nyah punya hp iphone,2025-01-14 07:45:05+00:00,negatif
"min saya minta cimin min, mata saya min tidak pernah makan cimin, tolong ya min",2025-01-14 07:40:27+00:00,negatif
🥰,2025-01-14 07:25:42+00:00,positif
"admin gerinda pasti kalo bls ujungnya "".""",2025-01-14 07:20:35+00:00,negatif
min..bantuan untuk TKI apa betul ada?,2025-01-14 07:17:05+00:00,netral
pa tolong turunin harga crf dong pa,2025-01-14 07:11:55+00:00,negatif
"Bapak,tolong jangan hapuskan bantuan dari ATM merah putih🥺 mereka sangat butuh pak",2025-01-14 07:11:18+00:00,positif
"Hallo Min @gerindra mungkin ini agak sedikit lancang ya, kalau bisa mutasi PNS jangan sampai 10tahun min, kalau bisa 2 tahun aja min, kasihan anak dan istri🥹🙏🏻🙏🏻",2025-01-14 06:19:15+00:00,negatif
min tukin di daerah kab pdlng dong tolong diselidiki,2025-01-14 06:13:32+00:00,negatif
🥰,2025-01-14 05:42:14+00:00,positif
😭,2025-01-14 05:40:02+00:00,positif
🥺,2025-01-14 05:07:14+00:00,positif
"minn kami nangis dikalimantan tengah beli gas, ini harga gas tabung 3kg 50rb dikalimantan tengah, gk ada subsidi kah biar harganya murah",2025-01-14 05:05:33+00:00,negatif
😁,2025-01-14 04:49:01+00:00,positif
tapi harga² udh pada naik,2025-01-14 04:40:07+00:00,netral
😭,2025-01-14 04:34:26+00:00,positif
gue isi pulsa katanya bayar nya naik 12% buset.,2025-01-14 04:11:17+00:00,negatif
😁,2025-01-14 04:02:44+00:00,positif
pa bantu kami kebakaran rumah di Tasik Malaya,2025-01-14 03:47:30+00:00,negatif
kata2 untuk posko 43 min,2025-01-14 03:24:19+00:00,netral
min apa bener puasa libur 1bulan,2025-01-13 11:03:41+00:00,netral
"@farez:min tolong di hapuskan aja min aplikasi paylater indo dana, aku beli laptop buat adek sekolah cicil pakek apk itu telat sehari dendanya 200k an min, ya allah sedih bgt, aku berusaha biar adek pakek laptop sama kaya temen2nya malah di perasaan gini min, telat 1 hari doang",2025-01-13 10:55:45+00:00,negatif
min cara disukai balik sm dia gimana?,2025-01-13 10:52:13+00:00,negatif
SMPN 1 Kuala kurun belum dapat makanan gratis,2025-01-13 10:46:18+00:00,negatif
😳,2025-01-13 10:32:20+00:00,positif
min knp sklh ku blm ada mkn gratis,2025-01-13 10:23:33+00:00,positif
Sapa dong,2025-01-13 10:21:00+00:00,positif
bapak presiden beneran gak sih puasa nt libur 🙏,2025-01-13 10:19:18+00:00,negatif
"kapan rakyat Indonesia pintar ya, hanya beda pilihan kalian mengadu domba penduduk negri ini, tapi ingin Indonesia baik, hanya karena beda pilihan rela merusak nama orang lain.",2025-01-13 10:06:16+00:00,netral
pak nopo perei pas Poso pak 45 hari pak pliss pak 😭😭,2025-01-13 09:56:25+00:00,negatif
"min saya pengangguran, boleh ga saya kerja di rumah pak prabowo, saya anak bungsu udah ga punya orang tua 😔, saudara kandung tinggal 1",2025-01-13 09:47:26+00:00,positif
😁,2025-01-13 09:17:56+00:00,positif
jdi brapa persen ya PPN di Indomart? soalnya kmrn pernah belanja cmn 50k ppn nya 10k 😭 semenjak itu gapernah lgi ke idm🥺,2025-01-13 09:13:24+00:00,negatif
"Aku belanja sabun,kopi,teh,roti di indomarer pajaknya 11 persen lebih
nang sabun,kopi,teh,roti barang mewah",2025-01-13 09:08:07+00:00,negatif
pak di sekolah saya blm ada makan gratis,2025-01-13 08:58:51+00:00,positif
"Selamat sore pak izin melaporkan ada nya pemotongan gaji dari PT GIS tidak tahu pemotongan buat apa udah 2 bulan gaji kami di potong terus pak kami rakyat miskin dibodoh bodohin pak saya selaku security dari PT GIS ber tugas di Langkat tepatNya di batang serangan izin pak
#Semoga di baca ya Allah🤲
#Tolong kami pak
#PejabatKorupsiGaji",2025-01-13 08:46:49+00:00,negatif
min turun kan harga vleg alloy min🥺🥺,2025-01-13 08:43:34+00:00,positif
😁,2025-01-13 08:42:58+00:00,positif
💗,2025-01-13 08:40:24+00:00,positif
😁,2025-01-13 08:36:45+00:00,positif
🥰,2025-01-13 08:32:20+00:00,positif
🥰,2025-01-13 08:29:36+00:00,positif
pak plus liburin bulan puasa kaya di siksa fi sklh udah nhn laper mana hapalan lgi,2025-01-13 08:26:56+00:00,negatif
💐,2025-01-13 08:25:55+00:00,positif
"Selamat sore pak izin melaporkan ada nya pemotongan gaji dari PT GIS tidak tahu pemotongan buat apa udah 2 bulan gaji kami di potong terus pak kami rakyat miskin dibodoh bodohin pak saya selaku security dari PT GIS ber tugas di Langkat tepatNya di batang serangan izin pak
#Semoga di baca ya Allah🤲",2025-01-13 08:22:34+00:00,negatif
😏,2025-01-13 08:04:27+00:00,positif
"mau anis atau ganjar,tapi senyum manis mu memberikan luka yang tak wajar",2025-01-13 07:58:47+00:00,negatif
pajak motor katanya naik,2025-01-13 07:58:01+00:00,negatif
min aku tersesat gak tau jalan lurus,2025-01-13 07:54:25+00:00,negatif
ini libur 45 hari nya bner atau gak?,2025-01-13 07:53:12+00:00,negatif
🔥,2025-01-12 15:42:33+00:00,positif
min kalo makan berapa hari sekali?,2025-01-12 15:28:35+00:00,negatif
bang Skena atau Starboy,2025-01-12 15:20:15+00:00,negatif
min bulan puasa semua sekolah liburin ya,2025-01-12 15:15:45+00:00,positif
min turunin harga Channa barca sama auranti 🙏🙏🙏,2025-01-12 15:09:59+00:00,negatif
min kalau mobil dibawah 300 juta dihitung ngak,2025-01-12 15:06:57+00:00,negatif
info loker pak,2025-01-12 14:53:11+00:00,positif
🥰,2025-01-12 14:46:55+00:00,positif
"min, serius tolong solusi tentang imunisasi khusunya DPT1-3 banyak ortu yg enggan untuk melakukannya karna efek sampingnya yg mengkhawatirkan, jadi banyak yg memilih untuk enggan melakukan imunisasi.",2025-01-12 14:31:49+00:00,negatif
pak tolong pak hilangin razia rambut semua sekolah🥺,2025-01-12 14:29:45+00:00,negatif
😁,2025-01-12 14:26:43+00:00,positif
😁,2025-01-12 14:23:55+00:00,positif
bapak itu yang kmrin viral ibu ibu nangis ditarik paksa sama aparat dari rumahnya harus ditangani.,2025-01-12 14:18:56+00:00,negatif
pinjam uang min untuk beli vnd,2025-01-12 14:06:10+00:00,negatif
"Assalamualaikum, Min. Maaf saya mau laporkan Kasus korupsi Bupati waropen. Pegawai Honorer Dinas Pemberdayaan Masyarakat dan Kampung mereka gak digaji udh 3 tahun bekerja. @gerindra",2025-01-12 14:00:49+00:00,negatif
PK Gerindra tolong aku aku stresss gragra sekolahku nyuruh ku buat ekobrickk udh cpe cpe ngerasin giliran di tumpuk mlh di lempar SM guruku GK ngehargain bgt guruku aku dh setresssssssss😔,2025-01-12 13:47:15+00:00,negatif
bagusan cb apa vario min minta sarannya,2025-01-12 13:31:48+00:00,netral
min ada GK sekolah SPP nya 20 Rp tapi sekolahannya ada kolam renang nya,2025-01-12 13:07:49+00:00,negatif
❤️,2025-01-12 13:07:24+00:00,positif
"pak boleh saya mintak tolong, saya blm makan 3 hari ini... bantu untuk makan saya hari ini aja pak, saya udh cari kerja blm ad dpt2 saya mohon pak..🙏🙏🙏🙏🙏🙏🙏🙏🙏🙏🙏🙏",2025-01-12 12:41:48+00:00,netral
🥰,2025-01-12 12:40:52+00:00,positif
🗿,2025-01-12 12:33:12+00:00,positif
😘,2025-01-12 12:19:24+00:00,positif
🥰,2025-01-12 12:09:47+00:00,positif
😁,2025-01-12 11:54:51+00:00,positif
🥺,2025-01-12 11:50:20+00:00,positif
kata BBC naik semua lee,2025-01-12 11:38:17+00:00,negatif
minnn kasihhh aku sepeda listrik,2025-01-12 11:35:35+00:00,negatif
🤨,2025-01-12 11:30:07+00:00,positif
hapuskan opsen pajak kendaraan min.parahh,2025-01-12 11:10:38+00:00,negatif
"Min tlng libur 1 bln pas bln ramadha sama magang kmpus merdeka dibalikin min, sy sebagai mahasiwa membutuhkannya 🙏",2025-01-11 22:15:29+00:00,negatif
gue nonton ini sampe 200 volume nya biar kakak2 gue tauu😭,2025-01-11 22:04:06+00:00,negatif
min itu urusan korupsi sopan gi mana min di negara luar ajh 1.5 t hukuman mati masa ini hukuman 6.5 tahun karna sopan 😂😂,2025-01-11 20:21:18+00:00,negatif
min itu masalah korupsi sopan gi mana min,2025-01-11 20:20:29+00:00,negatif
@gerindra min liat dm saya🙏,2025-01-11 19:40:57+00:00,positif
😳,2025-01-11 18:53:51+00:00,positif
minn kapan aku bisa di atass 😞,2025-01-11 18:47:41+00:00,netral
mindra awalin pulang pak jangan pukul 2 capek sekolah,2025-01-11 18:43:18+00:00,negatif
#SavehonorerIndonesia,2025-01-11 18:35:58+00:00,negatif
PAK MAU MINTA MODAL NIKAH DITAHUN INI😁🤗,2025-01-11 16:46:10+00:00,negatif
😁,2025-01-11 16:09:53+00:00,positif
min telor gulung kena ??,2025-01-11 15:45:24+00:00,negatif
bikin jalan tol ke sukasari udah polow,2025-01-11 15:39:59+00:00,negatif
pak presiden yang terhormat selain ppn tolong hapuskan situs judi online pak 🙏,2025-01-11 15:26:56+00:00,positif
"bg bantu akun justiceforrahmad agar viral,kasihan keluarga mereka mencari keadilan untuk anaknya yg pergi tanpa kepastian,karna bobrok nya kinerja Polsek pasar rebo🙏🙏🙏",2025-01-11 15:09:39+00:00,negatif
min tlg baca dm kuuuuu,2025-01-11 14:57:32+00:00,negatif
"usut tuntas pihak dana min takut ada kerja sama, masak iya banyak uang rakyat kecil seperti kami yang simpan di ewalet via dana di hacker, gak recomended dg pihak dana keamananya miris",2025-01-11 14:37:17+00:00,negatif
Info loker dong min😞,2025-01-11 14:33:17+00:00,positif
😁,2025-01-11 14:27:23+00:00,positif
kasian sekali yang kemarin udah nyinyir mashaallah bapak ku emang the best,2025-01-11 14:22:30+00:00,positif
admin apakah sistem bpjs akan brubah admin..apakh penyakit yg hmpir mati ajja yg akan dicover...klo baru stengah mati dsruh di puskesmas dlu..pdhal klo anak2 yg skit ngak bisa ditund2 kasian sma nyawa,2025-01-11 13:35:01+00:00,negatif
min tolong bantu viralkan desa kami. desa balam jaya kec. way kenanga tubaba lampung yg sekarang lagi viral tanah milik aset desa dijual kepala desa 🥵🥵,2025-01-11 13:34:34+00:00,negatif
min benar gak sih peraturan bpjs yang baru?,2025-01-11 13:32:44+00:00,negatif
min,2025-01-11 13:24:10+00:00,netral
😳😳😳,2025-01-11 13:21:14+00:00,positif
"maaf pak, terjadi puting beliung di gambut kab Banjar Kalimantan Selatan, mohon bantuannya 🙏🏻",2025-01-11 13:18:13+00:00,negatif
"Tolong Honorer yang mengabdi 2 Tahun sampai 10 Tahun Lebih di angkat menjadi PPPK pak..
karena honorer se Indonesia lebih banyak..",2025-01-11 13:06:17+00:00,negatif
knp sewa lokasi untuk tenan di mall kenapa naik jg ya?,2025-01-11 12:50:42+00:00,netral
pak disini belum makan gratis,2025-01-11 12:28:16+00:00,netral
min cari yang setia dimana yah?,2025-01-11 12:27:36+00:00,netral
🥰,2025-01-11 02:14:12+00:00,positif
🤲,2025-01-11 02:12:27+00:00,positif
"pak presiden TOLONG pak judi online di hapus pak sudah banyak sekali korbanya termasuk keponakan saya yg jadi korban, sampai depresi, trimakasih",2025-01-11 01:54:23+00:00,negatif
😭😭😭,2025-01-11 01:20:57+00:00,positif
🥰,2025-01-11 01:20:45+00:00,positif
"wifi dan pulsa saja naik, da naik bukan pengumuman, gmn tu.. nyata ny di lapangan g sesuai omongan",2025-01-11 01:09:58+00:00,negatif
❤️,2025-01-11 01:08:12+00:00,positif
🥰,2025-01-11 01:07:18+00:00,positif
🥰,2025-01-11 01:03:50+00:00,positif
pada -literasi bjir😭,2025-01-11 01:03:14+00:00,netral
🤩,2025-01-11 00:57:49+00:00,positif
😭,2025-01-11 00:48:49+00:00,positif
ijin lapor pak tolong samsat yg di balaraja banyak pungli ditiap loket tolong diberantas.,2025-01-11 00:41:01+00:00,negatif
@Anisa Novianti:pak tolong datang ke DUSUN RULUNG RAYA RT/RW 003/007 NATAR LAMPUNG SELATAN ATAU BIASA DIPANGGIL DUSUN UMBUL GUNUNG dan liat jalan nya pak😭🙏,2025-01-11 00:27:48+00:00,positif
😭,2025-01-11 00:26:11+00:00,positif
"semua harga barang pasti naik, bukan hanya karena ppn, tp karena inflasi. produsen berfikir bahwa konsumen pasti beli karena butuh dan mampu. harga mahal pun pasti terjual. ada yg setuju?",2025-01-11 00:24:39+00:00,negatif
😳,2025-01-11 00:16:51+00:00,positif
😁,2025-01-11 00:12:02+00:00,positif
🙏,2025-01-11 00:08:21+00:00,positif
"ekonomi di kalteng sedang tdak baik2 saja
lebih tepat nya di kab.kotawaringin barat",2025-01-11 00:06:22+00:00,netral
🥰,2025-01-11 00:03:28+00:00,positif
😁,2025-01-11 00:02:57+00:00,positif
Min pas hari puasa anak sekolah jadi di liburkan min?,2025-01-10 23:25:15+00:00,negatif
bikin kuliah geratis pak di Kalteng pengen kuliah soalnya tpi gak mampu☺️,2025-01-10 23:12:34+00:00,negatif
🥰,2025-01-10 22:54:11+00:00,positif
😁,2025-01-10 22:52:10+00:00,positif
pak turunin harga kelapa pak tolong gak kebeli kalau 1 kelapa nya 12,2025-01-10 19:21:20+00:00,negatif
🥰,2025-01-10 18:35:24+00:00,positif
🤲,2025-01-10 18:17:50+00:00,positif
BBM balak naik ga min,2025-01-10 17:39:14+00:00,negatif
😜,2025-01-10 05:11:40+00:00,positif
😅,2025-01-10 05:03:51+00:00,positif
cari cewek setia dimana sih min??,2025-01-10 05:00:10+00:00,netral
min puasa 2025 beneran libur ga sihh min,2025-01-10 04:59:50+00:00,netral
sehat terus ya pak,2025-01-10 04:46:56+00:00,positif
terpantau harga minyak goreng mulai naik 😅😅😅,2025-01-10 04:38:01+00:00,negatif
😋,2025-01-10 04:23:51+00:00,positif
min gmn cara nya BS ketemu pak prabowo🥰,2025-01-10 04:00:38+00:00,positif
🥰,2025-01-10 03:56:05+00:00,positif
tolong jangan liburrr saat bulan Ramadhan,2025-01-10 03:47:57+00:00,negatif
scoopy ku aja 700k pajak nya 😂,2025-01-10 03:44:29+00:00,positif
🥰,2025-01-10 03:44:17+00:00,positif
min tolong bisa diusut atau dipercepat untuk bayarkan gaji guru kontrak provinsi Riau sudah 3 bulan belum dibayar. kasihan yang kepala keluarga atau banyak tanggungan min🙏 @partaigerindra @DPD Gerindra Riau,2025-01-10 03:20:47+00:00,negatif
🥰,2025-01-10 03:04:05+00:00,positif
"bapak kenapa hidup di Indonesia penuh dg pajak, gaji potongan pajak, mkn pajak, motor pajak, astaghfirullah kerja buat hidup bukan hanya untuk bayar pajak pak, 100 ribu byr pajak sangat berarti",2025-01-10 03:00:57+00:00,positif
😅,2025-01-10 02:40:33+00:00,positif
😁,2025-01-10 02:31:16+00:00,positif
😭😭😭,2025-01-10 01:56:52+00:00,positif
"min kenapa pkerjaanku potongan pph nya banyak banget padahal gaji desember diterima januari ,tp kenapa udah dipotong.untuk bln januari padahal belum terima gaji",2025-01-10 01:50:13+00:00,negatif
🥰,2025-01-10 01:47:44+00:00,positif
min turun kan harga sembako🥺😂,2025-01-10 01:31:38+00:00,positif
😁,2025-01-10 00:58:51+00:00,positif
☹️,2025-01-10 00:57:51+00:00,positif
😭,2025-01-10 00:50:21+00:00,positif
😁,2025-01-10 00:15:57+00:00,positif
SAHKAN UNDANG2 PERAMPASAN ASET KORUPTOR,2025-01-10 00:00:50+00:00,negatif
"min Kara naik loh min, dri 3500 skrang 5000 min, nggak ngolak besok min😌",2025-01-09 23:56:56+00:00,negatif
Alhamdulillah.. Semoga tidak ada yang bermain korupsi di bawah pimpinan pak prabowo terutama soal makan dan pajak.,2025-01-09 23:47:54+00:00,negatif
"Min minta penjelasan kalau di dtks sudah terdaftar tapi cuman PBI-jk (ya) yang lain (tidak) pedahal punya belita
🙏🙏🙏",2025-01-09 23:32:21+00:00,negatif
🙏,2025-01-09 23:27:06+00:00,positif
😭,2025-01-09 10:53:20+00:00,positif
🥰,2025-01-09 10:51:39+00:00,positif
min serius anak sekolah libur selama bulan puasa?,2025-01-09 10:51:03+00:00,negatif
admin masalah TNI gak di selesai kan,2025-01-09 10:48:41+00:00,negatif
😳,2025-01-09 10:48:29+00:00,positif
minn puasa emg jadi libur 1bulan full?,2025-01-09 10:44:48+00:00,negatif
min kalau duren naik pajak nggak min soalnya itu barang mewah enak x soalnya 🗿🗿🗿,2025-01-09 10:42:42+00:00,negatif
aduh love you banget bapaaa cinta matii aw,2025-01-09 10:34:31+00:00,positif
"masalah HONORER Selesai kan pak. Kami tak terima P3K paruh waktu. Kami butuh P3k Penuh Waktu. Kami yg daerah ingin Sejahtera, kami ingin hidup dan Ada tabugan",2025-01-09 10:33:46+00:00,negatif
😳,2025-01-09 10:29:11+00:00,positif
min kalau kamu gabut main game apa min?,2025-01-09 10:22:46+00:00,negatif
🥰,2025-01-09 10:16:07+00:00,positif
libur gak min 🙏🗿,2025-01-09 10:15:13+00:00,netral
🗿,2025-01-09 10:12:19+00:00,positif
skema subsidi listrik gmna min. apa kah per bulan d batasi sekian pemakaian / pengisian? atau tanpa batas,2025-01-09 10:07:21+00:00,netral
terima kasih min selalu up date biar rakyat paham dan cerdas ga mudah di hasut,2025-01-09 10:03:00+00:00,positif
"assalamualaikum pak mohon berhentikan razia rambut di sekolah kerna hancur mental seorang murid pak wassalamu'alaikum,",2025-01-09 09:59:37+00:00,negatif
min. aku tinggal hampir 9tahun di Malaysia. nah pas aku balik ke indo lagi kau bingung krna di Indonesia gk ada paket unlimited untuk sebulan. di perbaiki napa min. masa klh sma Malaysia,2025-01-09 09:57:43+00:00,negatif
min turunin harga shuttlecock kok dong,2025-01-09 09:50:26+00:00,negatif
😅,2025-01-09 09:41:25+00:00,positif
😁,2025-01-09 09:36:33+00:00,positif
😁,2025-01-09 09:27:18+00:00,positif
🙂,2025-01-09 09:27:12+00:00,positif
min tutor dong agar sty kembali 😭😭,2025-01-09 09:23:02+00:00,positif
🥰,2025-01-09 09:16:27+00:00,positif
Minn mau infoo aja inimah coretax bikin menangiss 😌🥺,2025-01-09 09:11:39+00:00,negatif
min kapan makanan gratis,2025-01-09 09:07:16+00:00,netral
🤩🤩🤩,2025-01-09 09:06:40+00:00,positif
minta pacar satu,2025-01-09 09:02:09+00:00,negatif
😹,2025-01-09 08:42:52+00:00,positif
😂,2025-01-08 19:34:34+00:00,positif
bapak presiden Prabowo saya mohon PKH sudah 1 tahun ga ada cair lagi saya orang miskin suami tukang becak anak 3 sekolah semua SMA SMP SD pkh sudah 1 tahun ga ada cair lagi saya asli Jawa Tengah Brebes tinggal di Aceh besar kampung lubuk batee kabupaten ingin jaya Kulo mohon dibantu bapak presiden terimakasih,2025-01-08 19:02:15+00:00,negatif
bapak presiden Prabowo saya mohon dibantu PKH dicairkan kembali saya sarikhatin tinggal di Aceh besar kampung lubuk batee kabupaten ingin jaya anak 3 sekolah semua SMA SMP SD pkh sudah 1 tahun ga ada cair lagi saya sudah lapor kepala desa maupun pendamping PKH ga ada respon orang kaya bantuan PKH ada beras ada saya mohon bapak presiden Kula asli tiang Jawa Tengah Brebes tinggal di Aceh besar,2025-01-08 18:58:58+00:00,negatif
saya cuma minta sty kembali,2025-01-08 17:59:53+00:00,netral
"min,minyak goreng 2 liter naek min harganyaa..dari 33rb jadi 40rb😟",2025-01-08 17:40:20+00:00,negatif
pak bisa di turunkan BBM Pertamina,2025-01-08 16:51:25+00:00,netral
😊,2025-01-08 16:48:10+00:00,positif
"271t masih 6,5??
payah",2025-01-08 16:39:22+00:00,negatif
min nasi kucing naik gak ppn nya takut nya naik soalnya termasuk mewah bagiku tiap hari selalu ku beli,2025-01-08 16:12:17+00:00,negatif
p3 C4t jaksa dan hukum m4 T1 bagi para koruptor ✊,2025-01-08 15:57:13+00:00,positif
"min bilangin pak Presiden, coach shin Tae-yong dipecat.. minta tolong bapak untuk tetap mempertahankan coach sty😫😭😭",2025-01-08 15:48:50+00:00,negatif
"Min aku sedih banget motor hilang, padahal bru 2 bulan lunas, yg bikin sedih lagi siskamling hanya beda bbrapa meter aja dr rumah, mana suami udah 2 bulan gak kerja, motor hilang 😭😭😭",2025-01-08 15:44:49+00:00,negatif
"Sehat2 dan umur panjang presiden ku.
Kami membutuhkan bapak untuk periode selamanya.",2025-01-08 15:25:36+00:00,positif
caption panjang dan detail banget mind 👍 dan herannya masih banyak yang komentar negatif...kenapa dengan IQ bangsa kita?🤔,2025-01-08 15:24:02+00:00,negatif
artinya apa admint,2025-01-08 15:03:43+00:00,positif
Min oh min mau cerita,2025-01-08 14:55:37+00:00,netral
"min jual ayam boiler gimna,ayam saya masih banyak",2025-01-08 14:43:21+00:00,positif
woy min jadi gak libur bulan puasa?,2025-01-08 14:42:34+00:00,negatif
Kapan dapat makanan gratis nya?👊,2025-01-08 14:36:43+00:00,negatif
😁,2025-01-08 14:34:57+00:00,positif
tips ganteng pak?,2025-01-08 14:20:20+00:00,netral
gerindra emg bener anak yang umur nya di bawah 16 gabole megang hp? gua ksni gra' liat vt yng lewat brnda gua😞,2025-01-08 14:17:27+00:00,negatif
🥰,2025-01-08 14:03:07+00:00,positif
izin Presiden.. komandan tertinggi RI.. mohon kembalikan lg STY.. kami rakyat pecinta Sepakbola RI tdk rela dipecar.. dia juga manusia dan ada juga tdk sempurnanya seperti pelatih,2025-01-08 14:02:50+00:00,negatif
min yuk Mabar ff,2025-01-08 13:56:07+00:00,netral
min bilangin ke prabowo kembalikan bpk sty dong🥺,2025-01-08 13:42:04+00:00,negatif
pak Prabowo di Karawang Wadas Lemahabang kok gak ada makan gratis,2025-01-08 13:22:04+00:00,positif
😒,2025-01-08 13:21:43+00:00,positif
"Admin ,tolong sampein ke Bpk Presiden kembaliin dulu efaktur sm djp online. kami yg kerja dibidang pajak, dibuat kerja keras sm coretax yg msh banyak kendala nya🥺",2025-01-08 13:11:51+00:00,positif
"ko smua makin mahal sih min, ada apa ini min?? @partaigerindra",2025-01-08 13:06:48+00:00,negatif
@partaigerindra baca Pesan sayaaa hak saaya berikan ..,2025-01-08 06:05:33+00:00,negatif
pak I love u 😁,2025-01-08 06:00:58+00:00,positif
aku pa gak dpt mkn,2025-01-08 05:40:43+00:00,negatif
🥰,2025-01-08 05:34:57+00:00,positif
"Min, emang bisa ada kasus blanko dipending sampai 3 bulan untuk perbaikan/pembuatan ktp, apa itu hanya modus agara calo bisa menggunakan trik busuk untuk diduitin?, saya tadi mau benerin ktp rusak, dibilang tidak ada blanko adanya 3 bulan lagi dibulan maret?, apa iya selama itu??? @gerindra",2025-01-08 05:24:51+00:00,negatif
Min tolong baca dm aku penting banget 🙏🏻 @gerindra,2025-01-08 05:17:43+00:00,positif
minta sty di kembalikan sebagai pelatih timnas.,2025-01-08 05:15:55+00:00,netral
Assalamualaikum min tlong sampaikan kpd BPK Prabowo angkat kami guru honor negeri min kami sdh ngabdi belasan bahkan puluhan th tapi blm diangkat min😭😭😭 kabupaten kami 2 th kmrin tdk bk formasi,2025-01-08 05:00:07+00:00,negatif
pak turunkan harga PCX 160,2025-01-08 04:57:33+00:00,positif
"Mohon bantuannya mindra aku sdh komen tentang tuntaskan sabung ayam di tempat ku ini karena sdh sangat meresahkan sekali
Lokasi tempat sabung ayam.
Lombok,Mataraman beralamat di karang Medan
Disana bukan tempat sabung ayam saja dsana juga tempat jual beli narkoba secara terang²an mohon bantuannya mindra🥲🥲🥲",2025-01-08 04:47:29+00:00,negatif
"min saya mau laporin kasus korupsi dan penyalahgunaan bantuan dari kementrian yang ada di desa kami,
saya ada korban kerugian akibat ulah pelaku korupsi yang ada du desa kami🙏",2025-01-08 04:46:43+00:00,negatif
ndraa cara fyp gimana sepi Mulu perasaan,2025-01-08 04:36:01+00:00,negatif
kenapa nyari kerja semakin susah min?,2025-01-08 04:19:47+00:00,netral
"min turunkan harga emas, kami di aceh nggak sanggup menikah kendalanya di mas kawin, karna disni rata² maskawinnya pakek emas😭🙏🏻",2025-01-08 04:17:28+00:00,negatif
min pengen pensil warna 7 jt beliin donk,2025-01-08 04:06:32+00:00,netral
kurangi lah tikus tikus kantor.. 😭👍,2025-01-08 03:52:21+00:00,negatif
inpo loker min...,2025-01-08 03:36:56+00:00,netral
min tolong turunkan harga motor RX-King min🗿,2025-01-08 03:22:12+00:00,negatif
Ksih saya uang 1T siap dipenjarah 6thn 🙏,2025-01-08 03:17:44+00:00,negatif
"Min kalo makan gratis sekolah , gimana kami yang jualan makn dikantin , grgra ada makan gratis kami pasti tidak laku 😭kami bergantung juga pada jualan",2025-01-08 03:15:40+00:00,negatif
🥰,2025-01-08 02:57:53+00:00,positif
Min Assalamualaikum min ...,2025-01-08 02:50:55+00:00,netral
"assalamualaikum min, tlong minta bantuan uang buat anak sekolah☺️",2025-01-08 02:37:41+00:00,negatif
🥰,2025-01-08 02:30:00+00:00,positif
"Jadi yg bener yg mana? gw ss kirim ini ke temen malah di anu temen gw suruh baca thread ini katanya udah dijelasin sesederhana mungkin udah di sertai pasal🐠 katanya dia jangan percaya gerindra akun blunder🐟
https://x.com/roan_gylberth/status/
1874355194651435193?S=48",2025-01-08 02:28:12+00:00,negatif
min bisa bawa dia kembali lagi gak,2025-01-08 01:41:59+00:00,negatif
usut tuntas mafia penada mobil,2025-01-08 01:35:28+00:00,negatif
😁,2025-01-08 01:31:55+00:00,positif
pajak motor naik dong ya,2025-01-08 01:10:59+00:00,negatif
"PROGRAM PEMERINTAH MAKAN GRATIS MANA?
ANAK SAYA DI HUKUM GARA GARA GA BAWA BEKEL DOANG!
KADANG ORANG TUA KAN ADA YANG MAMPU ADA YG ENGGAK UNTUK BELIIN ANAK NYA BEKEL!!!
TOLONG @gerindra",2025-01-08 00:28:48+00:00,negatif
Tolong min sampaikan kepada bapak Erik Thohir selaku menjabat menteri BUMN tolong adakan rekrutmen di bagian perhutani jangan fokus kebola doang mentang2 rangkap jabatan selaku ketua PSSI segala BUMN di biarin tuh banyak permainan di bagian perhutani aku sudah muak bakti 5 tahun di perhutani tdk ada rekrutmen lagi parah bner,2025-01-07 12:05:19+00:00,negatif
tolong gerinda balikin sty jadi pelatih timnas,2025-01-07 12:02:43+00:00,negatif
min bengkulu sd it baitul izzah min,2025-01-07 12:00:53+00:00,positif
"mindra di daerah saya ada orang yang bawa kabur uang sewa sawah petani, tolong dibantu mindra",2025-01-07 12:00:15+00:00,negatif
min tolong bikin dia balik lagi,2025-01-07 11:56:21+00:00,negatif
"pak Prabowo saya dari desa muara batun kecamatan jejawi kabupaten Oki jalan didesa kamu hancur pak, bapak menggaji kades kan kenapa kades kami tidak peduli atas rusaknya jalan kan kerusakan desa itu tanggung jawab kades.",2025-01-07 11:52:19+00:00,negatif
😭,2025-01-07 11:51:45+00:00,positif
Pak kapan bisa ikut aku kirim lele ?,2025-01-07 11:35:38+00:00,negatif
pak du gunung talang kapan ya makanan gratisnya,2025-01-07 11:19:29+00:00,negatif
min tolong ada yg rumah nya di hancurin sama polisi di chimahi @funny_v08 itu akun nya min,2025-01-07 11:09:04+00:00,negatif
"min disini beli beras mahal tapi ketika jual murah hasil kebun juga mahal"" sekarang sedangkan pemasukan orang kampung itu bertani tapi bertani sekarang tidak menghasilkan lebih cukup buat sehari""",2025-01-07 10:57:16+00:00,negatif
min ap puasa libur,2025-01-07 10:56:56+00:00,netral
Min apa benar bulan puasa 1 bulan libur ?,2025-01-07 10:42:50+00:00,negatif
"min apa bener, kata orang² katanya peraturannya dikebut dalam 1 malam?
apa emang sebelumnya udah ada pembahasan, dan Dill nya baru di malam itu?",2025-01-07 10:41:58+00:00,negatif
min apakah ada libur 1 bulan di bulan puasa,2025-01-07 10:39:57+00:00,negatif
"minn selama puasa diliburkan saja, udh follow",2025-01-07 10:39:49+00:00,negatif
min bulan puasa liburgak,2025-01-07 10:30:41+00:00,negatif
harga Cleo naik nih Pak,2025-01-07 10:30:28+00:00,negatif
minnnn tolong yah skincare gratis untuk para pelajar,2025-01-07 10:29:45+00:00,positif
"min apakah bulan puasa tahun 2025 full libur🤔
@gerindra",2025-01-07 10:28:29+00:00,netral
min Pilih Mahiru apa Kurumi,2025-01-07 10:25:26+00:00,negatif
🥰,2025-01-07 10:18:12+00:00,positif
Gerindra kenapa madrasah gak ada makanan gratis,2025-01-07 09:58:53+00:00,negatif
min @partaigerindra ini knp si bantuan uang dr pemerintah suka salah sasaran. gw yg masih ngontrak katanya bakalan d putus bantuannya. sedangkan tetangga gw punya mobil rumah gedong jalan terus tuh bantuan kaya (PKH) dll sebel bgt dah ihhh coba ini d tindak lanjutkan...,2025-01-07 09:57:37+00:00,negatif
min ay mancing,2025-01-07 09:54:35+00:00,netral
"lMINDRAAA TOLONG PSSI SAMPAIKAN KE BAPAK BAHWA KAMI, RAKYAT INDONESIA DAN PECINTA SEPAK BOLA, MEMBUTUHKAN STY. Mohon Mindra (gw ngetik sambil sedih) pemecatan STY bukan solusi Timnas lolos",2025-01-07 09:53:04+00:00,negatif
Gerindra=hama😝😝😝,2025-01-07 09:29:40+00:00,positif
pak makan gratis kasih di smpn 1 kandangan dong,2025-01-07 09:27:56+00:00,positif
setuju,2025-01-07 09:22:54+00:00,negatif
min turunin harga pulsa min🗿,2025-01-07 09:15:01+00:00,positif
min maaf banget sih ini. Kenapa pak presiden mengizinkan itu mentri bumn sok pede itu interview saat ada hari raya untuk agama lain. Apakah serendah itu sepakbola kita sampe pelatih yang dipilih bandar judi dan segala macam kasus minesnya min? Smpe harus pecat orang yang bawa sepak bola kita dari nol. Setidaknya gantinya boleh dong sekelas pep guardiola kenapa bandar judi 🙏🏻🙏🏻. Memangnya iti ketim,2025-01-07 01:38:46+00:00,negatif
🌷,2025-01-07 01:37:33+00:00,positif
yes Mobil Alya aman...,2025-01-07 01:36:54+00:00,positif
RX king gw tahun 83 mati 15 tahun,2025-01-07 01:35:38+00:00,negatif
"min aku mau kasi kata²,Maling gorengan Jahat lebih jahat lagi maling uwang rakyat",2025-01-07 01:13:29+00:00,negatif
tolong pak saya ga pernah dapet bantuan apa pun,2025-01-07 01:10:15+00:00,positif
min liat IG nya tokped dia penggelapan uang rakyat.. uang rakyat ga di kembalikan banyak bgt ratusan yg komplain @tokopedia,2025-01-07 01:05:52+00:00,negatif
BPK presiden Prabowo jika 2 3 bulan ini BBM tidak turun saya berhenti mendukung bpk🙏🙏🙏karena saya rakyat kecil susah mencari nafkah,2025-01-07 01:05:28+00:00,negatif
seumpama pengumpulan pajak itu sama dengan zakat harta/mall jika di korupsi apa hukuman karena Indonesia pasti belum bebas dari para korupsi @Prabowo Subianto menyala Indonesia 🇮🇩♥️🤲🤲🤲🙏🙏,2025-01-07 01:03:17+00:00,negatif
min emng bener puasa libur satu bulan?,2025-01-07 01:01:42+00:00,negatif
Menurut mimin nih ya.. ada pasien di rumah sakit masuk igd udah ampir 2 hari nih blm dapet kmar inap dan dokter spesialis. menurut mimin wajar gaaa ? Kata pihak rs nya kamar penuh .. itu wajar gaa sih min @gerindra emang sih pasien nya lamsiaaa tp ini udah 2 hari di igd iya emang si pake Bpjs min emang harus selama ini yaaa min wajar ga sii? @gerindra,2025-01-07 00:58:46+00:00,negatif
"selamat pagi...
salam sehat selalu...
mohon maaf mau tanya...
apakah ada posko penanganan Penipuan Online...
Khusus E-comerce dan Perdagangan Saham atw treding...
Terima kasih. 🙏🙏🙏",2025-01-07 00:53:11+00:00,negatif
🥰,2025-01-07 00:43:43+00:00,positif
"min tolong 😭 saya bayar pajak motor di signal dari tgl 26 sampai sekarang belum dikirim juga STNK barunya, sampe riwayat transaksi menghilang seolah tidak terjadi apa-apa.",2025-01-06 23:59:16+00:00,negatif
pak naikin saya haji pakkkkk??,2025-01-06 23:13:52+00:00,negatif
@Erick Thohir OUT,2025-01-06 23:08:53+00:00,negatif
Plan A gagal beralih ke Plan B tpi fakta dilapangan hampir seluruh barang dan jasa udah kena ppn 12% anehhh memang ini barang,2025-01-06 23:08:45+00:00,negatif
🥰,2025-01-06 23:01:01+00:00,positif
"12 Tahun
300 Triliun : 6,5 Tahun
Indahnya hidup di Indonesia 😌😌😌",2025-01-06 22:27:53+00:00,positif
pak di ntb banjir pak tolong sumbang makanan,2025-01-06 22:24:52+00:00,negatif
libur 1 bulan ramadan bener gaj om grindra,2025-01-06 22:21:28+00:00,negatif
min. kok sty di ganti sih malah di gantinya sama kang jud* gak terima gw min balikin sty pokoknya😭,2025-01-06 22:16:31+00:00,negatif
min cara nikahin mem jkt48 gimana min,2025-01-06 21:31:26+00:00,negatif
"pak tolong beri saya pekerjaan biar gak jadi pengangguran yg berat, mau beli kopi pun susah,,,,,,",2025-01-06 21:15:35+00:00,negatif
Kini lho yang di tunggu lebih jelas😊😊😊,2025-01-06 21:02:17+00:00,netral
harus nya rumah yang di atas 5 m lah 😁,2025-01-06 19:44:40+00:00,netral
min mau ga jadi tulang punggung aku,2025-01-06 19:18:52+00:00,negatif
♥️,2025-01-06 19:02:23+00:00,positif
Admin tolong buka pesan saya yah penting😭🙏🏻,2025-01-06 18:49:17+00:00,negatif
"kenapa Tadi gua beli Santen Ikut Naik🥲, kata pedagangnya gara"" yg lain Lagi naik. mana yang jual Santen langka.",2025-01-06 18:36:16+00:00,negatif
"tolong bantuan nya pa
saya kerja di PT Kideco
kaltim paser ga di bayar ama pemborong nya
udahh 2 bulan",2025-01-06 13:00:09+00:00,negatif
min tahun baruan kemana?,2025-01-06 12:59:03+00:00,netral
min mana makanan gratis nya belum nyampe ke pamekasann,2025-01-06 12:57:43+00:00,negatif
Sumatra mau merdeka sendiri gimna ni min,2025-01-06 12:56:22+00:00,negatif
😅,2025-01-06 12:55:13+00:00,positif
"pak kami sayang pak Prabowo,tlng ya pak yg udh tua udh lama honor ngk perlu ikut tes,lngsung diangkat jadi PNS aja pak biyar dpat pensiunan🤲.,saya kasian pak lewat pyf trus yg udh tua ....",2025-01-06 12:54:17+00:00,negatif
min suwasta dapet makan ga min?? masakk ga depttt bapak guaaa pilih perabowo pas pemilihan 🗿,2025-01-06 12:51:39+00:00,negatif
mindra knp ya dia hanya datang pas butuh aj,2025-01-06 12:50:54+00:00,negatif
Min mau tanya dong,2025-01-06 12:49:57+00:00,netral
😁,2025-01-06 12:49:35+00:00,positif
min kapan di Dampit kabupaten malang Jawa Timur dapat makan siang bergizi 🥺,2025-01-06 12:47:08+00:00,netral
min pilih aerox atau nmax 🥰,2025-01-06 12:46:18+00:00,negatif
min bisa gk naikin harga diri gua😭👊,2025-01-06 12:44:40+00:00,netral
min kenapa di ntb belum dapat mbg😑,2025-01-06 12:44:00+00:00,negatif
pak Presiden Tolong Turunkan Harga cabe & Bawang tadi saya beli di pasar harga cabe rawit Rp. 120.000 per kg,2025-01-06 12:43:37+00:00,negatif
makan geratis ke Jampang kulon ada gak pak,2025-01-06 12:43:35+00:00,netral
"Kolam kalo udah lama ga di kuras gitu ya, sekalinya mau di kuras bersih resikonya banyak. Entah terpeleset jadinya terluka, cedera, bahkan melayangnya nyawa. tapi ini bukan soal kolam.",2025-01-06 12:42:57+00:00,negatif
min libur kan 1 bula pas puasa biar kerasa vibes ramadan 2025 nya😭,2025-01-06 12:41:41+00:00,negatif
min gak kerasa ya 24 bulan lagi 2027,2025-01-06 12:39:16+00:00,negatif
"min tolongggg persingkat pkl minnnn plisss, di sekolah ku pkl nya 1 tahunnnn 🥺🥺@partaigerindra",2025-01-06 12:38:51+00:00,negatif
ujian nasional boleh ngak ada? 😁😁,2025-01-06 12:38:50+00:00,netral
min nasi gratis nya mana di desaku ini nama nya desa aku : lombok/klu.mataram.kbptn kayangan,2025-01-06 12:38:45+00:00,negatif
sah kan uu perampasan aset pak...,2025-01-06 12:38:09+00:00,negatif
min jadi gak libur bulan puasa ini?,2025-01-06 12:37:15+00:00,negatif
min di indragiri hulu belu ada makan gratis tolong di percepat di smpn 1 kualacenaku,2025-01-06 12:36:46+00:00,netral
min kenapa di sekolah ku belum ada makan bergizi,2025-01-06 12:33:58+00:00,netral
min pas bulan puasa sekolahnya libur kagak?,2025-01-06 12:31:26+00:00,negatif
min kenapa pa gibran ganteng banget min??,2025-01-06 12:30:33+00:00,negatif
min usul baju seragam sd di ganti jangan putih merah seperti bndera polandia tpi merah putih min biar sperti bendera indonesia min 🙏,2025-01-06 12:29:21+00:00,negatif
"stop export pakaiyan dari cina pak biar UMKM konveksi normal kembae, gk menghawatirkn kaya sekrang😣😣",2025-01-06 12:28:07+00:00,negatif
min kapan makan gratis di jogja,2025-01-06 10:28:56+00:00,netral
min Ayo tebak aku berasal dari mana,2025-01-06 10:25:51+00:00,negatif
pak kok kami gak dapat makan geratis 😭😭😭😭😭😭😭😭😭😭😭,2025-01-06 10:25:23+00:00,netral
min . tolong. bansos saya ga pernah dapat. kenapa ya,2025-01-06 10:23:17+00:00,netral
pak turunin harga frame fixie ardenly,2025-01-06 10:22:16+00:00,positif
pak jangan pecat STY @partaigerindra,2025-01-06 10:19:35+00:00,negatif
mana,2025-01-06 10:18:59+00:00,positif
mana makan gratis nya??,2025-01-06 10:18:54+00:00,negatif
min nangis gak klo sty out🙃😞😢,2025-01-06 10:18:19+00:00,netral
pak Prabowo minta tolong kok Kalimantan tengah tidak di kasih MBG,2025-01-06 10:14:48+00:00,netral
kenapa harga jd pd naik katanya buat barang mewah saja 😔,2025-01-06 10:14:33+00:00,negatif
makan bergizi di Tegal kagak ada kocak🗿,2025-01-06 10:09:55+00:00,netral
pengen dong min di sapa😅,2025-01-06 10:07:52+00:00,negatif
min di daerah Pemalang Jawa Tengah ko belum ada makan gratis ya?,2025-01-06 10:06:39+00:00,negatif
"min izin bertanya🙏
SMK dapat makan grstis juga min🙏",2025-01-06 10:05:28+00:00,positif
"Gerindra membalas komentar anda
(andaikan)",2025-01-06 10:04:49+00:00,negatif
PAKK SEKOLAHKU KOK BLM ADA MAKAN GRATIS NYAAA😭😭😭😭,2025-01-06 10:03:55+00:00,positif
turunin harga pancing tegek rawit 😅,2025-01-06 10:03:18+00:00,netral
min kapan makanan gratis nya di maospati,2025-01-06 10:02:03+00:00,negatif
min kok STY di ganti min 😭😭😭💔,2025-01-06 10:01:03+00:00,positif
gerindra a nya itu apa sih,2025-01-06 09:59:22+00:00,positif
siapa calon pelatih timnas minn,2025-01-06 09:57:53+00:00,positif
min aku gk ketawain pak perabowo ya aku cuman ketawa kerna komen😭,2025-01-06 09:54:34+00:00,negatif
di sekolah ku ga ada program makan gratis min SDN titim Fatimah,2025-01-06 09:54:19+00:00,positif
🥰,2025-01-06 09:53:11+00:00,positif
"lapor Om @gerindra @Gibran Rakabuming sd TKIT Arafah depok makan siang gratis telat, laporan selesai",2025-01-06 09:47:43+00:00,negatif
woy mana makanan gratis nya mana,2025-01-06 09:46:48+00:00,negatif
min bener GK pas puasa libur satu bulan kalo GK bener liburin aja ya min soal nya pasti cape,2025-01-06 09:43:14+00:00,negatif
MAKAN SIANG GRATIS NYA MANA MINNNNNNNNN,2025-01-06 09:42:46+00:00,negatif
mkn gratis kpn😅,2025-01-06 09:41:24+00:00,positif
mindra skolah swasta dapat makan gratis gak?,2025-01-06 07:42:48+00:00,negatif
"TOLONG BANTU SAYA PAK, SAYA HABIS KENA TIPU 10jt DENGAN MODUS AFFILIATE LAZADA , SAYA HARUS LAPOR KEMANA AGAR UANG SAYA BISA KEMBALI😭😭",2025-01-06 07:36:07+00:00,netral
"kenapa susah² kerja keras buat negara,naik turunin harga barang, kenapa ga cetak uang banyak² aja biar negara cepet kaya ?? 😌🤑",2025-01-06 07:35:06+00:00,negatif
"min , program makan siang gratis di Lamongan kpn!!",2025-01-06 07:33:58+00:00,positif
di hapus sama guru saya pak,2025-01-06 07:33:32+00:00,positif
kapan makanan gratis nya,2025-01-06 07:33:12+00:00,positif
min di Jawa tengah belum ada makan gratis,2025-01-06 07:33:07+00:00,negatif
"pak ini saya foto in makan gratis nya,kok langsung di hapus tolong di Jawab terimakasih 🙏🏻🙏🏻",2025-01-06 07:33:07+00:00,negatif
min kapan kita di kasih makan sama pak Prabowo,2025-01-06 07:32:28+00:00,negatif
gw stel vt ini di tv biar bapa Mak ma kakak gw yang nyoblos sebelah panas HAHAAHAHAHAAHAHAAAHHAHAHA PUAS BET PUAS GW,2025-01-06 07:30:44+00:00,negatif
Pak saya mau komen masalah P3k Guru. Yang katanya semua honorer di angkat menjadi P3k? Skg di kota saya jadi beda lagi 😭,2025-01-06 07:30:21+00:00,negatif
😇😇😇,2025-01-06 07:27:50+00:00,positif
terima kasih makan gratis nya pak🥰,2025-01-06 07:27:45+00:00,positif
"min kapan ni bersih"" di institusi polri sudah terlalu banyak oknum"" yang nyusahin masyarakat",2025-01-06 07:24:29+00:00,negatif
"saya ko kuatir ya, di era pak Prabowo terlalu memberikan bantuan ini itu,
apakah imbasnya nanti di akhir jabatan utang Indonesia semakin mnumpuk",2025-01-06 07:24:02+00:00,negatif
Mana nih makan gratisnya sukomakmur belum pak,2025-01-06 07:23:51+00:00,negatif
"min gerindra, katanya program makan gratis tanggal 6 januari. kok di sekolah aku belum ada",2025-01-06 07:23:46+00:00,negatif
pak jangan Adain ujian nasional lah🗿,2025-01-06 07:22:34+00:00,positif
minnn ini puasa jadi libur apa kagak kita butuh kepastian😭😭,2025-01-06 07:21:54+00:00,negatif
"min tolong suruh pak presiden jangan pecat sty min 🙏🙏🙏 biar pak presiden yang bilang ke pak erik
https://vt.tiktok.com/ZS6PuUt81/",2025-01-06 07:21:06+00:00,negatif
"min tolong suruh pak presiden jangan pecat sty min 🙏🙏🙏 suapaya pak presiden yang bilang ke pak erik
https://vt.tiktok.com/ZS6PuUt81/",2025-01-06 07:21:00+00:00,negatif
"min tolong suruh pak presiden jangan pecat sty min 🙏🙏🙏 biar pak presiden yang bilang ke pak erik
https://vt.tiktok.com/ZS6PuUt81/",2025-01-06 07:20:34+00:00,negatif
pak makan gratis nya kok belum nyampe Magetan,2025-01-06 07:19:27+00:00,positif
🙏,2025-01-06 07:19:12+00:00,positif
😅,2025-01-06 07:19:09+00:00,positif
😅,2025-01-06 07:18:48+00:00,positif
"min tolong suruh pak presiden jangan. pecat sty min 🙏🙏🙏
https://vt.tiktok.com/ZS6PuUt81/",2025-01-06 07:18:23+00:00,negatif
"saya hanya usul,lebih baik uang,uang bantuan tida usah di keluar kan ,karna hanya membuat kegaduhan di masyarakat,",2025-01-06 07:17:56+00:00,negatif
"pak kontrak saya juga naik ,,mau pulang kampung tapi di Tegal ngga ada kerjaan
cari duit nya di Tangerang
😭😭",2025-01-06 07:17:35+00:00,negatif
pak SDN 093 pku blm dapat makanana bergizi gratis pak,2025-01-06 07:17:05+00:00,positif
min di sumedang jawa barat belum ada makan gratis,2025-01-06 06:04:17+00:00,negatif
"@partaigerindra mindra kawal dong kasus polsek cinangka🙏
Oknum Polazy di Cinangka sangat meresahkan, bahkan sampai nyawa yang melayang🙏",2025-01-06 06:04:10+00:00,positif
min kata nya makan gratis ke Pemalang dong minnn mana nih makanan gratis nya 😂😇,2025-01-06 06:03:22+00:00,negatif
min turunin harga ninja ss,2025-01-06 06:00:12+00:00,positif
harga akun epep di ppn 12% juga nih😹🔥,2025-01-06 05:57:50+00:00,negatif
pak cara jadi ganteng gimana?,2025-01-06 05:57:40+00:00,netral
kalo hukuman maling kecil selalu yg terberat bubarkan saja pengadilan kita serahkan pengadilan kepada TNI..pasti tidak pandang bulu pak,2025-01-06 05:55:46+00:00,negatif
min kok gaada makan gratis,2025-01-06 05:55:32+00:00,positif
pak grindra Kalsel tanah laut kapan dapat program makan gratis,2025-01-06 05:55:25+00:00,positif
"kabupaten pandeglang paling terkenal jalan rusak di desa"" tolong di audit",2025-01-06 05:55:16+00:00,negatif
listrik dulu 25 rb skrng bisa 50rb .,2025-01-06 05:55:09+00:00,negatif
min puasa libur rin sekolah 🙏,2025-01-06 05:53:59+00:00,positif
min katanya hari ini sdah dapat makanan gratis tadi gw sekolah kok ga dapat,2025-01-06 05:53:38+00:00,positif
min bilangin ke bpk prabowo makasi ya makan nya hehe,2025-01-06 05:51:22+00:00,negatif
"tapi kenyataan di lapangan semua harga² sudah pada naik Bapak terutama bahan bangunan seperti semen pasir besi dll, mereka para pedagang bilang pajak naik 😭😭😭😭😭",2025-01-06 05:48:20+00:00,negatif
pak Prabowo tolong gratisin lapor polisi pak mama saya kecelakaan di tabrak orang yang salah malah kabur tolong pak 😭😭😭😭😭😭😭,2025-01-06 05:47:09+00:00,negatif
min kok sekolah gw belom dapet susu gratis,2025-01-06 05:43:59+00:00,positif
min bagusan Beat atau Scoopy,2025-01-06 05:43:59+00:00,negatif
pa kapan makan geratis,2025-01-06 05:43:36+00:00,netral
item dalam game seperti diamond apakah kena juga?,2025-01-06 05:41:46+00:00,netral
dikendari hrga ikan dikenakan ppn sebesar 5%. pdhal tertulis dstu bahwa ikan tidak dikenakan ppn yakni ppn 0% @partaigerindra,2025-01-06 05:40:25+00:00,negatif
beeeh pokonyaaa tepaaaat sasaran inimah..pass selalu di hati presidenku,2025-01-06 05:38:22+00:00,negatif
"Sehat selalu pak,wajah bapak keliatan cape bgt, pasti bapak pusing yaa, mikirin ini itu 🥺",2025-01-06 05:34:00+00:00,positif
mbe makan gratis nuu,2025-01-06 05:33:04+00:00,positif
pak kok sekolah ku belum ada makan gratis..,2025-01-06 05:32:23+00:00,positif
Kepentingan apaan sekolah gua aja gda makan gratis,2025-01-06 05:30:43+00:00,positif
"Pak ternyata jadi bapak tuh pusing bgt ya kalo dipikir2🥺 apalagi sekarang ada program makanan gratis yang perharinya 3000ribu makanan stiap gudang, blum lagi seluruh Indonesia🥺perhari loh itu🥺",2025-01-06 05:30:25+00:00,negatif
min saya mau konfirmasi saya tadi sekolah dapet makan gratis tapi lauk nya cuma tempe sama bakwan jagung gak dapet susu lagi,2025-01-06 05:30:24+00:00,negatif
minn sekolahan gw belum dapet makanan gratis,2025-01-06 05:30:07+00:00,positif
jakarta timura,2025-01-06 05:29:43+00:00,netral
"Tp knpa harga cabe meroket min, skrg jd 120rb/kg 😭",2025-01-06 02:10:49+00:00,netral
min apakah Benar pas bulan puasa libur 1 bulan full?,2025-01-06 02:09:06+00:00,negatif
pak presiden yang terhormat tolong pak aplikasi pinjol di tiadakan soalnya mresahkan telat baru sehari kok di teror menerus di ancam lagi tolong pak makasih pak sebelumnya,2025-01-06 02:04:54+00:00,negatif
Pak turunin harga cabe pak😭😭😭,2025-01-06 02:03:17+00:00,positif
"min benarkah, libur 1 bulan pas puasa itu hoax?",2025-01-06 01:56:47+00:00,negatif
min aku mulai jatuh hati sama kamu😭,2025-01-06 01:44:19+00:00,negatif
min emang bener pas bulan Ramadhan libur min,2025-01-06 01:43:23+00:00,negatif
🥰,2025-01-06 01:40:32+00:00,positif
"mindra kok makin kesini bahan baku makin mahal ya 😌 cabe 120rb/kg, telor 30rb/kg, minyak 1 liter 19rb , beras juga dikit dikit naik",2025-01-06 01:40:24+00:00,negatif
@gerindra gaji kader posyandu 140 kena pajak jadi 116 di Berau Kalimantan Timur tolong di priksa aparat nya min... tambang ilegal meraja lela...,2025-01-06 01:40:07+00:00,negatif
"min impo loker dong,capek jadi beban keluarga🙃",2025-01-06 01:39:30+00:00,negatif
"@gerindra min berulang aku komen gak di tanggepin....min tolong.. di Berau Kalimantan Timur..mosok bayar PDAM naik 200%>> biasa bayar 350 jadi 1050000.
500 rebu jadi 12 juta....priksa bupatinya",2025-01-06 01:36:22+00:00,negatif
min cara biar dia suka sama aku gimana🙃,2025-01-06 01:29:58+00:00,positif
"Dear admin @gerindra min saya ga minta yg aneh aneh min, cuman minta tolong bgt masalah agus sendih banget tolong usai kan saja min, saya cape bosen dan muak selalu muncul di beranda saya min 🥺🙏🏻",2025-01-06 01:29:40+00:00,negatif
tolong pak hentikan judi online yg bikin orang malas kerja dan banyak hutang🙏🙏,2025-01-06 01:21:02+00:00,negatif
asik,2025-01-06 01:19:02+00:00,positif
Iyo jngan bagi orang yang mampu saja tolong di setarakan Waga yng kurang mampu buat SKCK saja susa nya minta ampun,2025-01-06 01:18:03+00:00,negatif
🥰,2025-01-06 01:13:15+00:00,positif
"min.. kemarin aku baru beli mie instan naik 500 rupiah
dari 1500 jadi 2000😌",2025-01-06 01:12:23+00:00,negatif
"pip tolong yg ga mampu ga dapet ,yang kaya malah dapet pip😭😭😭",2025-01-06 00:52:22+00:00,netral
min emang sekolah swasta gk dapet program makan gratis? katanya di mulai tanggal 6?,2025-01-06 00:45:55+00:00,negatif
min dari pemerintah pusat udh bener tp d lapangan kadang ada yg manfaatin kn GK semua orng mengerti tentang pajak ini jadi masyarakat biasa percaya aja klu Apa2 naik,2025-01-06 00:45:28+00:00,negatif
"minn,turunin hati dia buat aku dong, susah digapai soalnya☹️",2025-01-06 00:45:07+00:00,positif
😁,2025-01-06 00:43:26+00:00,positif
Min kenapa koruptor tidak di botakin seperti hal nya maling ayam jika tertangkap?,2025-01-06 00:42:21+00:00,negatif
liat listrik diskon 50% langsung otw nge cek eh ternyata sama saja 🙃,2025-01-06 00:34:35+00:00,negatif
bantu saya pak prabowo,2025-01-06 00:33:10+00:00,positif
❤,2025-01-06 00:26:56+00:00,positif
om kok sekolah ku gak dapet nasi gratis,2025-01-06 00:23:56+00:00,positif
min mending HONDA WIN atau RX-King?,2025-01-05 16:43:49+00:00,negatif
"min
emang bener bulan puasa libur selama puasa??",2025-01-05 16:35:28+00:00,negatif
pak libur kan sklh 1 Bulan pliss pak 😭🙏🏻,2025-01-05 16:34:23+00:00,negatif
min gua mau ngadu tentang uang pensiun guru di @provinsi.banten belum turun aja.. khususnya guru SMA.. kasian ibu gua min 3 bulan gaji sama uang pensiunanya belum turun aja terhitung dari bln nov,2025-01-05 16:33:38+00:00,negatif
min turunin harga sepeda fixie min,2025-01-05 16:32:06+00:00,positif
cabe mahal bgt min tolong😭,2025-01-05 16:25:19+00:00,positif
min nanti pas bulan puasa libur sebulan ya,2025-01-05 16:25:11+00:00,negatif
"min petani karet pingin harganya naik seperti jaman SBY, petani karet harganya sekarang lagi gak seimbang sama perawatan dan pupuk, belum kebutuhan lainnya. pingin karet di perhatikan juga",2025-01-05 16:19:26+00:00,netral
😁,2025-01-05 16:11:57+00:00,positif
🥰,2025-01-05 16:11:21+00:00,positif
prabowo mantap,2025-01-05 16:04:44+00:00,positif
"ADA UANG BISA DI BICARAKAN
MENYALA NEGARAKUU🔥🔥",2025-01-05 16:03:03+00:00,netral
turunkan harga supra x 125 minn,2025-01-05 16:02:56+00:00,negatif
min libur bulan puasa di rumah aja biar gk mokel 🗿,2025-01-05 16:02:32+00:00,negatif
turun kan harga feloz sultan pak legal kan feloz surtan sakit kepala siap ok bold pak tolongggg!!!,2025-01-05 15:59:15+00:00,negatif
min kata-kata hari ini??,2025-01-05 15:58:31+00:00,negatif
🥰,2025-01-05 15:57:24+00:00,positif
🥰,2025-01-05 15:53:18+00:00,positif
min bagusan Vario apa beat?,2025-01-05 15:50:54+00:00,negatif
tolong naik kan harga rempar kayu manis min,2025-01-05 15:47:47+00:00,negatif
min kalo sekolah swasta mts kebagian gak makan gratis,2025-01-05 15:45:43+00:00,netral
pak turun KAn harga biled pak,2025-01-05 15:42:33+00:00,netral
"@gerindra honorer dong yang dinaggkat semua jadi ASN/PPPK, regulasi nya masih kacau, jangan pajak aja yang di naikin kasian masyarkat..",2025-01-05 15:42:28+00:00,negatif
😌,2025-01-05 15:40:47+00:00,positif
min emang bener puasa libur 1 bulan apa hoax🙏,2025-01-05 15:40:07+00:00,negatif
libur 1bulan hoax ya min?,2025-01-05 15:38:07+00:00,negatif
Min Cewe setia cari dimana min😂,2025-01-05 15:37:37+00:00,netral
❤️,2025-01-05 15:36:04+00:00,positif
"Min tolong dong respon saya, hapus keanggotaan parpol saya di gerindra yg d daftar tanpa izin saya. saya sudah urus dari 2 bulan yg lalu, tapi belum d hapus jg dr keanggotaannya.",2025-01-05 15:35:26+00:00,negatif
bulan ramadhan benar libur nih?,2025-01-05 15:33:51+00:00,negatif
min lelaki kalo sedih lari kemana🥺?,2025-01-05 13:31:45+00:00,negatif
"@NAFISAH real 🥶:min betul gk,bulan puasa libur?",2025-01-05 13:31:31+00:00,negatif
"min bisa bikin dia balik lagi ga min,di tahun ini?🙂",2025-01-05 13:31:12+00:00,negatif
"Mimin ganteng toolooongg kampung kami tenggelam kena banjir, jalan pada putus masak tidur di atas air orang tahun baruan pada bahagia kami berduka, posisi di pulau rimau banyuasin,palembang sumsel😭",2025-01-05 13:29:05+00:00,negatif
"soal"" tentang makan gratis ,gmna solusinya klo ada yang picky eater min?",2025-01-05 13:25:09+00:00,netral
love sayangky🥰,2025-01-05 13:24:51+00:00,positif
pak kapan makan siang gratis nya saya tunggu di blora😁,2025-01-05 13:24:21+00:00,positif
captionnya niat banget min🗿,2025-01-05 13:23:58+00:00,negatif
min gimana tanggapan mimim tentang bos rental mobil ?,2025-01-05 13:22:21+00:00,netral
udah 2025 tapi di daerah gua belom ada makan gratis😡😤,2025-01-05 13:21:59+00:00,negatif
bulan ramadhan libur ful 1 bulan ga,2025-01-05 13:21:51+00:00,negatif
min lebih kren pega apa supra,2025-01-05 13:18:40+00:00,negatif
halo pak Prabowo makan bergizi lagi kah kalau masih sekolahhan di Lampung Timur ya di negara bati,2025-01-05 13:18:05+00:00,negatif
@💥:minta saran bagusan pega zr apa rx king kobra,2025-01-05 13:16:59+00:00,negatif
minn makan pake apa,2025-01-05 13:16:41+00:00,positif
Pak turunin harga motor vario,2025-01-05 13:15:54+00:00,netral
min lebih keren Ashley atau ACR ??,2025-01-05 13:11:21+00:00,negatif
😳😳😳,2025-01-05 13:10:28+00:00,positif
"bapak Presiden yang kami Cintai, mohon selamatkan nasib kami para Dosen Tetap Non Asn di KEMENTERIAN AGAMA yang tidak ada formasi PPPK Tahap 2 di Kampus UIN, akibatnya kami terancam PHK Massal 😭😭😭😭😭, @gerindra @Gibran Rakabuming",2025-01-05 13:10:10+00:00,negatif
"Bersih"" Jendral 🇮🇩❤️🔥",2025-01-05 13:09:44+00:00,netral
"min tolong bilangin k bapak gemoy saya Ng DM ig ,,,boro"" d bls d baca aja kagak,,😥apa LG d ajak ktmuan😪😪😪😪",2025-01-05 13:09:22+00:00,netral
🥰,2025-01-05 13:09:16+00:00,positif
🥰,2025-01-05 13:08:42+00:00,positif
😁,2025-01-05 13:08:42+00:00,positif
"pak aku mau libur puasa libur 1 bulan.aku mau kumpul sama keluarga, kangen tau pak sam keluarga.",2025-01-05 13:08:04+00:00,negatif
min gimana tentang libur 1 bulan ful jadi gk min🤔🤔🤔,2025-01-05 13:06:08+00:00,negatif
min udah berak ?,2025-01-05 13:06:04+00:00,negatif
top up epep gimana min😁🙏,2025-01-05 13:05:36+00:00,positif
pak kapan nih mkn gratis nya nyampek solsel boong ya bapak,2025-01-05 13:05:30+00:00,negatif
kapan makan gratis min,2025-01-05 13:04:38+00:00,negatif
"Min, jadi cici ai aja, biar kita bisa curhat..... 😭",2025-01-05 09:24:04+00:00,negatif
halo min,2025-01-05 09:21:59+00:00,positif
i,2025-01-05 09:21:20+00:00,positif
yg bilang harga di warung2 naik yaa itu gara2 elu2 pada yg koar2 ga jelas bikin panik rakyat yg minim literasi😑,2025-01-05 09:20:58+00:00,negatif
pak turunin harga velg vnd dong pak🥰,2025-01-05 09:19:57+00:00,netral
Mind Proliga sudah bergulir masak gak di tayangin di YouTube pelit Amat kalah sama liga korea🤕🙏,2025-01-05 09:16:00+00:00,negatif
min emng bulan puasa libur 1 bulan pul kan,2025-01-05 09:15:59+00:00,negatif
pak tolong kis saya pak... masak di cabut sama pemerinta.,2025-01-05 09:11:55+00:00,negatif
"intinya mah gini, kalo ada perusahaan atau retail yg menggunakan ppn di struk berarti main curang",2025-01-05 09:05:18+00:00,negatif
"Negara merdeka , maka rakyatya juga wajib merdeka ... jgn terlalu di bebani di beratkan untuk bayar pajak"" . Rakyat kecil sudah susah jangan di buat makin susah gara"" mahalnya bayar pajak.",2025-01-05 09:02:44+00:00,negatif
"maju terus bapak presiden
sehat selalu",2025-01-05 09:00:27+00:00,positif
"kata ibu aku yang bilang/bikin video ""dipalak sri mulyani"" itu orang-orang males baca😭😭😭",2025-01-05 08:57:43+00:00,negatif
min apa benar makan gratis mulai 6 Januari?,2025-01-05 08:55:16+00:00,negatif
min knpa ya klo setiap ngelapor ke polisi harus make duit baru di layani,2025-01-05 08:51:12+00:00,negatif
pak makan gratis di purwakarta kapan pakkk,2025-01-05 08:46:16+00:00,positif
"min, jasa mewah pake baling-baling bambu sama Appa avatar naik juga pajaknya?",2025-01-05 08:38:26+00:00,negatif
min lebih bagus sepak bola atau fuksal min,2025-01-05 08:35:49+00:00,netral
😔,2025-01-05 08:33:27+00:00,positif
min emang bener yang berita...pak Prabowo menerabkan tidak boleh memegang hp pada anak umur 16 tahun kebawah?? kalo sampe bener..kasian yang di tinggal ortu nya kerjaa min..komunikasi kan lewat hp😭😭,2025-01-05 08:25:54+00:00,negatif
min kapan makan gratis nya😁,2025-01-05 08:19:43+00:00,positif
😁,2025-01-05 08:11:57+00:00,positif
𝒎𝒊𝒏 𝒕𝒖𝒓𝒖𝒏𝒊𝒏 𝒉𝒂𝒓𝒈𝒂 𝒛𝒙 𝒋𝒂𝒅𝒊 10 𝒓𝒊𝒃𝒖,2025-01-05 08:01:11+00:00,positif
min turunkan harga Gran max pick up,2025-01-05 07:59:18+00:00,positif
min nya asik 🤣,2025-01-05 07:59:07+00:00,positif
😁,2025-01-05 07:58:36+00:00,positif
@gerindra mhon pemerinta Luwu utara diperiksa baik desa dll Banjir yang dari tahun 2021 tidak bisa diatasi dan pengaspalan sama sekali tidak ada untuk desa2 dan terlambatnya gaji P3K dibayarkan,2025-01-05 07:56:03+00:00,negatif
Min bayarin S2 dong😌,2025-01-05 07:54:10+00:00,positif
min... Gucci atau cinta ku pada mu?,2025-01-05 07:52:47+00:00,negatif
min sapa aku dong😁😁😁😁,2025-01-05 07:44:44+00:00,positif
korupsi,2025-01-05 07:43:31+00:00,negatif
info loker mim bisa bantu saya ngga min🙏🙏,2025-01-05 05:03:29+00:00,netral
Mindra apakah benar ya air laut naik ke langit terus menjadi air hujan?,2025-01-05 05:03:19+00:00,negatif
min carikan saya pekerjaan.dirumah bapak presiden juga gk papa.nyabuyin rumput atau apa yg penging kerja tolong🙏,2025-01-05 05:02:50+00:00,negatif
gerindra kapan makan geratis sampai ke maluku Utara,2025-01-05 05:02:01+00:00,negatif
POLISI INDONESIA BOBROK BOS,2025-01-05 04:57:07+00:00,negatif
"Min gw manusia , klo Mimin apa ? ( ga boleh sama )",2025-01-05 04:56:11+00:00,negatif
aku percaya sama bapak prabowo.. semangat pak.. lanjut engga usah denger mahasiswa yg di bayar ama yg punya barang mewah.,2025-01-05 04:55:48+00:00,negatif
"min apakah benar saya melihat fyp saya ada tuh ""Prabowo Subianto akan tidak akan memboleh kan anak dibawah 16 di larang menggunakan hp""?",2025-01-05 04:52:46+00:00,negatif
min libur sekolah pas puasa min,2025-01-05 04:48:39+00:00,netral
tapi banyak pihak tidak bertanggung jawab yang tetap menaikan jualannya min. enaknya di apain min?,2025-01-05 04:27:30+00:00,negatif
aku penggemar mu min,2025-01-05 04:26:39+00:00,positif
"btw apa pendapat mimin @partaigerindra persoalan nenek pencuri batang kayu dan pencuri uang negara yg sampai ratusan T ,tapi hukumannya hampir di setarain🫣",2025-01-05 04:26:37+00:00,negatif
YTH.BAPAK PRABOWO TOLONG ATURAN BPJS YG BARU TERAPI ANAK JANGAN DIBATASI SAMPAI 7 TAHUN😭,2025-01-05 04:22:37+00:00,netral
min bersihin jalan kasongan min😭🙏,2025-01-05 04:05:05+00:00,positif
"kayu = 5th
ayam = 7th
300T = 6,5th💀",2025-01-05 04:02:53+00:00,negatif
"@partaigerindra cara Copy caption nya gmana, saya malas ngetik 😂",2025-01-05 04:01:36+00:00,negatif
pak sekolah saya ga dapet makan gratis pa,2025-01-05 03:56:11+00:00,positif
"Msh banyak rakyat yg blm paham, jadi perlu disidak krn banyak barang yg ga seharusnya harga naik tapi dinaikan😭 ke pasar beli cabe 5rb berasa kek beli 2rb nangisssssss dpt cuma 8biji dong😭😭",2025-01-05 03:55:09+00:00,negatif
Orang indonesia mah kebanyakan telinga dari telinga coba simak baca detail jngn maen gegara pajak gegara pajak klo alesannya buat kemajuan negara ya ayok dukung,2025-01-05 03:52:33+00:00,netral
min kata tukang warung odol sama sabun mandi ikut naik bener gak itu katanya barang mewah..bukan itu kebutuhan yah😊,2025-01-05 03:50:56+00:00,negatif
"admin mau tanya kenapa orang korup 300 triliun di penjara 6,5 tahun sementara make cit di ml akun ku kena band 30 tahun",2025-01-05 03:47:51+00:00,negatif
min turunin harga kapal lah,2025-01-05 03:47:13+00:00,negatif
Min apa nanti pas Ramadhan sekolah diliburkan?,2025-01-05 03:47:12+00:00,negatif
pak tolongin nenek ituu pak kasih an pak brabowo,2025-01-05 03:44:01+00:00,netral
min mana makanan gratis nya harus di tepati kalo di kampung juga laa min si kabupaten Bangkalan kecamatan geger smp al as'ary,2025-01-05 03:41:01+00:00,netral
"min apa benar makanan gratis di luncurkan seluruh sekolah indo
sehari apa setiap hari min dan daftar makanan nya uda keluar untuk setiap daerah apa itu benar min ?",2025-01-05 03:39:40+00:00,negatif
min boleh ck dm@gerindra,2025-01-05 03:32:14+00:00,netral
😁,2025-01-05 03:27:38+00:00,positif
"@gerindra min tolong dong untuk pajak PPN iklan di platform digital (google, Ig, tiktok dll) di hapus atau di kurangi, kita iklan itu kan mau mulai usaha belum tau untung atau rugi berhasil atau gagal dalam bisnis. Masak belum tau hasil bisnis itu udah dikenakan pajak. Berat sekali beban itu min katanya bisnisn harus transformasi digital tpi di hajar PPN biaya iklannya",2025-01-05 03:22:21+00:00,negatif
min tolong honorer diangkt semua full time,2025-01-05 03:20:38+00:00,positif
"kasus fufufafa tenggelam , kasus korupsi yaqut tenggelam , maling trilyunan di hukum LBH rendah dari maling ayam , hukum apa yg kalian tegakkan????",2025-01-04 17:27:27+00:00,negatif
min upami abi uken janda di pasihan moal,2025-01-04 17:25:30+00:00,netral
min. tolong dong di pedesaan banyak begal😭.,2025-01-04 17:20:39+00:00,netral
mas anis mas anis 😂,2025-01-04 17:12:37+00:00,netral
min ilangin razia rambut dong seluruh sekolah 🗿,2025-01-04 17:05:55+00:00,negatif
min gw pengen beli zx 25 tp mahal bisa di turunin GK min 10 ribu aja😅😅😅😂,2025-01-04 17:03:15+00:00,negatif
🙏,2025-01-04 17:02:10+00:00,positif
saran ajha min ni dari saya masyarakat ekonomi lemah kasih Lebel resmi tiap produk yg gak kena pajak 12 % biar gak ad oknum ya g memanfaatkan situasi seperti ini,2025-01-04 16:58:09+00:00,negatif
gerombolan sakit hati yg 16% sama 24% mana mau baca min...mana paham mereka 😭.padahal kenaikan PPN hanya 1% yakni dari sebelumnya 11% naik 1% jadi 12%.dan itupun hanya untuk barang mewah.🤦🏽,2025-01-04 16:56:49+00:00,negatif
tp min klo salah 1 naik pasti semua ikut naik min. ini para pedagang di pasar2 udah pada naikin harga kebutuhan pokok.,2025-01-04 16:52:18+00:00,negatif
🥰,2025-01-04 16:46:13+00:00,positif
"Malam min , sehat selalu ya jaga kesehatan. 🤗 Oya min btw, kenapa si pejabat selalu dpt fasilitas seperti sultan? 😭 Sedangkan aku gatega liat orang2 susah dipinggir jln😭",2025-01-04 16:45:35+00:00,netral
maaf pak kami pensiun dini yg suami meningga pesangon 50% pensiun bulanan 1500000 tp anak2 msh umuran SD buku cetak hrgax sampai plng murah 500000 blm kebutuhan hr2 yg makin meningkat,2025-01-04 16:43:59+00:00,negatif
@someone:Min izin bertanya ttg yang liburan pada saat puasa itu apakah hanya untuk sekolah negeri atau semuanya apakah sekolah sekolah asramaa dan pesantren pesantren jg ikut libur pada saat puasa?,2025-01-04 16:41:15+00:00,negatif
menyalaaa presiden gemoyku 🔥,2025-01-04 16:40:17+00:00,positif
pak turunin harga indomie jadi 2rb,2025-01-04 16:36:22+00:00,negatif
pa milih epep apa bussid?,2025-01-04 16:35:44+00:00,netral
"min emang bener suka nonton donghua juga ""BTTH"" ???",2025-01-04 16:34:17+00:00,negatif
PENTING NYA MEMBACA😇,2025-01-04 16:32:43+00:00,positif
assalamualaikum min,2025-01-04 16:27:49+00:00,netral
Assallamuallaikum pak Tolongin pemuda pemuda yang terjebak di Kamboja pak mereka butuh pertolongan kasian pak mereka tolongin pak 🙏🙏,2025-01-04 16:20:26+00:00,negatif
Min mau nanya reaksi mimin saat liat klarifikasi polsek cinangka tapi tiba2 dihapus😁,2025-01-04 16:20:18+00:00,negatif
🥰,2025-01-04 16:19:06+00:00,positif
lu nganggur min? kok banyak bls orang comentar🤣,2025-01-04 16:19:04+00:00,negatif
pak turunin harga tiket pesawat,2025-01-04 16:17:18+00:00,positif
"tolong min didaerah kami hampir seluruhnya,dikalimantan,bahkan sampai didemo min kantor PDAM nya didaerah berau,knp tarif air naik melonjak beberapa kali lipat min,biasa yang byr air 150 rb perbulan naik jadi sampai 500- 800rb, ada yng biasa byr 300 rb tiba tiba byr sampai 1,2 juta padahal bukan orang berada rata rata yang kasih laporan,ada apa ini min tolong dong diusut,kata orang kantor PDAM nya memang sdh hitungannya bgtu dan aturan kenaikan tarif ktnya.",2025-01-04 16:13:37+00:00,negatif
🥰,2025-01-04 16:12:09+00:00,positif
Legal Kan Knalpot Brong,2025-01-04 16:10:32+00:00,negatif
😄,2025-01-04 16:07:35+00:00,positif
😁,2025-01-04 15:55:49+00:00,positif
assalamualaikum,2025-01-04 12:58:39+00:00,netral
min ada loker buat emak2 gak,2025-01-04 12:56:34+00:00,netral
saya Dulu Harap Bahan Pokok Bakal Turun ehh rupanya Malahh Melonjak Tinggi Bahan pakan .,2025-01-04 12:52:18+00:00,negatif
😹,2025-01-04 12:52:07+00:00,positif
Min kok di saya tahun nya 2024 ya,2025-01-04 12:46:40+00:00,positif
"min, cara biar gk cemburu saat crush sekelas bercanda sma tmen yg lain gmn min?😔",2025-01-04 12:46:38+00:00,negatif
😻,2025-01-04 12:44:52+00:00,positif
min buat undang undang ayam tetangga yg suka b***k di teras rumah🤭,2025-01-04 12:40:57+00:00,negatif
min info lokerr minn cape nganggur mulu🙂,2025-01-04 12:38:25+00:00,netral
"Min,, tolong SIDAK PDAM di Kab. Berau min🙏🙏🙏 kerugian dgn alasan biaya operasional apa yg sampai TEGA membebankan warga berau dgn kenaikan 300%-500% 🙏🙏🙏 warga berau mw demo tgl. 7 @gerindra",2025-01-04 12:34:11+00:00,negatif
min kena love bombing,2025-01-04 12:33:01+00:00,positif
min turunin harga sepatu ls reborn,2025-01-04 12:21:55+00:00,positif
min puasa jadi libur GK soalnya kalok libur mau plng ke kampung 🥹,2025-01-04 12:20:44+00:00,negatif
"makasih banget min sama pak presiden, perihal listrik 😭😭😭 yaAllah kebantu bgt.. sehat dan panjang umur untuk bapak presiden dan seluruh anggotanya..",2025-01-04 12:16:44+00:00,positif
"yg masih sewot ppn 12% antara mau beli privat jet, atau emg males baca aja",2025-01-04 12:15:25+00:00,negatif
min bapa besok hadir gak di acara haul Abah guru sekumpul 🙏,2025-01-04 12:12:34+00:00,positif
info jodohku dimana min?,2025-01-04 12:12:05+00:00,negatif
sadar gasih kelean pertamax skrg tu murahh......,2025-01-04 12:07:33+00:00,negatif
"min,, TPG kab. Kayong Utara selalu telat. bahkan nunggak...mohon pencerahannya min...",2025-01-04 12:04:28+00:00,negatif
KENAPA TELUR MASIH MAHAL?😭,2025-01-04 12:00:41+00:00,netral
min bulan puasa libur gak?,2025-01-04 11:59:46+00:00,negatif
"min, berapa kali cristian ronaldo ke indonesia?",2025-01-04 11:59:41+00:00,negatif
dimana makan gratis ku pak prabowo,2025-01-04 11:58:18+00:00,positif
"kayu = 5th💀
ayam = 7th💀
300T = 6,5th💀
menyala negri ku🔥🔥🔥🔥🔥",2025-01-04 11:55:24+00:00,negatif
Macane dadi kucinggg meong’2,2025-01-04 11:55:14+00:00,negatif
mindra harga YAMAHA FIZ R naik apa tetap?,2025-01-04 11:51:10+00:00,negatif
ngakak liat bio gerinda 😅,2025-01-04 11:51:01+00:00,netral
"assalamu'alaikum bg, bismillah maaf bg cma mau ngasi tau gua anak yatim piatu tinggal sendiri... boleh ga sdkt bantuan modalin usaha bg sama perbaiki kendaraan",2025-01-04 11:46:53+00:00,negatif
min lawaknya dingy,2025-01-04 11:44:19+00:00,netral
pak tolong turunin harga chana auranti sama stewarti jadi 30 ribu,2025-01-04 08:13:54+00:00,negatif
pak turunin harga zx25R,2025-01-04 08:11:46+00:00,positif
wifi naik bjir,2025-01-04 08:10:47+00:00,negatif
tapi kenapa makanan2 dialfee... pada naik yah,2025-01-04 08:09:43+00:00,negatif
🥰,2025-01-04 08:07:30+00:00,positif
Paaak Tttutor Fyfff Donggccc,2025-01-04 08:02:08+00:00,netral
"min tolong untuk bantuan pemerintah yang wajib dapat itu memang yang benar² wajib, bukan sodara kades semua min,,
mohon min di tindak lanjutin",2025-01-04 08:01:06+00:00,netral
"min desa ku dana bumdes kog gk ada hasilnya inovasi apapun ya, sebenarnya dana nya di pergunakan semestinya apa masuk kantong se balai desa ya 😳😳😳",2025-01-04 08:00:48+00:00,negatif
"assalamualaikum
mau nanya min
apa benar ibuk hamil dapat bantuan, kalo beneran dapat gimana caranya min🙏🙏🙏",2025-01-04 08:00:12+00:00,netral
min libra dan scorpio cocik gk😭😭😭,2025-01-04 07:53:35+00:00,negatif
min kasih loker min,2025-01-04 07:52:43+00:00,netral
min mie ayam sama bakso kena PPN gk min😁,2025-01-04 07:52:28+00:00,netral
"kayu = 5th
ayam = 7th
300T = 6,5th💀
menyala negri ku",2025-01-04 07:52:22+00:00,negatif
Min jadi gak sklh libur selama bulan puasa?,2025-01-04 07:50:45+00:00,negatif
setuju,2025-01-04 07:49:50+00:00,negatif
"admin @gerindra tolong baca sebentar,
sebenarnya untuk ibu hamil itu ada bansos engga sih,
karna disini setiap ibu hamil dimintain foto ktp pasutri alasanya untuk pencatatan aja..
mohon tanggapannya",2025-01-04 07:48:10+00:00,negatif
"saya cuma sekedar masukan aja min, kenapa yg dapat bantuan anak2 muda yang baru menikah sekian thn, sedangkan d tempatku terutama ibu bapa ku tidak pernah dapat bantuan apapun, kalau ditanyakan",2025-01-04 07:44:42+00:00,negatif
"@user353941672 nih dibaca baik baik,udah akun fake -1 membaca pula",2025-01-04 07:42:03+00:00,negatif
PENTINGNYA MEMBACA CAPTION YAWW,2025-01-04 07:42:01+00:00,positif
sehat selalu min 🙏,2025-01-04 07:36:28+00:00,positif
@partaigerindra min minta tolong banget ini mah pertanyaan aku serius... kan aku admin pembuat faktur pajak yah nah konsultan pajak nya minta KTP buat akun padahal hamba itu karyawan only.,2025-01-04 07:26:18+00:00,negatif
Min relawan mkn gratiss daftr dmna?,2025-01-04 07:24:04+00:00,negatif
🥰🥰🥰,2025-01-04 07:20:10+00:00,positif
"Siang Kak Mimin..ijinkan saya untuk sdkit cerita..Jadi ceritanya sertifikat rmh org tua saya masih berbentuk PETOK..domisili saya dan org tua Batang, Jawa tengah..kbtulan kami warganya Bpk.WIHAJI yg skrg jd menteri kependudukan dan pembangunan kluarga Indonesia skrg ini..Pada masa jbtan Pak Jokowi kn ada program pembuatan sertifikat massal gratis ya min..Lha org tua saya trmsuk slh satu pesertanya..Cm masalahnya sertifikat nya smpe skrg blm jadi...pdhl pas awal pengukuran sama k kelurahan, org tua saya diminta utk membayar sejumlah uang..tp sdh bbrpa tahun brlalu smpe skrg setifikatnya blm jg jadi dgn berbagai alasan..Gmn itu min? Mohon bantuannya @gerindra",2025-01-04 07:19:10+00:00,negatif
min mau di bkinin kopi ga?,2025-01-04 07:17:55+00:00,negatif
"Min 300T kok cuman di hukum 6,5 tahun sihh",2025-01-04 07:15:40+00:00,negatif
kapan Indonesia jadi adil,2025-01-04 07:07:52+00:00,positif
"kayu=5th
ayam=7,5th
300t=6th😅😅",2025-01-04 07:06:06+00:00,positif
lebih bgus nmax ato xmax min😅😅,2025-01-04 07:01:11+00:00,netral
"Tipu Pak,Sy kecewa Pak, katanya jet pribadi n apartmn hrga wow, tp barusan bayar pajak mobil sm motor naik smua,mobil dr 5,6 jt jd 6,3 jta,motor dr 350 rb jd 431,@gerindra sy cilacap ya,hitung sendir",2025-01-04 03:48:34+00:00,negatif
min kasih hukuman yg lebih berat sudh merugikan negara ini yg korupsi 300T,2025-01-04 03:48:02+00:00,negatif
waifu bapak di anime siapa,2025-01-04 03:46:06+00:00,positif
Listrikku baru ngisi dan naik 2x lipat😭🙏🙏🙏🙏🙏🙏 saranghae pakkkk 🤍🤍🤍,2025-01-04 03:45:35+00:00,negatif
😭,2025-01-04 03:44:45+00:00,positif
min apa betul di bulan puasa libur,2025-01-04 03:39:36+00:00,negatif
"bukan nya turun bahan baku,,malah naik,garagara pajak naik,,mgkn ini cara mereka biar rakyat cepat punah,minyak aja 20 RB 1 kl.yg kaya tambah kaya, yg miskin BKN lagi miskin ,tunggu2 mati kelaparan.",2025-01-04 03:38:24+00:00,negatif
jangan cuman bicara pak 271 triliun harus di adili dengan wajar pak masak cuman 6.5 tahun,2025-01-04 03:36:03+00:00,negatif
min untuk listrik yang buat usaha tidak ada diskon ya...😁🙏,2025-01-04 03:35:58+00:00,negatif
libur 1 bulan kita min puasa😂,2025-01-04 03:33:28+00:00,negatif
nganu min,2025-01-04 03:32:34+00:00,netral
🥺,2025-01-04 03:28:21+00:00,positif
😁,2025-01-04 03:28:19+00:00,positif
Pantes cabai 1/4 25 rebu 😭😭,2025-01-04 03:26:05+00:00,negatif
Min kami minta kejelasan untuk kami yg yg blm lolos P3k,2025-01-04 03:23:15+00:00,negatif
min tolong min harga padi cuman 5300 min di wilayah Palembang,2025-01-04 03:22:45+00:00,negatif
🤩,2025-01-04 03:19:14+00:00,positif
Min kerja prabowo sebelum 100 hari sudah sangat luar biasa,2025-01-04 03:17:08+00:00,negatif
Turunin harga rokok surya 16 min 🥰,2025-01-04 03:13:52+00:00,negatif
Gerindra dukung Madrid apa Barcelona 😁🗿?,2025-01-04 03:13:21+00:00,negatif
"jambu alas kulit e ijo seng
di gagas uwes ndue bojo",2025-01-04 03:13:10+00:00,negatif
💗,2025-01-04 03:12:59+00:00,positif
midra sy bersyukur aja karna sy ga punya brang berharga/ mewah 🙏🙏,2025-01-04 03:11:40+00:00,netral
harga minyak dan tepung pak kondisikan jga... akhir2 ini melonjak parah..,2025-01-04 03:09:41+00:00,negatif
otw kirim ke grup keluarga yang isinya anak abah semua😂,2025-01-04 03:09:01+00:00,negatif
ah yang benar?,2025-01-04 03:06:27+00:00,positif
min perbanyak motor astra dong. dan turunkan harganya,2025-01-04 03:04:39+00:00,negatif
"NI ADMIN JUGA MANUSIA BUKN TUHAN ANJIRR JADI STOP MINTA² INI ITU BIAR ADIL, 🥰 DIA JUGA MANUSIA",2025-01-04 03:04:20+00:00,negatif
saya beli online di Lazada seharga harga 40rb tapi di kenakan ppn apakah seharga 40rb itu termasuk kemewahan mautanyak,2025-01-04 03:02:18+00:00,negatif
🥰,2025-01-04 03:00:59+00:00,positif
min apa benar bulan puasa anak sekolah diliburkan 1 bulan penuh,2025-01-03 23:28:04+00:00,negatif
😁,2025-01-03 23:25:55+00:00,positif
PPN tetap harga barangnya tetap naik njir 😂,2025-01-03 23:17:17+00:00,netral
sehat selalu ya pak Prabowo Subianto 🤲🥰,2025-01-03 23:02:59+00:00,positif
🥰🥰🥰,2025-01-03 22:50:22+00:00,positif
"min, bpjs kok sekarang peraturannya mempersulit rakyat. padahal kita juga bayar loh tiap bulan. tolong dong itu bpjs di audit. isunya rame malah karyawan bpjs pake asuransi inhealth. kok gitu si min",2025-01-03 22:35:41+00:00,negatif
min roko juga termasuk ppn 12% ? nasib kami peroko gimana min kalo naik terus -_-,2025-01-03 22:14:58+00:00,negatif
"pinjol gimana min , menyusahkan rakyat",2025-01-03 22:07:52+00:00,negatif
"min ga geram gtu min liat oknum"" pol*i yg nolak laporan masyarakat kmaren saya laporan kasus pengeroyokan di mintain uang pelaku udah di tangkep padahal min tapi pas sore nya mau bikin laporan lagi pelaku udah kluar ini gimna min",2025-01-03 21:53:25+00:00,negatif
emng bener puasa sekolah di libur kan 1 bulan full,2025-01-03 21:31:40+00:00,negatif
"min tlng dong d percepat pulang skolah,masa pulang jam stengah 5? belum pr nya bertumpuk2
gmna yg siswany tulang punggung keluarga? mau pulang jam brp",2025-01-03 20:40:45+00:00,negatif
lombok larang ki pie min aku bakul angkringan gak nggo sambel seng tuku do lungo,2025-01-03 20:19:49+00:00,negatif
"min.
saya punya usul min. kalau bisa komisioner kpu dan bawaslu itu umurnya Diminimalisir menjadi 25 Tahun dengan syarat dan ketentuan, yang paling utama mempunyai pengalaman di tingkat kecamatan.
kasihan yang muda"" min, memiliki potensi dan visioner tapi tidak dimanfaatkan dan diperhatikan oleh negara.
mungkin itu saja usulan saya min.
@partaigerindra",2025-01-03 20:06:23+00:00,negatif
"min masa iuran bulanan warga naik juga, biasa 10.000 jadi 20.000",2025-01-03 20:00:41+00:00,negatif
"@partaigerindracoba jln² ke desa² smua bahan pokok naik, terutama disulawesi, ketika brtanya kok mhl katanya krna PPN 12% naik otomatis smua hrga naik mreka cuman ikut pemerintah 🤣",2025-01-03 19:59:45+00:00,negatif
Dalam Peraturan Menteri Keuangan nomor 141/PMK.010/2021 tentang Penetapan Jenis Kendaraan Bermotor yang dikenai Pajak Penjualan atas Barang Mewah dan Tata Cara Pengenaan Pemberian dan Penatausahaan Pe,2025-01-03 19:46:54+00:00,netral
"Tolong pak prabowo harus tau ini masalah yang lagi viral bos rental mobil di banten, harus dicopot itu jabatan kapolsek cinangka dan pecat jajarannya",2025-01-03 19:46:40+00:00,negatif
🥰,2025-01-03 19:44:02+00:00,positif
sudah tersampaikan😭,2025-01-03 19:43:47+00:00,positif
min harga cabe naik harga sayuran naik min ...alhamdulillah ya min rejekine pak petani.hari ini di mlg 3 jan 75 000 perkilo,2025-01-03 19:29:52+00:00,negatif
🥰,2025-01-03 19:08:10+00:00,positif
min suruh dong pak presiden mampir ke rumah saya silaturahmi aja gitu,2025-01-03 19:03:47+00:00,negatif
min aku tolong aku,2025-01-03 18:51:37+00:00,positif
masyarakat miskin tolong turunkan ppnnya,2025-01-03 18:45:00+00:00,negatif
Min infoin loker🗿,2025-01-03 18:40:47+00:00,positif
"min.. bulan puasa kok gk libur,katanya liburr🗿",2025-01-03 18:34:28+00:00,negatif
min turunin harga bbm dong min😃,2025-01-03 18:29:07+00:00,positif
min tolong bahas aturan baru bpjs kesehatan,2025-01-03 18:28:52+00:00,positif
Min emang pas puasa ga di liburin satu bulan,2025-01-03 14:58:46+00:00,negatif
min kenapa ya BPJS tidak berbayar ( KIS) di nonaktifkan🥺🥺,2025-01-03 14:54:53+00:00,negatif
tolong kaki sya sakit😭,2025-01-03 14:49:03+00:00,netral
"min gimana tanggapan bapak Prabowo tentang korupsi 6,5triliun ?🤔 jawab dong min",2025-01-03 14:42:09+00:00,negatif
min tutor dapat istri yg bohay gimana..?,2025-01-03 14:41:03+00:00,negatif
"kalau masih gak ngerti juga apa yang sudah di jelaskan oleh admin gerinda,, benar2 🧠👎",2025-01-03 14:38:30+00:00,negatif
pa peresiden minta aipon dong,2025-01-03 14:37:33+00:00,netral
tapi min asli pembayaran PDAM BERAU jdi 2kali lipat min yallah ngenes banget dah 😭 @gerindra,2025-01-03 14:36:52+00:00,negatif
min Gerindra tolong dong di youtube banyak promosiin judol di komentar plis min😭😭,2025-01-03 14:35:35+00:00,positif
aturen Dewe penting seneng 😅😅😅,2025-01-03 14:34:51+00:00,positif
"padahal barang mewah yang kena pajak 12%, tapi disini malah sembako yg pada naik😭😭😭😭",2025-01-03 14:30:25+00:00,netral
rakyatmu yg aneh pak.. malah di pasar barang2 naik bangettt. pdahal dari pemerintah gak ada kenaikan bahan pokok makanan😭😭. masak aku beli ayam 1/4kg 15rb. emang ayam sekilo 60rb kah?,2025-01-03 14:26:54+00:00,negatif
"Alhamdulillah.....Pak Presidenku Prabowo Subianto Sayang Pada Rakyatnya, Bangsanya dan Negaranya🤩Ingin Rakyatnya hudup Sejahtera adil merata sampai kepelosok NKRI🙏🥰",2025-01-03 14:25:23+00:00,positif
Captionnya saya baca sampai habis 👍🏻,2025-01-03 14:21:44+00:00,negatif
"nih orang pada baca caption gak sih malah marah² ppn 12%
auto menurun IQ gw kalo baca komenan tiktok mendingan IG",2025-01-03 14:16:28+00:00,negatif
min adain skincare yg ditanggung bpjs dong🤩🤩🥰🥰,2025-01-03 14:15:39+00:00,negatif
mangat min mangaat 😅,2025-01-03 14:15:05+00:00,positif
mie ayam mie kuah,2025-01-03 14:14:46+00:00,netral
"sepatu, sandal bisa naik ga ya😱😱😱",2025-01-03 14:13:16+00:00,netral
"yg ribut² PPN naik 12 persen,itu udah kebeli belum kapal pesiar nya?😭🙏🏻",2025-01-03 14:09:45+00:00,negatif
min mau nasgor ngga?,2025-01-03 14:08:53+00:00,negatif
kembali ke era Suharto aja pak,2025-01-03 14:08:40+00:00,positif
saya laporan tentang judol ke Kominfo udah 10x ga pernah di acc kenapa???,2025-01-03 14:07:56+00:00,negatif
gerinda bukanya buat motong ya😂??,2025-01-03 14:06:52+00:00,negatif
buruh makin pusing ama umr karna gaji buruh buat gaji dpr,2025-01-03 13:59:03+00:00,negatif
min orang tulus gamenya apa,2025-01-03 13:57:07+00:00,negatif
min tolong dicek dulu kepsek SD negeri 101798 pamah delitua kabupaten Deli serdang provinsi Sumatera utara menggunakan jabatan utk memasukkan keluarganya bekerja di sekolah tsb. mulai dari anak sampe menantu.mohon dibantu min🙏🙏,2025-01-03 13:55:48+00:00,positif
🥰,2025-01-03 13:52:48+00:00,positif
min kerjaan dong,2025-01-03 13:50:10+00:00,negatif
"min cobk tlong beacukai cargoan brang dri luar negri diprmudah ksian kita bnyak cargo barang gak smpai""",2025-01-03 11:03:08+00:00,negatif
keluarga gua pendukung abah gua mau kasih liat ini min.,2025-01-03 11:02:44+00:00,negatif
min kok celana dalam di pasar naek si kan yg aku di curi terus jir 🗿,2025-01-03 11:02:22+00:00,negatif
"kayu = 5th
ayam = 7th
300T = 6,5th💀
menyala negri ku🔥🔥🔥🔥🔥🔥",2025-01-03 10:58:34+00:00,negatif
"mslhnya min, beberapa produsen sepertiny udh sengaja naikin harga barang manfaatin chaos di masyarakat mslh PPN 12%, pdhl belum ditetapin naik jadi 12, mlh udh dinaikin",2025-01-03 10:57:07+00:00,negatif
buktinya gajian ku 2minggu 1.390.000 di potong ppn jadi 1.298.000 gmna pendapat admin gerindra?,2025-01-03 10:56:37+00:00,negatif
min ini pasar Caringin sampah nya menggunung bau banget bisa jadi penyakit suka banjir juga tolong min bau banget sampai Belun di proses buat di buang kemana,2025-01-03 10:56:09+00:00,negatif
"min tolong untuk batuan batuan tolong harus tepas sasaran 😭😭 jangan yang punya rumah ,pnya kontakan dapet semua bantuan 😭😭😭",2025-01-03 10:55:20+00:00,negatif
".........,...... . owh🥺",2025-01-03 10:54:03+00:00,negatif
min tolong bls dm ku min,2025-01-03 10:52:39+00:00,positif
"makan siang gratis di Bekasi mana min
sumpah dah di Bekasi ga ke bagian makan siang gratis terutama kan Bekasi harapan indah, indah aja di harapan apa lagi makan siang gratis",2025-01-03 10:52:37+00:00,positif
dan ini di desa saya mind.tolong ti perhatikan baik baik,2025-01-03 10:51:58+00:00,positif
"Mereka itu bekkerja untuk negara dan masyarakat,lantas mengapa pemerintah ke atas tidak menggaji mereka",2025-01-03 10:51:42+00:00,negatif
"mind kenapa gaji kepala desa dan bawahhan nya tidak di kasih kasih, kenapa ini mind coba di perhatikan baik baik",2025-01-03 10:51:03+00:00,positif
min mending kerja apa nikah?,2025-01-03 10:50:41+00:00,negatif
"sebenarnya sudah detail bgts penjelasannya, tapi kenapa di prakteknya semua dinaikkan, beras rakyat yg sphp itu naik 1000/ pack, minuman air mineral, jajan"" anak,santan instan, semua padaa naikkkkkk.. duchh salah paham apa gmn ini?",2025-01-03 10:48:47+00:00,negatif
p,2025-01-03 10:48:39+00:00,positif
min apakah bener bulan ramadhan libur full 1 bulan?,2025-01-03 10:48:38+00:00,negatif
apa bener pak bulan puasa libur 1 bulan?,2025-01-03 10:48:00+00:00,negatif
mi liburin puasa min mau bantu ortu,2025-01-03 10:46:50+00:00,negatif
🥰,2025-01-03 10:45:22+00:00,positif
min.q sedih tiap hujan rumah pada bocor,2025-01-03 10:45:11+00:00,netral
"tiket pesawat kapan turun mind, tolong jawab, mau pulang ke rumah istri di gorontalo harus kerja keras banget",2025-01-03 10:43:53+00:00,negatif
Jadinya yang bener yang mana?,2025-01-03 10:43:49+00:00,netral
ingin di sapa admin gerindra,2025-01-03 10:39:46+00:00,positif
min tolong dong pedagangnya jga di observasi lagi takutnya ada yg nakal naikin harga seenaknya. 😭😭😭,2025-01-03 10:39:28+00:00,negatif
tetep semangat min,2025-01-03 10:38:35+00:00,negatif
🫰🏻🫰🏻,2025-01-03 10:38:14+00:00,positif
tahun baru kemana min,2025-01-03 10:34:48+00:00,positif
min lebih keren fiz R atau rx king,2025-01-03 10:32:31+00:00,netral
🥰,2025-01-03 08:31:15+00:00,positif
"min yang kurupsi itu kok cuma 6,5 tahun beri tangapan donk",2025-01-03 08:23:44+00:00,negatif
rasio pajak = ppnbm,2025-01-03 08:22:06+00:00,netral
"saran min untuk yg akun2 private yg ga jelas tolong di lacak, karna kebanyakan akun2 private ini yg bikin kisruh masyarakat.. bila perlu bikin uu buat pengguna akun",2025-01-03 08:21:49+00:00,negatif
"""Bukany,dari dulu rumusnya gitu.
1. Bikin rencana undang undang yang nyusahin rakyat
2. Setujui undang undang
3. Berlaku nya di 3-4 bulan kedepan
4. Dihari hari terakhir tiba tiba batalin undang²""",2025-01-03 08:19:43+00:00,negatif
💗💗💗,2025-01-03 08:16:06+00:00,positif
min puasa liburin lah😘,2025-01-03 08:16:01+00:00,positif
akun bionya berasa avatar 🤣,2025-01-03 08:15:31+00:00,positif
"min @partaigerindra ...
yg bner aja emak² di KABUPATEN BERAU KALTIM udh pada seneng semalam dpt diskon 50 % di pengsian atau pembelian token listrik eehh tau²nya hari ini dikagetkan sama PDAM yg naikin tarif seenaknya yg biasa bayar 300 ribuan lebih jadi 1 juta 500 ribuan...
gak ngotak kenaikannya 🤦🏻‍♀️🤦🏻‍♀️heboh di sosmed dan smpe didatangin bnyk orang ke kantor PDAM nya...
PLEASE TINDAK LANJUTIN min kasian rakyat yg hidupnya pas²an",2025-01-03 08:14:50+00:00,negatif
min tiket kapal kena ga,2025-01-03 08:14:38+00:00,negatif
"""kurang peduli apa"" .. dih gni amat admin nya.. padahl tu udh kewajiban. mereka yg naikin mereka sendiri yg nurunin.. malah playing victim , merasa jd pahlawan ceritanya 🫠",2025-01-03 08:14:04+00:00,negatif
@oxytocin_stan,2025-01-03 08:09:49+00:00,negatif
tp nyatane ng pasar panggah mundiiiaakk kabeh sembarang kalir ndengah Lo min @partaigerindra,2025-01-03 08:09:27+00:00,negatif
min tutorial ngajak dia pindah agama😌,2025-01-03 08:08:57+00:00,negatif
Info loker min😭,2025-01-03 08:06:50+00:00,positif
"POV : Kami setuju, biar semangat kerjanya ☺️",2025-01-03 08:04:25+00:00,positif
😁,2025-01-03 08:04:18+00:00,positif
"awal tahun agak membagongkan, mulai dri pajak, korupsi triliun hkuman ringan, dan bpjs yg aturannya agak laen😳",2025-01-03 08:00:11+00:00,negatif
min suka truk giga atau Mitsubishi?,2025-01-03 07:57:42+00:00,negatif
"Perpanjang stnk motor tua aja kena kenaikan 20%, gimana nih ?????",2025-01-03 07:57:15+00:00,negatif
"Min yg naik bukan barang dan jasa mewah aja, tqpi telor, cabe dlll semuanya pada naik. Gimana nih min ???",2025-01-03 07:54:30+00:00,negatif
min serius nanya pas bulan puasa kita libur 1 bulan kah min??,2025-01-03 07:51:45+00:00,negatif
dinaikkn lagi biar ada 400T🗿🗿300 ngk cukup,2025-01-03 07:50:58+00:00,netral
tapi gaji ak dipotong banyak bgt bulan ini untuk pajaknya saja 😭😭😭😭😭,2025-01-03 07:48:53+00:00,negatif
minn makasih banyak ya token listrik dapet tambahan mamah aku seneng bgt makasih banyak min🥰🥰🥰,2025-01-03 07:46:49+00:00,netral
min tambah kan sebulan libur 🗿,2025-01-03 07:46:47+00:00,netral
"pdam berau kaltim menyiksa,rmh tngga biasa tdk msuk d akat byr sampe jutaan air aja",2025-01-03 07:45:43+00:00,negatif
"Kayu:5 thn Ayam:7 thn 300T: 6,5thn💀",2025-01-03 07:45:14+00:00,negatif
apaan miinn diluar yg dikasih tw itu udh kena kenaikan ppn,2025-01-03 07:45:04+00:00,negatif
cape ga min bikin capt sepanjang itu biar para SDM rendah ngerti 🥹,2025-01-03 07:44:31+00:00,netral
pak luluskan kami pppk pak🥺,2025-01-03 05:48:59+00:00,positif
pa tolong kami pra penjga sekolah kami puluhan tahun kerja di negara tapi kami miskin pa,2025-01-03 05:48:42+00:00,negatif
"katanya ppnbm min, kok reatail juga dikenakan 12% min? gimana yg bener ya??",2025-01-03 05:45:58+00:00,negatif
"yang demo kemarin pasti menengah kebawah kann?? yang dimana engga kena ppn 12% kenapa pada demo?? belum ada keputusan resmi dari presiden malah pada demo duluan, itu yg demo di bayar sama org org kaya kah? wkwkwkw
2024 ganti rakyat yg dikit dikit demo aja",2025-01-03 05:44:49+00:00,negatif
"Min saya ingin menanyakan perihal gaji PNS min, ibu saya seorang PEGAWAN NEGERI SIPIL. tapi gajinya sangat lama masuknya min, apakah ada permainan di dalam kantor yang ada di ibu saya min? mhn arahann",2025-01-03 05:44:14+00:00,negatif
🗿,2025-01-03 05:41:56+00:00,positif
"saya berharap presiden sekarang lebih baik lagi,lebih maju, bener2 berpihak pada rakyatnya",2025-01-03 05:38:33+00:00,positif
Saya doakan semoga indonesia menjadi negri baldatun toyyibatun sebuah negeri yang mengumpulkan kebaikan alam dan kebaikan perilaku penduduknya. Aminn,2025-01-03 05:37:44+00:00,positif
"min,emng bnr ya,bulan puasa thn 2025..
sekolah libur 1bulan ful?",2025-01-03 05:37:02+00:00,negatif
"biar kalo org beli mikir 2x juga kalo gak penting gak perlu, kecuali kepentingan Bisnis yg produktif tdk sekedar konsumtif",2025-01-03 05:36:34+00:00,netral
hey adek ku belum dijemput ini admin gerinda dimanaaaa😡😡,2025-01-03 05:36:28+00:00,negatif
percuma ganti presiden kelakuan sama ini si 1112 sama kyk pajak 11 per 12 yekan,2025-01-03 05:35:33+00:00,netral
"saya mau blg SMA BPK terimakasih baru x ini saya merasakan pemberian pemerintah dg diskon listrik y Allah,..
biasanya yg PD dpt bantuan hny org itu itu saja.. semoga berkah sehat selalu pak amin yRabb",2025-01-03 05:33:19+00:00,negatif
"min tolong kembalikan.dia sama aku,soalnye aku kangen sama dia min",2025-01-03 05:32:39+00:00,negatif
"owalah ternyata gini toh kenaikan pajak 12% itu, aku liat di tempat ku banyak yg protes serasa semua jenis pajak yang naik 12%",2025-01-03 05:32:13+00:00,negatif
jadikan ibu kantin untuk menjadi mitra gizi makan gratis di sekolah.. biar ada gajinya.. kasian ibu kantin tidak lagi penghasilan kalau ada makan siang gratisnya..,2025-01-03 05:30:39+00:00,negatif
pak harga velk vnd turunin,2025-01-03 05:26:03+00:00,positif
"PAK KASIH SERATUS KATA BUAT ORANG YANG BANG KE SAYA""MATI AJA LU SANA""",2025-01-03 05:23:43+00:00,negatif
"TOLONG TANGGAPAN NYA TERHADAP KASUS HARVEY MOEIS,INI BENAR-BENAR MENYAKITI KAMI!
APAKAH SEBANDING HUKUMAN ITU DENGAN APA YG TELAH DI PERBUAT PELAKU?
INI BENAR-BENAR SEPERTI LELUCON!",2025-01-03 05:22:55+00:00,positif
min emang benar libur bulan ramadhan?,2025-01-03 05:19:58+00:00,negatif
"nggak lulus TMS nggak masuk database juga,nggak bisa ikut seleksi p3k???",2025-01-03 05:18:06+00:00,negatif
gimana yang gak lulus TMS,2025-01-03 05:17:06+00:00,negatif
😁,2025-01-03 05:16:29+00:00,positif
w blm coba bli listrik jd 2x lipat itu sampai kapan ges? aku bln dpt,2025-01-03 05:15:59+00:00,negatif
PPh 21 nakes di RS swasta gimana min apakah ditanggung pemerintah juga ?,2025-01-03 05:15:08+00:00,negatif
"mohon di respon min , apakah harus di penjara orang klo ada utang Bru blm bisa bayar min, bapk saya min di penjara 2bulan sudah bayar separuh utangnya sekarang di cari sama polisi .tolong min 🙏🙏",2025-01-03 05:14:42+00:00,negatif
🗿,2025-01-03 05:14:10+00:00,positif
min bener ga libur 1 bulan penuh pas puasa?,2025-01-03 05:14:04+00:00,negatif
"Min, Jual es Teh Di Sini boleh gak ?",2025-01-03 05:13:33+00:00,negatif
"maaf mas admin ,,katanya yang naik hanya yang mewah2,,kenapa tarif berobat di Puskesmas yang tidak punya BPJS ikut naik,,,mohon pencerahannya🙏🙏",2025-01-03 05:10:49+00:00,negatif
katanya ada bantuan buat balita juga ya min kok aku gapernah dapet yaa 😭😭,2025-01-03 03:03:48+00:00,negatif
BACA CAPTION DULU WOYY AELAH 😩,2025-01-03 03:02:22+00:00,negatif
min syarat dan cara mendaftar menjadi relawan makan gratis gmna ya,2025-01-03 03:02:13+00:00,netral
min boleh ga waktunya dicepetin jadi tahun 2026 bosen min 2025,2025-01-03 03:01:54+00:00,negatif
"pemerintah harus di sidak dan tegaskan untuk kebutuhan bahan pokok yg dr perusahaan main naikan jadi 12%, kasian untuk kalangan menengah kebawah .",2025-01-03 02:59:51+00:00,negatif
Pk presiden terhorma yng kucintai saya ada usul mending di hapus ajha pancasila sila ke 5 sekian taun lamanya gak ada fungsinya🙏🙏,2025-01-03 02:59:19+00:00,positif
Min info link pendaftaran mnjadi relawan makan gratis dong🙏🏻,2025-01-03 02:58:55+00:00,positif
min lebih bagus innova atau pajero min?,2025-01-03 02:58:37+00:00,negatif
🗿,2025-01-03 02:58:34+00:00,positif
"Min 6,5 itu buat ak GK senang",2025-01-03 02:57:16+00:00,negatif
min apakah jodohku XU KAI?,2025-01-03 02:56:11+00:00,negatif
min capek gak d salahin mulu?,2025-01-03 02:54:20+00:00,negatif
😂,2025-01-03 02:53:39+00:00,positif
min di NTT kab ngada kec riung itu jalan nya rusak sedang kan jalan diluar riung itu lumaya tertata namun di kami tidak.mohon untuk di beritahu,2025-01-03 02:53:38+00:00,negatif
🔥🥰,2025-01-03 02:52:01+00:00,positif
min org ter ganteng di bali siapA?,2025-01-03 02:50:56+00:00,negatif
min apakah bulan puasa libur?,2025-01-03 02:50:37+00:00,negatif
min bner ga bulan puasa sekolah liburr???,2025-01-03 02:49:29+00:00,negatif
yang komen kebanyakan barangnya di atas 30m kali ya makanya koar koar atau malah gabisa baca deskripsi,2025-01-03 02:41:58+00:00,negatif
kadang banyak yg gagal faham 😢,2025-01-03 02:41:31+00:00,negatif
ternyata makan gratis di jum'at berkah lebih mudah daripada makan gratis program pak prabowo,2025-01-03 02:38:15+00:00,netral
Terima kasih Pak 💖,2025-01-03 02:37:42+00:00,positif
min besok Maret puasa libur sekolah?,2025-01-03 02:37:02+00:00,negatif
syukur lah wdp ml ga naik wkwkw,2025-01-03 02:36:20+00:00,negatif
sehat sehat bapak 🥹 sampe berkaca kaca mataku mendoakan bapak 🥹🥹🤗,2025-01-03 02:36:06+00:00,netral
"kayu=5 tahun
ayam=7 tahun
300T=6,5 tahun",2025-01-03 02:32:50+00:00,negatif
"gue smpe debat SMA mertua dan laki gue apa"" harga naik nyalahin presiden,, udh d jelasin yg kena pajak hanya barang mewah ehh kaga ngarti""",2025-01-03 02:32:13+00:00,negatif
urusin dl tuh Suami nya Sandra Dewi,2025-01-03 02:30:04+00:00,netral
min semangat min 😎🔥,2025-01-03 02:29:46+00:00,positif
min kpn dampak?,2025-01-03 02:28:31+00:00,negatif
kancaku wingi meet up malah curhat ppm terus.. wis dikandani ppn 12% ki gawe barang mewah kok... ncen wis bias ga seneng pemerintahan e bapak.. yo ngono kui😑 dikandani angel,2025-01-03 00:35:13+00:00,negatif
😊,2025-01-03 00:34:47+00:00,positif
"Terimakasih bapak, hari ini isi token listrik ky dapet kado tahun baruan. ☺
Woro-woro ke temen, malah dibilang iya turun karna nanti mau dinaikin, buat apa,,
duh, knp gak bersyukur dulu ya..",2025-01-03 00:32:44+00:00,negatif
"terima kasih bapak presiden, subsidi listrik nya sudah bisa di nikmati banyak rakyat, salah satunya saya rakyat bapak mendapatkan subsidi itu, tetaplah sehat bapak presidenku, lanjutkan perjuangan utk mensejahterakan rakyat yg mencintaimu",2025-01-03 00:29:58+00:00,positif
"saya pekerja toko min, seles² bilang PPN naik12% barang² pada mahal², tolooongggg 😭😭😭",2025-01-03 00:29:48+00:00,negatif
"kami di pendalaman Kalimantan Barat bujur arus aja,, biar yang lain pada ribut😁",2025-01-03 00:27:06+00:00,positif
semoga BPK persiden d berkahi kesehtan👍💪💪💪💪,2025-01-03 00:22:44+00:00,negatif
Harga janda bakalan naik ga min 🗿🔥,2025-01-03 00:22:24+00:00,negatif
"min tolong bantu min Kwan saya di tahan, karna tuduan pembunuhan seperti kasus pina min Kwan saya masih di bawah umur min",2025-01-03 00:20:42+00:00,negatif
🙏🥰,2025-01-03 00:19:11+00:00,positif
🥰,2025-01-03 00:19:00+00:00,positif
"Bapak Presidenku yang baik, mohon di bantu yang tidak lulus PPPK 2024 yg sudah masuk database BKN, mohon pak 🙏🙏😭",2025-01-03 00:14:47+00:00,positif
Udah ya jangan percaya sama katanya katanya katanya. Percaya aja sama kata Pak Prabowo. share sebanyak2nya postingan ini👍,2025-01-03 00:14:09+00:00,negatif
Hidup Korupsi 🤣,2025-01-03 00:10:55+00:00,negatif
mindra pasti cape😭 aku aja yg baca ikut cape🤣,2025-01-03 00:10:48+00:00,netral
ramadhan skolah libur ga min,2025-01-03 00:09:27+00:00,netral
"gua makan sushi main barcode gokart ada ppn nya tuh 12%, itu termasuk mewah kah?",2025-01-03 00:09:09+00:00,negatif
12 % nya berlaku untuk barang mewah kok.....(info dari google news),2025-01-03 00:07:45+00:00,negatif
"jujur gua beli jasuke yang tadinya 2 ribu lima ratus,skrng jadi lima ribu satu,apa kena ppn juga😔",2025-01-03 00:06:07+00:00,negatif
sehat selalu pak ❤️🙏🏻,2025-01-03 00:05:18+00:00,positif
gara gara akun ini presiden jadi mudah dapet informasi dari rakyat,2025-01-03 00:05:13+00:00,positif
tolong sidak pasar2... karena sembako di pasar naik apalagi minyak telur dan beras dan mereka beralasan naik karena kena ppn.. hari ini saya belanja di toko dan minyak naik menjadi harga 18.500 dan beralasan karena ppn naik 12%.. tolong di himbau untuk semua masyarakat pak.. karena ulah oknum2 atas membuat masyarakat yg dibawah dirugikan,2025-01-03 00:03:16+00:00,negatif
🥰,2025-01-03 00:02:51+00:00,positif
min tolong tolong update tentang RUU PERAMPASAN ASET dong min🙏,2025-01-03 00:02:44+00:00,negatif
🗿,2025-01-02 23:59:44+00:00,positif
min bikin event diamond ff gratis,2025-01-02 23:55:59+00:00,positif
min emang bulan puasa nanti libur panjang??,2025-01-02 23:54:27+00:00,negatif
detik detik akhir bikin pengumuman terkait kebijakan yg sudah lama bikin riuh seolah-olah pak presiden itu pahlawan.💀,2025-01-02 23:51:26+00:00,negatif
RX king makin mahal makin boros juga gk min?,2025-01-02 23:48:07+00:00,negatif
Min kapan bantuan kartu PIP cair di sekola?,2025-01-02 23:47:31+00:00,negatif
min aku laper tp aku LG diet gmn dong🥴,2025-01-02 19:08:19+00:00,positif
gua pesen paket/barang lewat ekspedisi tertentu kok naik ya min,2025-01-02 19:04:25+00:00,netral
"kopi, kena pajak ga min? kan sekarang kopi udah mahal banget",2025-01-02 19:02:18+00:00,negatif
Untuk makan bergizi gratis ada lowongan untuk sarjana muda ngak min nanti,2025-01-02 18:59:50+00:00,netral
ini gada pilwar? pemilihan warga 🙏,2025-01-02 18:57:11+00:00,netral
2025 ganti rakyat,2025-01-02 18:56:29+00:00,positif
ko ada notif dr provider internet ada kebaikan pon jadi 12℅ gmn ini min @partaigerindra ?,2025-01-02 18:53:52+00:00,negatif
Mas wowo 🥰,2025-01-02 18:50:19+00:00,netral
😂😂😂Ganti rakyat min yang paling bner mah soalnya pemerintah naikan ppnbm eh semua nya pada naik sembako lah ini itu alasan alibi semua bahkan harga kos kosan pun ikut naik yang awalnya harga kosan paling murah 800 sekarang jadi 1jta 😂 parkir 5k jadi 10k tapi rakyat pada cari untung pula yang di salahin pemerintah 😂🔥🔥🔥,2025-01-02 18:47:21+00:00,negatif
bayar wifi pon jg naik yah? beli makan di resto aja ppn nya udah naik... 🤣,2025-01-02 18:44:45+00:00,negatif
"kasian si Mimin, gara gara banyak yg hate jadi kurang asyik ❤️",2025-01-02 18:41:05+00:00,negatif
😁,2025-01-02 18:37:10+00:00,positif
@edwindwikesuma,2025-01-02 18:29:51+00:00,positif
"min @partaigerindra cek lalamove dong
kasian mitranya , di jajah via digitalisasi",2025-01-02 18:27:23+00:00,negatif
min bilangin sebelah cape ngasi tau nya bikin gaduh mulu 🗿😂,2025-01-02 18:26:19+00:00,negatif
anak wabahh kupingnya panas,2025-01-02 18:25:18+00:00,negatif
😁,2025-01-02 18:24:50+00:00,positif
Min kalau mau halalin seseorang kena pajak sama camer ga ya?,2025-01-02 18:24:12+00:00,negatif
"ini sii presiden nya udh oke cuma bawahan""nya itulohhhh kek semisal gubernur camat bahkan rt rw sekalipunn yg pada kek anjj semua😭😭",2025-01-02 18:24:10+00:00,negatif
mau buka usaha tidak punya modal.memang sulit bagi orang kecil mau buka usaha,2025-01-02 18:22:22+00:00,negatif
😁,2025-01-02 18:21:44+00:00,positif
🗿,2025-01-02 18:16:56+00:00,positif
😁,2025-01-02 18:16:34+00:00,positif
"Daftar relawan makan gratis gmn min? Kmrn 3 bulan aku ngejalanin bagi2 makan gratis bareng tmn2 di ig di daerah parung panjang. Skg ku pndh ke kepri, tp butuh bantuan gerinda. Smg dinotice",2025-01-02 18:14:59+00:00,negatif
ya allah pajak naek nonton konser pun naik😭,2025-01-02 18:11:28+00:00,negatif
"Min, kemaren dapet kiriman list harga naik kebetulan saya kerja di retail, ternyata di hold tidak jadi naik karena PPN tetap 11%, skincare dan makeup kalian dari Wardah aman yaa ga naik harga hihiw",2025-01-02 18:10:31+00:00,negatif
"Anak abah udh pada brisik nyataya yg naik bukan buat kalangan mereka yang ga mampu😂😭 termasuk mantan gue noh anak abah sejati,padahal sekolah tinggi tpi be*o 🤪sgtu bencinya ama pak prabowo",2025-01-02 18:10:08+00:00,negatif
admin gabut,2025-01-02 18:08:39+00:00,netral
harga roko magnum naik minnnn😢,2025-01-02 18:08:24+00:00,negatif
baru jg baru,2025-01-02 18:05:48+00:00,positif
min pengen kaya 🥺,2025-01-02 15:43:33+00:00,netral
"sehat"" pak",2025-01-02 15:41:56+00:00,positif
"min berantas mafia tanah dong,saya mau mensertifikatkan tanah dipersulit terus min :)",2025-01-02 15:39:02+00:00,negatif
"daging naik telur naik .bapa presiden ku tercinta .
dan terimakasih bapa .soal token listriknya ada kejutan .semoga sehat selalu",2025-01-02 15:36:30+00:00,positif
klw ada restoran makan naikin pajak gimana min ?,2025-01-02 15:35:43+00:00,negatif
pak Prabowo gratisin konser BTS di jakarta tahun depan dong,2025-01-02 15:34:05+00:00,positif
"makasih bapak,harini top up pulsa listrik dpt 2x lipat kwh🥰,sehat2 bapak presiden",2025-01-02 15:33:09+00:00,positif
Rakyat tidak butuh omon2 butuhnya bukti,2025-01-02 15:32:29+00:00,negatif
🗿,2025-01-02 15:30:01+00:00,positif
"tolong perhatikan petani kecil masih acur2nya pak, harga pupuk selangit harga jual petani anjlok.haduuupppppp",2025-01-02 15:27:28+00:00,negatif
min emang bener puasa libur min,2025-01-02 15:25:44+00:00,netral
😁,2025-01-02 15:24:18+00:00,positif
🥰🥰🥰,2025-01-02 15:23:23+00:00,positif
😅,2025-01-02 15:21:02+00:00,positif
Kapan pak Prabowo neng Deso ku yo,2025-01-02 15:19:50+00:00,negatif
berarti kalo makan d gacoan harganya gak naik y.,2025-01-02 15:19:40+00:00,negatif
saya ingat waktu pak sby naikin bbm namun bisa juga bbm nya di turun kan kembali kapan yah bisa seperti itu lagi,2025-01-02 15:17:26+00:00,negatif
😅,2025-01-02 15:17:07+00:00,positif
min bilangin bapa nonton tv gausah pake pulsa min kalau ga kebeli gabisa nonton tv,2025-01-02 15:16:11+00:00,negatif
hapus atau ganti undangan-undangan nya yang meringankan rakyat jika pajak naik terus tak sebanding dengan penghasilan rakyat,2025-01-02 15:15:55+00:00,negatif
kita org yg nggak mmpuh tp belum pernah mendapatkan bansos dan PKH dr dulu sampai sekarang,2025-01-02 15:15:22+00:00,negatif
"mindraa boleh liat dmku?, aku udh lapor dr lama blm ada proses dari pihak kepolisian 🙏",2025-01-02 15:13:14+00:00,negatif
min klo ikan tongkol mah ga papah kena pajak juga .soal nya aku alergi min 😭,2025-01-02 15:12:56+00:00,negatif
gila rsud kab bekasi mcunya mahal se indonesia @gerindra,2025-01-02 15:12:10+00:00,netral
pa turunkan harga top up ff,2025-01-02 15:11:53+00:00,positif
😍,2025-01-02 15:05:16+00:00,positif
klo gaji ada potongan pph21 itu gimna min?,2025-01-02 15:03:55+00:00,negatif
🥰,2025-01-02 15:02:55+00:00,positif
tapi anak abah suka salahkaprah min 😭,2025-01-02 15:01:59+00:00,netral
Pertamax naik hehe,2025-01-02 14:58:58+00:00,negatif
min gimana Harvey mois,2025-01-02 13:47:04+00:00,netral
🤩🤩🤩讚,2025-01-02 13:46:55+00:00,positif
admin gerindra sabar banget ngadepin warga +62 yang rada-rada baca kaga cuma bisa hujat admin gerindra sama pak Prabowo,2025-01-02 13:46:50+00:00,negatif
min apa bener bulan puasa di libur kan 1 bulan full,2025-01-02 13:45:07+00:00,negatif
min yg suka goreng2 info ppn 12% tolong dijenguk krn mereka butuh perhatian,2025-01-02 13:40:46+00:00,negatif
pemulung kena bajak gak min soal e aku pemulung 🗿,2025-01-02 13:38:09+00:00,negatif
"distribusi naik, produk naik?",2025-01-02 13:37:35+00:00,negatif
masih ada noh yg komen ..=hama,2025-01-02 13:37:20+00:00,negatif
anak abah pindah aja lu,2025-01-02 13:37:09+00:00,negatif
y pak setiap ganti presiden pasti ad kenaik hrg2 begitukan pak,2025-01-02 13:36:27+00:00,positif
Alhamdulillah ini kabar baik wah gercep juga yah.,2025-01-02 13:33:46+00:00,positif
🥰,2025-01-02 13:33:01+00:00,positif
cie cie yg kemaren nyocot ppn semua naik🤪 pak presiden terbaik♥️,2025-01-02 13:32:12+00:00,positif
"min, saya gagal jadi pppk teknis karena THK II (prioritas)
walaupun rangking saya nomer 1 dari 4 org mendaftar termasuk THK II. ga adil rasanya min ☺ tapi mau bagaimana lagi.",2025-01-02 13:31:35+00:00,negatif
lah kecewaaaaaa!!!!! gila beli token listriiik naek bjir katanya Ppn naik 12% bener2 ya token listrik bukan barang mewaaaah!!!!!!oidah,2025-01-02 13:30:49+00:00,negatif
klok BPJS msh berlaku GK pak bnyk isu2yg bilang BPJS akan d nonaktip kan apa memang benar pak,2025-01-02 13:30:20+00:00,negatif
sangat sangat sangat sangat sangat sangat sangat sangat sangat sangat sangat sangat sangat sangat sangat sangat sangat sangat sangat sangat sangat sangat sangat sangat sangat sangat sangat sangat sangat sangat sangat sangat sangat sangat sangat sangat sangat sangat sangat sangat sangat sangat sangat sangat sangat sangat sangat sangat sangat sangat sangat sangat sangat sangat sangat sangat sangat sangat sangat sangat sangat sangat sangat sangat sangat sangat sangat sangat sangat sangat sangat sangat sangat sangat sangat sangat sangat sangat sangat sangat sangat sangat sangat sangat sangat sangat sangat sangat sangat sangat sangat sangat sangat sangat sangat sangat sangat sangat sangat sangat sangat sangat sangat sangat sangat sangat sangat sangat sangat sangat sangat sangat sangat sangat sangat sangat sangat sangat sangat sangat sangat sangat sangat sangat sangat sangat sangat sangat sangat sangat sangat sangat sangat sangat sangat sangat sangat sangat sangat sangat sangat sangat sangat sangat sangat sangat sangat sangat sangat sangat sangat sangat sangat sangat sangat sangat sangat sangat sangat sangat sangat sangat sangat sangat sangat sangat sangat sangat sangat sangat sangat sangat sangat sangat sangat sangat sangat sangat sangat sangat sangat sangat sangat sangat sangat sangat sangat sangat sangat sangat sangat sangat sangat sangat sangat sangat sangat sangat sangat sangat sangat sangat sangat sangat sangat sangat sangat sangat sangat sangat sangat sangat sangat sangat sangat sangat sangat sangat sangat sangat sangat sangat sangat sangat sangat sangat sangat sangat sangat sangat sangat sangat sangat sangat sangat sangat sangat sangat sangat sangat sangat sangat sangat sangat sangat sangat sangat sangat sangat sangat sangat sangat sangat sangat sangat sangat sangat sangat sangat sangat sangat sangat sangat sangat sangat sangat sangat sangat sangat sangat sangat sangat sangat sangat sangat sangat sangat sangat sangat sangat sangat sangat sangat sangat sangat sangat sangat sangat sangat sangat sangat sangat sangat sangat sangat sangat sangat sangat sangat sangat sangat sangat sangat sangat sangat sangat sangat sangat sangat sangat sangat sangat sangat sangat sangat sangat sangat sangat sangat sangat sangat sangat sangat sangat sangat sangat sangat sangat sangat sangat sangat sangat sangat sangat sangat sangat sangat sangat sangat sangat sangat sangat sangat sangat sangat sangat sangat sangat sangat sangat sangat sangat sangat sangat sangat sangat sangat sangat sangat sangat sangat sangat sangat sangat sangat sangat sangat sangat sangat sangat sangat sangat sangat sangat sangat sangat sangat sangat sangat sangat sangat sangat sangat sangat sangat sangat sangat sangat sangat sangat sangat sangat sangat sangat sangat sangat sangat sangat sangat sangat sangat sangat sangat sangat sangat sangat sangat sangat sangat sangat sangat sangat sangat sangat sangat sangat sangat sangat sangat sangat sangat sangat sangat sangat sangat sangat sangat sangat sangat sangat sangat sangat sangat sangat sangat sangat sangat sangat sangat sangat sangat sangat sangat sangat sangat sangat sangat sangat sangat sangat sangat sangat sangat sangat sangat sangat sangat sangat sangat sangat sangat sangat sangat sangat sangat sangat sangat sangat sangat sangat sangat sangat sangat sangat sangat sangat sangat sangat sangat sangat sangat sangat sangat sangat sangat sangat sangat sangat sangat sangat sangat sangat sangat sangat sangat sangat sangat sangat sangat sangat sangat sangat sangat sangat sangat sangat sangat sangat sangat sangat sangat sangat sangat sangat sangat sangat sangat sangat sangat sangat sangat sangat sangat sangat sangat sangat sangat sangat sangat sangat sangat sangat sangat sangat sangat sangat sangat sangat sangat sangat sangat sangat sangat sangat sangat sangat sangat sangat sangat sangat sangat sangat sangat sangat sangat sangat sangat sangat sangat sangat sangat sangat sangat sangat sangat sangat sangat sangat sangat sangat sangat sangat sangat sangat sangat sangat sangat sangat sangat sangat sangat sangat sangat sangat sangat sangat sangat sangat sangat sangat sangat sangat sangat sangat sangat gabut yang skrol sampai bawah,2025-01-02 13:28:45+00:00,positif
min kemaren gua tidur 1 tahun min gimana ini🤣,2025-01-02 13:27:51+00:00,negatif
"Min tolong di sidak perusahaan2 baik cv atau pt yg tidak memberikan gaji standart umr dan bpjs kesehatan, bpjs ketenagakerjaan serta jht karena itu sgt perlu untuk karyawan Min 😭😭😭🙏🙏🙏",2025-01-02 13:27:16+00:00,negatif
"sayangnya daya 3500 gak bisa, padahal sy juga mau😌",2025-01-02 13:25:43+00:00,netral
kenapa gak yang gajinya 20jt ke atas aja pak 😭,2025-01-02 13:22:28+00:00,negatif
Maaf tanya kalau bayar bulanan internet trnasuk naik juga g?,2025-01-02 13:22:07+00:00,negatif
Gimana sih cara salin ketikannya . Biar aku share ke wa cape masih ada yang gak terima pak prabowo naik😌,2025-01-02 13:21:59+00:00,netral
tp knp harga cabe meroket minn😭,2025-01-02 13:21:45+00:00,positif
indonesia darurat membaca,2025-01-02 13:21:35+00:00,negatif
pak info cogan,2025-01-02 13:20:02+00:00,positif
pertamax turunin napa pak😂😂,2025-01-02 13:20:02+00:00,negatif
"min, berarti jasa periklanan tetap ppn 12% yaa?",2025-01-02 13:19:45+00:00,negatif
"min kenapa produk Apple kek smartphone naik ya min harganya, ktanya krna ppn 12 pdhal ga kena kan yaaa?",2025-01-02 13:16:40+00:00,negatif
aset kripto naik min😌PPN nya,2025-01-02 13:15:12+00:00,negatif
"min aku kerja outsourcing harian, tpi harus nanggung pbjs full, BPJS ketenagakerjaan sama kesehatan, totalnya 475",2025-01-02 11:32:29+00:00,negatif
"@indihome kenapa ikut naik ,,udah lihat ini blm 🤔",2025-01-02 11:31:37+00:00,negatif
"Min, pak prabowo gada niatan buat ganti rakyat kah☺️",2025-01-02 11:31:19+00:00,positif
"coba di Indonesia buka lapangan kerja, jangan korup mulu di gedein",2025-01-02 11:30:03+00:00,negatif
Menkeu apaan min?😭,2025-01-02 11:29:42+00:00,negatif
mindra paket elu nih Dateng cod,2025-01-02 11:28:50+00:00,negatif
KORUPTOR SEMAKIN MERAJALELA DAMPAK NYA PAJAK NAIK TIPIS* GASI 🔥,2025-01-02 11:28:35+00:00,negatif
Alhamdulillah cilok gue ga naik,2025-01-02 11:28:22+00:00,negatif
lope banyak banyak sm bapak 😭❤,2025-01-02 11:28:21+00:00,positif
ga salah kalau kita pilih Pak Prabowo,2025-01-02 11:27:53+00:00,negatif
min malam ini ada info mau ikut ga,2025-01-02 11:26:36+00:00,negatif
hallah Uda jelas omon omon kok...!!🤣😅😂😂,2025-01-02 11:25:39+00:00,negatif
"disimak dengan baik gais, biar ga dicari-cari celah kesalahannya pak Prabowo. dari kemarin2 banyak bgt yg tbtb jadi kompor😔",2025-01-02 11:25:20+00:00,negatif
"Masa sih hanya untuk barang mewah, harga barang pokok orang ikut naik",2025-01-02 11:24:45+00:00,negatif
"@partaigerindra
saya pelaku UMKM PPN 12
hanya untuk BARHAL
terus pabrik"" seperti terigu mentega dll
gmna kena kenaikan kagak",2025-01-02 11:24:23+00:00,negatif
saya tau bpk selalu mikir 100x lipat utk rakyat mknya hanya brg mwah yg naik 1 persen klu sembako atau pulsa yg naik berarti pedagang nya yg g bnr,2025-01-02 11:23:46+00:00,negatif
mendorong pemerataan ekonomi maka ratakan UMR/UMK SEJAWA BALI klo d luar jawa boleh lah linggi karena ongkir d sana jg tinggi,2025-01-02 11:20:26+00:00,netral
yang masih komen Ppn naik untuk sembako dan bahan pokok lainya Sih harus makn wortel biar melek matanya biar bisa baca,2025-01-02 11:19:16+00:00,negatif
mending fiz R apa Rx king🗿,2025-01-02 11:19:01+00:00,positif
"minnn tolong sidak skolah2 negri trutama SD.. knapa bayar baju skolah pihak skolah kasih wktu cuman sebulan,, dan bayar uang skolah bilang nya dana seikhlasnya tapi di target",2025-01-02 11:16:15+00:00,negatif
maen ml engga?,2025-01-02 11:15:41+00:00,netral
"Barusan beli susu pak,,dari 35 jadi 40.000 😭naik 5000.katanya naik krna ppn naik",2025-01-02 11:15:13+00:00,negatif
kapan 2026 min? udah capek sama 2025😭😭😭,2025-01-02 11:14:22+00:00,negatif
lampung tengah kecamatan seputih banyak kampung sri basuki,2025-01-02 11:14:17+00:00,positif
🥰🥰🥰,2025-01-02 11:13:45+00:00,positif
kalo ada ngeyel prusahaan ga ngikutin pemerintah tetep naik PPN 12 pesen kmna,2025-01-02 11:12:51+00:00,negatif
RUU Perampasan Aset min kapan? masa korup 300 T cuma 6 tahun,2025-01-02 11:12:50+00:00,negatif
terimakasih,2025-01-02 11:12:31+00:00,negatif
"vidio jelas, caption sangat jelas, isi komentar masih aja blunder ga ngerti lagi, sabar ya min ngadepin SDM Indonesia",2025-01-02 11:11:25+00:00,netral
Tanda² Negara mau hancur berbagai pajak diterapkan buat rakyat..Bukannya ngelola SDA malah SDMnya dipajakkin,2025-01-02 11:11:17+00:00,negatif
"ni rakyat pada minim literasi semua, heran pada gak ngerti ngerti",2025-01-02 09:39:25+00:00,negatif
"maaf min saya pedagang kaki lima,sya berdagang sewa di depan alfamidi ternyata saya di beban kan juga kenaikan sewa tempat dgang",2025-01-02 09:39:10+00:00,negatif
pakk liburrr puasaaa pakkkk😭,2025-01-02 09:39:01+00:00,netral
pada darurat baca😂,2025-01-02 09:38:25+00:00,positif
tolong suarakan RUU Perampasan aset bagi koruptor,2025-01-02 09:36:47+00:00,negatif
Kalo Vario 125 New Gen 2 kena PPN gak,2025-01-02 09:36:03+00:00,netral
pada darurat baca😂,2025-01-02 09:38:25+00:00,positif
tolong suarakan RUU Perampasan aset bagi koruptor,2025-01-02 09:36:47+00:00,negatif
Kalo Vario 125 New Gen 2 kena PPN gak,2025-01-02 09:36:03+00:00,netral
"@partaigerindra tolong Bensin di Weda, Maluku Utara (lingkr tambang IWIP) 30rb/botol aqua 1.5ml 🥺",2025-01-02 09:35:44+00:00,positif
min pajek motorku naik..😭😭 pdhl beli taun 2011.. smua kendaraan pajaknya naik,2025-01-02 09:35:17+00:00,negatif
Pak saya ngajuin ke bank susah banget buat modal usaha🥹,2025-01-02 09:35:05+00:00,netral
admin kocak,2025-01-02 09:34:34+00:00,netral
pihak pengusaha nanti banyak potong gaji karyawan biar bisa nutupin pajak mereka. sama aj masyarakat kecil yang di tindas. kalau protes gaji di potong kita yang di buang perusahaan,2025-01-02 09:34:28+00:00,negatif
"DIBACA DAN DIPAHAMI !!!
jgn protes mulu yg didahulukan 😌",2025-01-02 09:34:25+00:00,positif
"selamat sore admin gerindra, semoga pesan saya ini dibaca oleh admin gerindra. disini saya mau bertanya admin, bagaimanakah posisi hukum lesing dinegara ini. sungguh kami tdk paham. tahun 2018 lalu kami mncoba lesing sebuah unit mobil, tahun 2021 saat pandemi kami kmbalikan unit k pihak lesing karna tdk sanggup lagi mneruskan. namun trnyata kmi baru tau bahwa hutang kami tdk lunas, dan masih bersisa 46 juta. saat kami mncoba kpr rumah subsidi. slik ojk kami coll 5 aktif. tidak pernah ada pemberitahuan sebelumnya dalam bentuk apapun. kami dtangi kantor nya, untuk meminta rincian hutang tsb pihak lesing tdk kooperatif. kami dipaksa utk melunasi hutang 46 juta tsb. mohon pencerahan nya admin, kami rakyat kecil berasa di permainkan oleh oknum2 tidak bertanggung jawab. terimakasih admin",2025-01-02 09:30:30+00:00,negatif
puasa full libur gak min,2025-01-02 09:29:28+00:00,netral
katanya mau berantas judol kok masih banyak yang main judol,2025-01-02 09:28:45+00:00,negatif
Min tolong dong judol masih bisa di mainin kapan di blokirnya😭😭😭,2025-01-02 09:27:24+00:00,negatif
Baguslah. Tq pak🙏🏻,2025-01-02 09:24:25+00:00,negatif
minnn?,2025-01-02 09:22:59+00:00,negatif
min diamond game GK di naikin kan min?,2025-01-02 09:21:53+00:00,negatif
bgmn cara daftar penghapusan utang untuk petani?,2025-01-02 09:19:51+00:00,negatif
mantap bapakku menyala 🥰🔥,2025-01-02 09:19:16+00:00,positif
"min ini bisa tolong disidak dilapangan,, soalnya dilapangan tetap naik dan ada surat edaran dari PT PT tertentu yg menyebutkan naik 12 %,, padahal itu makanan yg disampaikan gak naik tapi kenyataaan tetap naik ,, 😳",2025-01-02 09:18:00+00:00,negatif
Tapi pajak kendaraan di tahun 2025 naik paaaa meskipun bukan yg ppnbm 😌,2025-01-02 09:16:57+00:00,netral
min cek lagi bpjs gratis masa ada satu keluarga yg dapat padahal suaminya kerja pabrik ga miskin2 banget ga tua2 banget juga ...ayo min kalau kaya gitu semua juga mau gratis ...kasihan yg harus nya,2025-01-02 09:16:46+00:00,negatif
Pak tolong BPJS KESEHATAN ini apa benar uda aturan baru dan ga semua penyakit di cover bpjs? 😭,2025-01-02 09:14:18+00:00,negatif
Itu dlu nanti yang lain. gitu kan?🫣,2025-01-02 09:13:00+00:00,negatif
"min tapi di sini bahan pokok malah naik , santan kara yg biasanya 3500 sekarang 4500 , cabe merah aja 2000 3 biji 😭",2025-01-02 09:12:49+00:00,negatif
🥰🥰🥰,2025-01-02 09:12:48+00:00,positif
"Bang Mimin @partaigerindra nasib Tenaga non-ASN yang tidak lolos tes PPPK tahap 1 gimana min? Kami juga butuh kepastian, Bukan malah dilempar ke Pemda 😭😭😭 Menangis aku tu, mengabdi 15tahun tanpa kejelasan seperti ini. Mohon disampaikan ke bapak presiden RI",2025-01-02 09:12:43+00:00,negatif
min akumah belum pernah ngerasain punya motor sendiri;(,2025-01-02 09:11:42+00:00,negatif
min turunin harga sparepart Suzuki 🗿,2025-01-02 08:14:56+00:00,positif
dari PDI Perorangan ~ Majalah Tempo ~ Media asing OCCRP ~ voting google form ~ Joko Widodo,2025-01-02 08:13:16+00:00,negatif
"tapi bayar Indihome kok sudah naik ya 🥺trus tolong min ,mau pajak mobil 5 tahunan kok ribet ya,kita pdhl sadar pajak lho mau bayar .jelas2 mau bayar😭tolong dipermudah tu prosesnya 😭yg penting kebyr",2025-01-02 08:12:30+00:00,negatif
sekolah yg bnr biar gedenya gak jadi admin Gerindra,2025-01-02 08:11:59+00:00,negatif
min min min,2025-01-02 08:11:55+00:00,positif
tapi kenapa jadi salah kaprah semua di naikan harganya itu salah siapa,2025-01-02 08:11:53+00:00,negatif
min tutor balikan sama masa lalu,2025-01-02 08:11:14+00:00,positif
"pak Prabowo semoga terus konsisten setidaknya mendengarkan suara rakyat seperti ini tidak seperti presiden kemaren yg seenaknya sendiri,sehat selalu pak Prabowo 🙏",2025-01-02 08:10:44+00:00,positif
Minnn stopp nanggapi anak anak abahh kasian mimin nya kita yg milih prabowo aja anteng anteng min engga terlalu d pusingkan semuanya anak abah yg bikin keruh,2025-01-02 08:09:55+00:00,negatif
karena berbenah itu butuh proses🙏 sehat selalu bpk presiden ku,2025-01-02 08:09:31+00:00,positif
@byyyyyy🦉,2025-01-02 08:09:06+00:00,positif
😔,2025-01-02 08:07:44+00:00,positif
"pak itu yang korupsi kok di penjara 6,5 tahun doang",2025-01-02 08:07:25+00:00,negatif
"Admin tolong ditindak lanjuti dikota saya,kemarin bapak saya beli gas LPG 3 kg dengan harga 50 ribu,biasa nya kalo beli dipangkalan hanya 22ribu. Ini selalu terjadi di tiap menjelang hari2 besar. Kota lubuk Linggau Sumatera selatan. Terima kasih admin",2025-01-02 08:07:19+00:00,negatif
"ketauan yg bobrok itu rakyat bukan pemerintah, disuru baca aja malas wkwkw",2025-01-02 08:06:42+00:00,negatif
tetap semangat min💪,2025-01-02 08:06:02+00:00,positif
"you are the best Presiden🥰
Smoga panjang umur ,sehat selalu & bermanfaat utk NKRI aamiin Allahuma aamiin",2025-01-02 08:05:32+00:00,positif
"tpi bnyak yg memanfaatkan momen ini untuk menaikan harga, dengan alasan PPN naik 12%, minyak goreng tiap Minggu minyak goreng selalu naik, dan yg lain2 ikut naik juga",2025-01-02 08:05:16+00:00,negatif
Min adakah bantuan untuk pengusaha kecil 🤭,2025-01-02 08:01:50+00:00,netral
rokok Kena PPN ga pak,2025-01-02 08:00:51+00:00,netral
🥰,2025-01-02 07:58:59+00:00,positif
"mindra... knpa yg lain udh dapet diskon listrik 50%.. tpi punyaku, aku cek blm dapet😭😭",2025-01-02 07:54:43+00:00,negatif
viralkan min surabaya darurat curanmor,2025-01-02 07:54:30+00:00,negatif
"yang ribut harga bahan pokok naik
kalian emnag baru idup apa gimana,
emang dari dulu mau siapapun president nya,
kalo menjelang hari raya, natal, thn baru udah biasa naik,
nanti juga turun lagi.",2025-01-02 07:54:20+00:00,negatif
Hebat Kow Min Bisa Sesabar ini menghadapi Orang² yang SDM rendah🤣,2025-01-02 07:52:55+00:00,positif
"yang nonton tolong simak secara seksama di CAPTION 🥰
makasih admin sehat sehat yaa",2025-01-02 07:52:43+00:00,netral
mantap presidenku 🔥🔥🔥,2025-01-02 07:51:52+00:00,positif
DISIMAK YA BUAT RAKYAT RAKYAT YG MESIH SUKA FOMO IKUT DEMO DEMO GAJELASSSS🙏,2025-01-02 07:51:41+00:00,negatif
info loker min buat makan,2025-01-02 07:51:13+00:00,positif
menangung perbuatan sabotasee ..,2025-01-02 07:49:42+00:00,negatif
motor juga min termasuk?,2025-01-02 06:45:31+00:00,negatif
min suka mosing ga?😅,2025-01-02 06:42:49+00:00,negatif
min wifi berlaku juga? udah dpt email soalny wifi kena 12% wkwk,2025-01-02 06:41:42+00:00,negatif
"presiden udah ngomong sejelas ini, manusia² jahat diluar sana masih aja jelekin pemerintah dan ga berterimakasih.",2025-01-02 06:40:06+00:00,positif
Aku mah udh percaya dari awal min. Terimakasih atas effort nya min sudah menjelaskan secara detail untuk kamu yg ngeye ngetag2. Semangat admin Gerindra✌,2025-01-02 06:39:45+00:00,negatif
Trimakasih pak wowo😍😍😍,2025-01-02 06:38:59+00:00,netral
pajak motor naik!!!,2025-01-02 06:38:40+00:00,negatif
bagus pa persiden yang di korek orang kaya aja jngan rakyat trima kasih pa persiden salam gerinda 😁,2025-01-02 06:38:09+00:00,negatif
biasanya admin gerindra dingin loh,2025-01-02 06:38:07+00:00,netral
glory glory pak prabowo🔥,2025-01-02 06:37:42+00:00,positif
"min, Bapak Prabowo tulak kah, ka haulan guru sekumpul Martapura",2025-01-02 06:37:39+00:00,negatif
"Aku pada mu min loff youuu muah muah hehehe canda min tapi jujur dari hati yang paling dalam saya mengucapkan syukur kepada allah karna kamu ada sebab semanjak ada kamu keluhan2 dan kaduan2 masyarakat di lirik oleh pemerintah semua dikarenakan Allah mengirim mu. Makasihh min. Semoga kamu selalu sehat, panjang umur, dimudahkan rezekinya amiin. Dan yang paling penting tetap semangat mendengarkan insprasi dan keluhan masyarakat dan tolong dijaga kesehatannya ya min",2025-01-02 06:37:27+00:00,positif
min nanti klu bulan puasa libur ngak supaya anak2 bisa lebih fokus ibadahnya😇😇,2025-01-02 06:37:21+00:00,negatif
min kapan harga sawit di sumut 3000 lagi min masik di harga 2500 min @gerindra,2025-01-02 06:37:02+00:00,negatif
sampai di kash contoh😭,2025-01-02 06:36:44+00:00,positif
ini mah emang rakyatnya ajaa yg harus di ganti wkwkwkwk,2025-01-02 06:35:56+00:00,negatif
"ijin pak presiden yg terhormat, apakah bapak pernah membahas honorer setelah menjadi presiden?
semoga bapak sehat selalu membangun negara ini",2025-01-02 06:35:55+00:00,positif
bapak guweh❤️❤️❤️,2025-01-02 06:35:40+00:00,positif
pak betulan ada pendaftaran relawan makanan gratis??,2025-01-02 06:35:38+00:00,negatif
🥺🥺🥺,2025-01-02 06:35:36+00:00,positif
Aku pada mu min,2025-01-02 06:33:56+00:00,positif
"bapak trlalu gercep cb diemin aja yg pd brisik itu, ini udh respon trlalu cepet pst ttp dicari ntr salahnya wkwk",2025-01-02 06:33:44+00:00,negatif
bahan pokok naik Kabeh min.....,2025-01-02 06:32:03+00:00,negatif
beli besi IWF bayar pajaknya habis 12jt ya allah😭😌mo nangis mau naikin harga kontruksinya juga takut kalo org2 ga berkenan soalnya dunia kontruksi beda 100rupiah aja org milih😭,2025-01-02 06:31:54+00:00,negatif
"Min, obat obatan kosmetik dan susu gimana, naik gak? pusing bgt kalo naik, ngeladenin pembeli yg suka nawar 🗿",2025-01-02 06:31:21+00:00,negatif
min saya dari dulu gak dapat bantuan gmna min 😂😂,2025-01-02 06:31:04+00:00,positif
"min adanya BRNR ( Barusan Relawan Nusantara Raya ) tuh bener ga si ? ak udah daftar katanya ikut mengawal mengawasi mendata program ini 🥺 tgl 6 Jan besok jalan, disuruh ngurus NPWP KTP ini beneran gk",2025-01-02 06:28:51+00:00,negatif
pak rokok gudang garam surya isi 12 tolong jgn di naikn klo bisa 7 ribu aja per bunguks,2025-01-02 06:28:21+00:00,negatif
"PUNYA MATA, BACA CAPTION!!",2025-01-02 06:28:16+00:00,negatif
😁,2025-01-02 06:27:14+00:00,positif
ya alloh mudah2an untuk kami yg tidak bergaji juga diperhatikan bapak prabowo dan mas gibran supaya bisa melanjutkan hidup diindonesia dan bisa berkembang untuk anak cucu kami nanti,2025-01-02 05:29:01+00:00,negatif
🥰🥰🥰,2025-01-02 05:28:51+00:00,positif
pa mana makan gratis nya paa?,2025-01-02 05:28:30+00:00,netral
maafkan rakyatmu pak prabowo yg rendah SDM ny udh tolol merasa paling pintar pulak,2025-01-02 05:28:06+00:00,negatif
"dipasang ya telinganya anak abah, dengerin baik2🥰",2025-01-02 05:27:48+00:00,positif
udh d jelasin tp msh ada yg ngak ngerti bner2 mesti sekolh lagi...udh d ksh contoh tu ky gru yg nerangin sm murid yg otak ny bebel,2025-01-02 05:27:29+00:00,negatif
"min mau saranin ni untuk air keras jangan di jual bebas dong atau jualnya jangan di permudah, baru baru ini bannyak banget kasus orang terkena siram air keras, contoh yang baru baru ini natasyah 🙏",2025-01-02 05:27:19+00:00,negatif
"min ini pajak nya dari org pajak di undur ke febuari yah,,nanti tgl 1 febuarin 12 % nya berlaku",2025-01-02 05:26:55+00:00,negatif
tempat ku kopi top awal nya 12 jadi 20k jabe merah panjang 1 kg 80k dong minyak awal 32 jadi 42 ato 40 an gitu dah 😭😭😭,2025-01-02 05:26:09+00:00,negatif
"min mau nangis ,,
terimakasih bapak sudah dengerin rakyat",2025-01-02 05:26:07+00:00,negatif
lengkap banget,2025-01-02 05:26:04+00:00,positif
nyenye nyenye,2025-01-02 05:25:34+00:00,netral
"terimakasih pak presiden, semoga rakyat Indonesia & mindsetnya juga semakin sejahtera.",2025-01-02 05:25:20+00:00,positif
kalo beli Game gimana min ?,2025-01-02 05:24:42+00:00,netral
pak tolong data penerima di benerin tidak tepat sasaran malah bikin sakit jati,2025-01-02 05:24:35+00:00,negatif
🙏,2025-01-02 05:24:29+00:00,positif
menyala bapaku🥰,2025-01-02 05:22:52+00:00,positif
pak tolong bayar kan kredit motor saya 1 bulan,2025-01-02 05:21:58+00:00,negatif
molto barang mewah kah? kok gw beli kena ppnnya 12% si,2025-01-02 05:21:43+00:00,netral
"sehat² terus yah pak presiden kami
dan happy new year 🙏",2025-01-02 05:20:56+00:00,positif
"Min, minta tolong dong. Terkait processing pekerja ABK (Pesiar) persyaratan2 nya di permudah di bagian dokumen2 nya. Seperti syarat pembuatan Visa C1D/Schengen visa 🙏🏻🙏🏻🙏🏻",2025-01-02 05:20:53+00:00,negatif
yang laen pd ikut*an astaga padahal ga ikut masuk list,2025-01-02 05:19:35+00:00,negatif
terimakasih pak prabowo sehat selalu pak🤲🏻🙏🏻,2025-01-02 05:19:19+00:00,positif
mindra beliin pajero🥰,2025-01-02 05:18:18+00:00,netral
min libur kan kami selama puasa,2025-01-02 05:17:50+00:00,positif
Oea Senapan berburu janda ada gak min. mau beli 🗿🗿,2025-01-02 05:17:42+00:00,negatif
"tuh kan pada panik yg lain kalau masih beli mobill masih sekitaran 200jt masih aman x ya ,betul ngk min.",2025-01-02 05:16:47+00:00,negatif
MIN ULANG TAHUN SIAPA KALAU MAU CHECK UP GRATIS. 🥲🥲🥲,2025-01-02 05:16:39+00:00,positif
Komentar saya di bales sama admin saya jungkir balik deh🤸🏻,2025-01-02 05:15:21+00:00,negatif
Min sapa dong🥺,2025-01-02 04:31:35+00:00,positif
Alhamdulillah obat tetap 11%,2025-01-02 04:31:06+00:00,negatif
barisan pak probowo min🔥🔥🔥,2025-01-02 04:30:58+00:00,positif
"siapa yg kemarin koar2 mau demo ? nihhh buka mata kelean lebar2, buka telinganya juga yakkk🤭",2025-01-02 04:30:43+00:00,negatif
Min kok dia cuek ya😢,2025-01-02 04:30:22+00:00,positif
yang betul itu di turunkan ppn e tu bukan malah di naikkan,2025-01-02 04:30:18+00:00,negatif
"PPH pasal21 berapa % kena potongan dalam penghasilan 1thn?
penghasilan tidak sampai 7jt/BLN tapi kena pajak.
trus yang dimaksud dengan ditanggung pemerintah apa mind?
bantu jawab dong mind tq🙏",2025-01-02 04:29:33+00:00,negatif
pembohong kau pembohong ~ Patrick Star,2025-01-02 04:29:21+00:00,positif
"min min, izin tanya. kalau alat kelistrikan dan elektronik apakah pajaknya naik? 🙏 @partaigerindra",2025-01-02 04:29:09+00:00,negatif
ini gmna sih bayar listrik jadi naik bjir,2025-01-02 04:28:05+00:00,negatif
🙏🙏🙏,2025-01-02 04:28:04+00:00,positif
.2025 gantii rakyatt min😭😭 gw yg lulusan SMP aja mudeng mksd lu min ya Alloh ngapa orang pada bebal bet ya d kasih penjelasan,2025-01-02 04:27:56+00:00,negatif
Semangat pak Prabowo🤍🤍🤍,2025-01-02 04:27:46+00:00,netral
🥰,2025-01-02 04:27:17+00:00,positif
"admin gerinda, bilangin ke bos kamu. jangan maksain makan siang gratis. yang penting Indonesia lunasi hutang dulu. biar berdikari. malu utang banyak. negara kaya seperti ini",2025-01-02 04:27:08+00:00,negatif
pak orang tulus klub bolanya apa!?,2025-01-02 04:26:57+00:00,negatif
"KASIH SAYA 300T SAYA SIAP DI PENJARA 6,5 TAHUN",2025-01-02 04:26:26+00:00,negatif
pak kenapa gak pecatan wiranto aja?,2025-01-02 04:25:25+00:00,negatif
Caption nya lengkap beserta contoh2 nya berasa guru lagi jelasin ke murid 😭😭😭,2025-01-02 04:25:16+00:00,positif
min sabar sarang monyet soalanya🗿,2025-01-02 04:24:42+00:00,negatif
yg namanya pembenci mo apa yg dibuat pemerintah pasti diprotes 🤣🤣,2025-01-02 04:22:58+00:00,negatif
libur satu bulan full saat bulan ramadhan real apa hoaxs PK Prabowo?,2025-01-02 04:22:22+00:00,negatif
😁,2025-01-02 04:22:05+00:00,positif
"finally🥺 awal tahun pak prabowo ngasih 2 kabar bahagia yg kita tunggu* selama inii, ikut menyuarakan 300T dan PPN 12% karena hal-hal seperti ini perlu diperhatikan lebih oleh rakyat tapi kita ga boleh terprovokasi,dan dari sekian banyak pemerintah ga mungkin 100% pemerintah itu bersih pasti ada oknum* yang manipulatif buat memperpecah prespektif yg bener, banyak yang menyudutkan hal-hal tersebut kesalahan pak prabowo karena sekarang kepemimpinan Pak prabowo, tapi I trust you pak, bapak bersama kami🥺",2025-01-02 04:21:21+00:00,negatif
WkwkwkqLucunya..Katanya Demi Kesejahteraan Rakyat..300 T dibiarain saja kah...Presiden terbaik Suharto dan SBY,2025-01-02 04:21:20+00:00,positif
🥰,2025-01-02 04:20:19+00:00,positif
saya g masalah... tpi harus adili korupsi... seluruh diperiksa,2025-01-02 04:18:57+00:00,negatif
Bapak Presiden Prabowo Subianto 🫡,2025-01-02 04:18:47+00:00,positif
love ❤️❤️❤️bgt sama admin @partaigerindra terima kasih infonya Pak Mimin,2025-01-02 04:18:24+00:00,positif
tahun baru belum punya pacar ni,2025-01-02 04:17:40+00:00,positif
"min tolong bangett, aku kerja di retail tapi ada produk² dari OT yg masuk ke toko ku katanya pajak naik jadi 12% padahal produk dia jajanan²biasa contohnya Tango, Imperial, Blastoz, Teh Gelas, dll",2025-01-02 03:08:15+00:00,negatif
"min gimana kalau presiden nya d ganti netizen2 yg pada nyalah2in pak prabowo itu😫 biar suruh mereka aja yg urus negara , nnt kan jadi tau sendiri 😫",2025-01-02 03:07:59+00:00,negatif
"capek banget pastinya jadi admin @partaigerindra 😌
masyarakat +62 minim literasi.",2025-01-02 03:07:06+00:00,negatif
kasian mimin ngetik panjang lebar banyak yang gak baca. minim literasi,2025-01-02 03:05:54+00:00,negatif
min maksih diskon listrik nya salam buat bapak Presiden🥰,2025-01-02 03:05:42+00:00,positif
😁,2025-01-02 03:05:06+00:00,positif
"tetap bersabar bapak,memang tidak mudah jelasin ke rakyat yang beraneka ragam😭",2025-01-02 03:04:44+00:00,positif
kalo ppn untk rumah kpr rakyat naik gak min?,2025-01-02 03:04:28+00:00,negatif
"Dipantau daerah pasar, bisa jadi celah cari kesempatan dgn berita naiknya ppn, karna bnyk yg minim literasi",2025-01-02 03:04:04+00:00,negatif
@partaigerindra bapak tolong buka balai desa kami sudah 1 bulan tidak berjalan karna adanya masalah yg tidak selesai2 ... desa mundurejo Jember Jatim,2025-01-02 03:03:47+00:00,negatif
"mantap presidenqu, moga sehat selalu,,btul itu pak.",2025-01-02 03:03:42+00:00,positif
👍👍👍🫶🫶🫶🤲🤲🇮🇩🇮🇩🇮🇩,2025-01-02 03:03:28+00:00,positif
koruptor saya maafkan asalkan duitnya balikin secara diem diem 😭😜🥰😋💀,2025-01-02 03:03:21+00:00,negatif
yg sabar y min😁,2025-01-02 03:03:10+00:00,negatif
😁,2025-01-02 03:02:17+00:00,positif
"Saya yakin Pak Prabowo / Pemerintah dan Gerindra akan melakukan yg terbaik untuk rakyat. 😇 Semangat dan sehat terus bapak presiden, menteri beserta jajarannya 😇",2025-01-02 03:02:08+00:00,positif
"Menurut survei yang dilakukan oleh Indonesia Corruption Watch (ICW) pada 2022, Partai Gerindra menduduki peringkat kedua sebagai partai terkorup di Indonesia, dengan 35 kasus korupsi",2025-01-02 03:01:49+00:00,negatif
"banyak masyarakat yg salah paham min, gegara males baca. kemakan sm hoax, ujung²nya menjatuhkan 😌 ntr presiden nya yg disalahin 😏",2025-01-02 03:01:35+00:00,negatif
sayangnya min masih banyak oknum pengusaha entah UMKM ataupun lainnya memanfaatkan menaikan harga dengan dalih kenaikan PPN 12%,2025-01-02 03:01:28+00:00,negatif
min diskon 50% PLN yg non subsidi apa dapat?,2025-01-02 03:01:28+00:00,negatif
"tpi emang hrs gini orng indo itu, hrs benar"" di jelaskan secara rinci klo gk pasti ada aja masalahnya. jdi klo bisa besok"" jka ada kebijakan baru hrs",2025-01-02 03:01:24+00:00,negatif
"ppn 12% kan cuman buat barang dan jasa mewah.. tapi knpaaa semua barang pada naik min? @partaigerindra
gimana solusinya?",2025-01-02 03:00:55+00:00,negatif
BUDAYAKAN MEMBACA,2025-01-02 03:00:06+00:00,positif
alhamdulillah,2025-01-02 02:59:30+00:00,positif
"min kenapa napi di lapas menggunakan hp dan melakukan penipuan🥺,,, kasian TKW JD korban nya",2025-01-02 02:58:57+00:00,negatif
min bener gak kalau di bulan Ramadhan bakal di liburkan ful sampai lebaran,2025-01-02 02:58:07+00:00,negatif
Diketik sedetail itu tp masih ngangongango😭😭😭😭 mmg minat baca di indo kurang banget yak😭 klo ngebuly nmr 1😭🤏,2025-01-02 02:57:45+00:00,negatif
min udh 4th berumah tangga ngga pernah dapat bantuan bansos min tapi adek dimintak kk aja😭,2025-01-02 02:57:17+00:00,negatif
"pengen nunjukin ke anak anak abah tg bilang ""tuh makan oke gas"" tp yasudahlah buat apa susah ngejelasun ke mereka yg udh punya penyakit hati mah susah 😅",2025-01-02 02:56:59+00:00,negatif
"sedikit melenceng min, untuk honorer yg ikut gel 2 gmn nasibnya🗿",2025-01-02 02:13:32+00:00,negatif
klo memang Prabowo mantap harusnya pajak turun bukan naek,2025-01-02 02:13:30+00:00,negatif
sidak ke pasar dan supermarket min. karena takutnya para penjual udah mulai menaikkan harga barang,2025-01-02 02:12:48+00:00,negatif
@bundafatih41 nih,2025-01-02 02:12:35+00:00,negatif
😌,2025-01-02 02:11:23+00:00,positif
pak gw mau kaya ga peduli kasus 300T itu🗿🗿,2025-01-02 02:10:01+00:00,negatif
😭,2025-01-02 02:08:38+00:00,positif
min mantan ku nikah.. tolong carikan pasangan min..,2025-01-02 02:07:38+00:00,negatif
ijin repost ya admin,2025-01-02 02:07:37+00:00,positif
semoga saja indonesia semakin menuju kekesejahteraan buat rakyatnya sukses pemerintahnya sukses rakyatnya,2025-01-02 02:06:51+00:00,positif
"min mau tanya nih, berita pajak kendaraan yang naik 66% itu beneran?",2025-01-02 02:06:43+00:00,negatif
"mindra rumah sakit naik jugakah soalnya tadi berobat naik,ini di RSUD DR RM Pratomo Bagansiapiapi @gerindra",2025-01-02 02:05:46+00:00,negatif
"min, gw belanja di mr diy ppn 11%. apa karena pengaruh ppn naik? tp slogannya bilang low price",2025-01-02 02:05:14+00:00,negatif
min tetanggaku sudah membentuk tim untuk program makan siang gratis. tapi katanya akan disurvei dulu oleh tim pak prabowo tapi apa bener disuruh menyiapkan alat makan stainless sebanyak 300pcs?,2025-01-02 02:04:44+00:00,netral
Sehat selalu pak presidentku 😇🔥 maafkan rakyatmu yg ngadepin nya harus menghela nafas panjang dulu 😅🙏,2025-01-02 02:04:09+00:00,negatif
min bilngin pak presiden turunkan harga mask @polynia.id 😞,2025-01-02 02:04:01+00:00,negatif
next turunin PPN kek Vietnam,2025-01-02 02:03:38+00:00,positif
"intinya, kalau ada barang non mewah naik, fix! itu dia naikin harga sendiri 😂",2025-01-02 02:03:35+00:00,negatif
Tapi di pasar minyak kita naik serebu minn😅😅,2025-01-02 02:02:54+00:00,negatif
"ga ap² dibatesin pembelian nya,asal jgn Bates waktu diskon nya sj sy mohon untuk smpkn pd Presiden untuk 900va ga ad lgi yg M hrs subsidi semua, lumayan bgt sisa uang buat beli kebutuhan lain",2025-01-02 02:02:20+00:00,negatif
min kamu udah makan belum.,2025-01-02 02:02:11+00:00,negatif
🙏,2025-01-02 02:02:01+00:00,positif
tp kak knp alfamart di daerah rmhku pd naik semua ya harganya😭,2025-01-02 02:02:00+00:00,negatif
"makasih minta maaf moga bok presiden n semoga pejabat nya sehat selalu ,🥰🥰",2025-01-02 02:01:51+00:00,negatif
"masyaallah .stiap nonton bapak presiden prabowo saya selalu menangis,haru bahagia kagum,sehat selalu bapak😘😘,saya dari lampung🙏",2025-01-02 02:01:34+00:00,positif
tlg pak. di check apa masalah perminyaan naik n naik trus .Mhn jwban.sy pdgang kecil dr kota batu malang,2025-01-02 02:00:53+00:00,negatif
"percuma deh kalo warga nya aga aga mah tetep pasti nge hate komen, harus ganti rakyat kayanya min😭",2025-01-02 02:00:42+00:00,netral
kalo ttp ajja rewel ganti rakyat ajja ga sih😂,2025-01-02 01:59:58+00:00,positif
min pentolan kuahku ga naik naik padahal sapi mahal,2025-01-02 01:59:27+00:00,negatif
"Intinya drama dulu, tes ke masyarakat apakah ada reaksi atau tidak, kalo tidak ada reaksi lanjut, kalo ada reaksi, dibatalkan dan jadi pahlawan dianggap sebagai hadiah 🤣🤣🤣",2025-01-02 01:59:16+00:00,positif
LANJUT...MIN....🥰🥰🥰🥰,2025-01-02 01:19:49+00:00,netral
min turunin harga motor scoopy🙏,2025-01-02 01:19:23+00:00,positif
"admin&Bpk Prabowo sabar²menghadapi masyarakat minimnya pengetahuan asal komen.tanpa disadari pak Prabowo memperbaiki negara yg Uda Ambu radul ditangan presiden sebelumnya tetapi rakyat mau nya semua masalah beliau yg backup,coba pikir lagi lah gimana dua bulan menjabat mengurus negara seluas ini.setiap kota pasti ada masalahnya,apa beliau juga kalian tuntut untuk menyelesaikan nya?",2025-01-02 01:18:09+00:00,negatif
Titip Jgn kebanyakan amnesti pajak buat konglomerat ya min 🫰🏻,2025-01-02 01:17:59+00:00,negatif
gw makin cintaaah sama Bp.. semoga selalu sehat2 ya pak.😘 noh dengerin para Netijen yg suka nyonyor kaga jd naik.yg naik cuma barang mewah. Lo pd punya ga? kalo cuma jengkol n Pete mah kaga naik🥳💃,2025-01-02 01:17:18+00:00,negatif
"barusan ngisi token listrik 50rb dapet nya 150rb.
biasanya cuma dapet 73rb ini dapet 150k.makasiiiii mindra🥰",2025-01-02 01:17:07+00:00,negatif
makan di resto fastfood juga kena 12%,2025-01-02 01:17:03+00:00,netral
sesabar banget admin gerindra😭🤣🤣,2025-01-02 01:17:00+00:00,netral
"Min,kita sudah waktunya jadi vigilante gak sih min?",2025-01-02 01:15:46+00:00,negatif
😳😳😳,2025-01-02 01:15:33+00:00,positif
pusing punya rakyat kok di jelasin panjang lebar samudra masih aja ga mudeng mudeng si rakyat ini😅,2025-01-02 01:15:00+00:00,negatif
"presiden udah ngomong gini
suka ada ajah yang bilang naik naik ppn 12% suka heran
😅😅",2025-01-02 01:14:02+00:00,negatif
tiket KAI gak kena pajak aja udah mahal skrng 😭 sekali jalan dari jkrta ke kmpung PP aja udah setengah jg 😭 nnti pas lebaran lagi gak kebagian tiket 😭😭😭,2025-01-02 01:13:14+00:00,negatif
plis lah ppn jangan naik buat gajih gajih kitaa yang dibawah😭,2025-01-02 01:12:52+00:00,netral
"rakyat inidon ini banyak ngatur,banyak maunya tapi minim membaca.apa2 emosu diluan.tapi ya minn harga sembako di pasar pada di naikin penjual.padahal disini tidak ada kenaikan.",2025-01-02 01:12:46+00:00,negatif
skincare berarti aman ya min?,2025-01-02 01:12:20+00:00,negatif
tp min Minyak sawit naek ih :(,2025-01-02 01:12:06+00:00,negatif
yg protes saya yakin orang kaya semua yg takut kena pajak😅,2025-01-02 01:11:27+00:00,negatif
trimakasih bapak dapet diskon listrik bneran ternyataa🥰,2025-01-02 01:11:11+00:00,positif
Minyak goreng sama beras naik tinggi coyy😭,2025-01-02 01:10:07+00:00,negatif
🗿,2025-01-02 01:09:41+00:00,positif
"Pak yang ga pilih bapak kmrn jangan di ajak, biarin aja dia kena ppn gede😭🙏🏻",2025-01-02 01:09:27+00:00,positif
"Mimin ku sayang,masa wiffi kuuu kena PPN 12%, padahal pake wiffi biar lebih hemat selama 1 bln😭",2025-01-02 01:08:52+00:00,netral
anak abah pada kenapa sih dikit dikit salah😅,2025-01-02 01:08:22+00:00,netral
"bukan salah presiden tapi salah pemikiran kalian yg gampang di goreng oleh berita""hoax",2025-01-02 01:06:34+00:00,negatif
uang panaik setiap tahun naik min gimana mau nikah😫😫@partaigerindra,2025-01-02 01:05:46+00:00,negatif
"nga capek ngetik min banyak bener😁
terimakasih udah di jelasin panjang lebar minnn💪",2025-01-02 01:05:19+00:00,negatif
"minyak goreng dari awal Bln Desember dah naik, produsen sudah menaikan harga jauh sebelum PPN di sahkan,",2025-01-02 01:05:09+00:00,negatif
🥰,2025-01-02 01:04:42+00:00,positif
ini mah yang komen tugas presiden apa gak bisa ngapa ngapain terus gak tau yudikatif dll mending 2025 ganti rakyat,2025-01-02 01:04:01+00:00,negatif
🥰,2025-01-01 23:57:29+00:00,positif
"mantap, isi token yang 20 ribu jadi 80 , terimakasih presiden ku",2025-01-01 23:55:57+00:00,negatif
"ini gw mau share, biar pada tau.
masa pisang goreng biasanya harga seribu sekarangg udah 2ribu aja 😭",2025-01-01 23:53:29+00:00,netral
sembako naik semua broooo,2025-01-01 23:53:18+00:00,negatif
"Cara copy paste keterangannya gimana min? Mau update status Wa , Biar semua paham , gak bisanya menghujat pak Prabowo 😭🙏",2025-01-01 23:47:53+00:00,negatif
pak Prabowo minta tolong pak di tahun 2025 ini untuk tdk ada PHK di setiap prusahaan atau jasa2 logistik hampir jadi tren setiap tahun pasti da pengurangan kryawan apa lagi mau lebaran PHK psti ada ja,2025-01-01 23:47:19+00:00,negatif
jdi kita diprank 🙂 bru aj mw training nawar harga mahal jdi murah🙂,2025-01-01 23:46:53+00:00,negatif
pak presiden tolong diperiksa desa bujak kec. batukliang kab. loteng PROV. NTB. sejak 2013 s/d 2024 tdak jelas alokasi anggaran dan tdak transparan,2025-01-01 23:46:11+00:00,positif
"ini udah jelas dan detail penjelasan dr pak Prabowo
namun tak sejelas hubungan aku sama si dia",2025-01-01 23:45:27+00:00,netral
bapak🥰,2025-01-01 23:44:39+00:00,positif
min salamin ke bapak i love you gt yaaaa,2025-01-01 23:42:25+00:00,positif
💝,2025-01-01 23:42:03+00:00,positif
🗿,2025-01-01 23:41:44+00:00,positif
min gerinda ada uang jajan,2025-01-01 23:41:02+00:00,negatif
"gini ya, mind,,,,,, Mancing aja Naik 5rb,, yang tadinya 15rb jadi 20rb lele,,,Bawal 20rb jadi 25rb,,yang punya empang padahal Asn,, apa cuma ngikut ""... plis bales min banyak yang pada d naikan...",2025-01-01 23:39:55+00:00,negatif
"min mash nungguin program Medical Check up dari pemerintah nih, ayo min 😁",2025-01-01 23:37:38+00:00,negatif
presiden terbaik ku sepanjang masa.. yg selalu sat set untuk memberikan yg trbaik pada semua rakyatnya,2025-01-01 23:37:29+00:00,positif
"Kata""hari ini:
kalo aset tinggal nafas
anda tidak punya hak tolak 12%
😅",2025-01-01 23:36:27+00:00,negatif
"itu kan kata pak wowo,, tapi ujungnya ttp agency distributor bahan makan dll, cepet ikut naikin juga....",2025-01-01 23:36:27+00:00,negatif
terimakasih kasih pa,2025-01-01 23:34:38+00:00,negatif
bahann pokok udah naik semua min disinii,2025-01-01 23:33:58+00:00,negatif
mau pedes apa sedang min🤣n,2025-01-01 23:32:28+00:00,negatif
makasih mindra informasinya 👍,2025-01-01 23:32:14+00:00,netral
"pak bulan puasa kalo. libur satu bulan pondok pesantren juga ikut liburin pakkkkk😭😭😭😭kangen sahur tarawih pertama di rumaaaahhhhhh, selama ini cuma ngerasain 7 hari sebelum lenaran dirumah... 😭😭😭",2025-01-01 23:31:53+00:00,negatif
Pak tp belanjaan pokok di pasar pada naik gmn tu pak tolong dong diumum kan jgn ikut2 aji mumpung,2025-01-01 23:29:48+00:00,negatif
pakk mana makan gratiss nya pakkkk,2025-01-01 23:27:19+00:00,positif
min emang bener selama ramadhan2025 diliburkan selama 1 bulan full,2025-01-01 23:25:47+00:00,negatif
tp kebutuhan pkok d pasar udh ikut naik pak😭,2025-01-01 23:24:33+00:00,negatif
Sekarang rakyat ikut berubah yuk. Doakan para pejabat pemerintahan agar amanah semua dan dimudahkan tugasnya,2025-01-01 23:21:36+00:00,positif
min kalau distributor sembako yg naikkan PPN 12% gimana itu ya,2025-01-01 23:21:20+00:00,negatif
pak bener gak puasa Ramadhan Libur satu bulan ?,2025-01-01 19:00:17+00:00,negatif
Alhamdulillah,2025-01-01 18:59:22+00:00,positif
❤️🙏,2025-01-01 18:58:03+00:00,positif
min mending bakar jagung aja sini stok jagung gua masih banyak😂😂,2025-01-01 18:53:15+00:00,negatif
"mindra, makasii yaa udah panjang lebar jelasin di caption, jadi gaenak.",2025-01-01 18:53:14+00:00,negatif
gajih umk kok kena ppn ya min,2025-01-01 18:52:16+00:00,netral
min bilang ke pak Prabowo besok waktu puasa libur aj gw capek udah mikir ngak makan jadi pusing aku 😭😭,2025-01-01 18:51:32+00:00,negatif
memaafkan koruptor sama saja menyakiti rakyat..,2025-01-01 18:51:31+00:00,negatif
yg opsen kendaraan gmn min @partaigerindra ?,2025-01-01 18:50:24+00:00,negatif
😳😳😳,2025-01-01 18:50:07+00:00,positif
oomon omon ajahhh 🤣,2025-01-01 18:49:31+00:00,netral
sampai sini gua faham kenapa banyak artis yang takut ppn naik 12% 🗿(mungkin dia merasa di rugikan) wkwkwk,2025-01-01 18:49:29+00:00,negatif
min lebih bagus hp oppo atau realmie?,2025-01-01 18:47:57+00:00,negatif
minn beat karbu yg enak spek berapa? serius nanya 🗿,2025-01-01 18:46:24+00:00,negatif
min kapan Juni bisa ketemu pak Prabowo min,2025-01-01 18:46:10+00:00,netral
BPJS gmn min?,2025-01-01 18:45:22+00:00,negatif
pajak GL gimana min,2025-01-01 18:45:11+00:00,positif
"min gak usah dengerin org gjls min, salam buat Bobby....kucing aku dah lahiran hihi
malah aku yang gjls",2025-01-01 18:43:15+00:00,negatif
"jujur , kasian sama admin gerindra , banyak banget kerjaan nya , apa apa pada protes ke mindra, sehat sehat min",2025-01-01 18:42:08+00:00,netral
min turunkan harga garam,2025-01-01 18:37:02+00:00,positif
yg punya pabrik bir Jawa-kawa ma leci naik gk min,2025-01-01 18:35:29+00:00,negatif
"jadi yang udah 11% tetep yah? saya jualan kaos kena ppn 11% soalnya untuk produksi, kalo naik lagi bingung saya adu harga nya sama kompetitor besar",2025-01-01 18:34:03+00:00,negatif
min tapi harga pulsa dan tmn2 nya ko pada naik😭,2025-01-01 18:33:20+00:00,netral
"grinda, ksih kata"" untuk nak yatim kuliah + kerja kyk ku ini biar semangat ngga punya ayang soalnya😏?..",2025-01-01 18:31:58+00:00,negatif
"min Gerindra , kelanjutan soal pensiunan TNI/polri gmn apa diperpanjang masa jabatan @partaigerindra",2025-01-01 18:26:31+00:00,positif
Menyala presiden kuuu🔥‼️,2025-01-01 18:24:27+00:00,positif
🔥🔥🔥🔥🤲,2025-01-01 18:21:59+00:00,positif
min @partaigerindra untk lstrk token semisal qt beli 300k tiap bulan itu kan dpt kwh dobel..misal stok kwh msih bny smpai lwt bulan feb kwh sisa ny hangus tdk,2025-01-01 18:18:31+00:00,negatif
🥰,2025-01-01 18:15:40+00:00,positif
min coba tanya bapa Prabowo ada nggk bantuan rumh untuk orang yg nggk punya rumah🥺,2025-01-01 16:36:31+00:00,negatif
top up diamond mlbb kena pajak 12% min🗿,2025-01-01 16:35:53+00:00,positif
"🙄🙄🙄 mie rebus gak naik min, jadi aman kita😜🤣🤣",2025-01-01 16:35:46+00:00,positif
"sehat"" ya admin gerindra yg baik hati dan cepat tanggap 🫰🏻",2025-01-01 16:35:14+00:00,positif
stnk motor mundake ngeri,2025-01-01 16:33:55+00:00,negatif
"palagi kemarin2 list yg diberikan pun rancu dengan kata ""mewah"" dengan list harga dari masing2 barang termasuk yg menyerempet ke sembako 😅",2025-01-01 16:33:51+00:00,negatif
minn sekolah di liburin dongg pas bulan ramadhan✌,2025-01-01 16:33:50+00:00,positif
"tp temen saya mau ngeredit motor stylo harus D tambah pajak 1,7 jt. ???",2025-01-01 16:33:16+00:00,negatif
gini loh yang dimaksud kemarin kemarin berita nya kenapa ngga langsung di kasih list nya yg kena dampak ? kan masyarakat jadi ngga simpang siur 🙂,2025-01-01 16:31:58+00:00,negatif
Info loker min🥺,2025-01-01 16:30:51+00:00,positif
"pak gimana caranya biar bisa dapet bantuan PKH sama bantuan KIP buat anak saya pak, udah 8 tahun nikah sampai anak saya udah kelas 2 SD gak pernah dapet bantuan apa"" pak?",2025-01-01 16:30:26+00:00,negatif
min gw mau bmw😋,2025-01-01 16:29:17+00:00,netral
@andisjysa_:TOLONG PAK BERLAKUKAN OPTIMALISASI CPNS 2024 SETELAH INTEGRASI NILAI SKD DAN SKB DI INSTANSI PUSAT ATAU KEMENTRIAN JANGAN PATAHKAN SEMANGAT ANAK MUDA YANG INGIN MENGABDI KEPADA NEGARA YANG,2025-01-01 16:28:03+00:00,positif
"mindra kapan mulai program makan gratis ? saya d tunjuk sebagai petugas pelaksanaan sudah d minta data tapi sampai skrang belum ada kabar ,izin mindra jawabannya terimakasih 🙏",2025-01-01 16:27:29+00:00,negatif
dirmhku beras naik 🥺,2025-01-01 16:26:38+00:00,negatif
"pngen berkomentar di fb org2 yg ribut2 pdhal ga ngerti sma sekali apa yg dia ributkan , cumaikut2an .. slahnya smua rata2 org2 lingkungan skitar , humm",2025-01-01 16:26:11+00:00,negatif
harta harvey mois bagikan ke rakyat pak,2025-01-01 16:25:25+00:00,positif
"baca caption dulu yaa, kalau bisa dengerin sampe abis jangan ditelan mentah² dulu heran, untuk barang dan jasa mewah !! kalau selama motor lu Honda beat tenang masih aman yaa",2025-01-01 16:23:42+00:00,negatif
pak kapan pip cair🥰,2025-01-01 16:22:37+00:00,negatif
@put_rajuli02,2025-01-01 16:20:14+00:00,positif
pak link cara pengajuan bansos secara online ada gak sih sebenernya,2025-01-01 16:20:05+00:00,positif
pak presiden ku kalau kendaraan bermotor gak ada biaya pajak 12% kan??,2025-01-01 16:19:08+00:00,negatif
emas min?,2025-01-01 16:18:30+00:00,negatif
"gasalah pilih bapak sehat2 ya pak, ingin ku bertemu, ku ambil ilmu dari bapak agar kelak sukses🤗💙",2025-01-01 16:18:19+00:00,positif
pak Cabe 100k pak 😭,2025-01-01 16:16:45+00:00,negatif
"min udah makan belum, kerja mulu",2025-01-01 16:16:30+00:00,negatif
harga golda naik gk min?,2025-01-01 16:14:37+00:00,negatif
nah kalo gini saya setuju min kalo yg naik itu cuma barang mewah,2025-01-01 16:12:15+00:00,negatif
BUDAYAKAN BACA CAPTION YA GEYS BIAR NGERTI LU PD🫵🫵🫵🫵,2025-01-01 16:10:51+00:00,negatif
Pakkk knapa jari kerja susah bngt yaa 😭,2025-01-01 16:10:40+00:00,positif
"akhirnya yg aku tunggu2 penjelasan langsung dari pak presiden , ijin post min 👍",2025-01-01 14:57:36+00:00,negatif
"Min, desaku jatirawa di tegal kenapa kalo ngaspal jalan dari dulu cuma setengah doang ya?",2025-01-01 14:56:15+00:00,negatif
semoga sehat selalu pak pnjang umuurrr🤲❤️,2025-01-01 14:54:59+00:00,positif
asekk mie ku aman harganya bestieee g jd naik bahan bakunya .. makasi pak wowo😀😃,2025-01-01 14:53:23+00:00,negatif
🥰,2025-01-01 14:53:04+00:00,positif
min SMA 2 PALEMBANG belum dapet mamam gratis,2025-01-01 14:52:37+00:00,negatif
"Harga kopi kok naik min😭,",2025-01-01 14:52:09+00:00,negatif
mana ni anak² anis sama pdi liat ini,2025-01-01 14:51:57+00:00,negatif
"min ijin tax. ayah saya seorang pensiunan guru. beliau mengatakan bahwa awal mereka menjadi pegawai, SD ad nmx potongan gaji untuk perumahan. namun sampai ± 5 tahun pensiun, dana itu TDK perna cair",2025-01-01 14:51:38+00:00,negatif
"heran sama sebagian org yang ngga bisa membedakan mana berita yg resmi sama berita yg menggiring opini negatif ,sudah jelas presiden langsung yg ngomong, tapi masih banyak yg bertanya ga jelas",2025-01-01 14:51:27+00:00,negatif
"saran kepada pak prabowo, makan bergizinya tolong dong dibagikan juga ke orang dewasa, biar ga pada goblok, atau kalau makan biaya banyak, ganti aja rakyat yg gobloknya.",2025-01-01 14:50:42+00:00,negatif
Alhamdulillah 😇,2025-01-01 14:48:42+00:00,positif
🥰,2025-01-01 14:48:30+00:00,positif
Ingett yaa yang naik itu yang punya BARANG MEWAH yang gapunya gausah komen2 sok bakal kena pajak PPN 12%,2025-01-01 14:47:06+00:00,negatif
min harga cabai bawang dipasar hrga naik Min . para emak2 pusing Krn pada naik min😁,2025-01-01 14:46:34+00:00,negatif
"Admin kalau motor Honda kena gak ? , soal nya saya sales marketing honda , kalau naik susah untuk ngecapai target @partaigerindra",2025-01-01 14:46:26+00:00,negatif
min emang bener bakal libur satu bulan selama bulan Ramadhan,2025-01-01 14:44:48+00:00,negatif
min gue ngakak lihat komen warga gabut 🤣🤣,2025-01-01 14:44:43+00:00,negatif
😔,2025-01-01 14:43:57+00:00,positif
bio borra indonesia juga ganti lagi,2025-01-01 14:43:56+00:00,netral
"min tolong bilangin ke Pemkot Tangerang itu abis ngebangun pager di daerah pasar sipon pasir pasir nya beresin & batu batu nya juga, udah banyak min yang kecelakaan gara gara pasir sama batu batu nya",2025-01-01 14:43:41+00:00,negatif
"min@partaigerindra sy ada DM d Ig , klo ada waktu mohon di baca🙏",2025-01-01 14:43:23+00:00,netral
@Prayoga,2025-01-01 14:42:38+00:00,positif
rakyat ke gocekk 🤣🤣,2025-01-01 14:42:06+00:00,negatif
min kok obat²an ikut naik juga ppn 12%😭,2025-01-01 14:41:58+00:00,negatif
🙏,2025-01-01 14:41:43+00:00,positif
"listrik gimana min?
soalnya di kampung ku ada nih orang yg ngotot jual token listrik 2x lipat karena katanya PPN naik 12%",2025-01-01 14:39:54+00:00,negatif
"😭 ganti rakyat aja min , rakyatmu susah dijelasin",2025-01-01 14:39:43+00:00,positif
🌷,2025-01-01 14:39:14+00:00,positif
min gimana ninggalin pacar yang udah hamil ?,2025-01-01 13:46:20+00:00,negatif
"Tapi Yg Heboh masalah kenaikan 12% Malah Menengah ke bawah.
Dengan Asumsi Kebutuhan Makin Naik., Dari Sini Pihak Pemerintah Harus Sering Sidang Pasar., Agar Tidak Seenaknya Menaikan Harga.",2025-01-01 13:45:10+00:00,negatif
"Proses Penggagalan
1. Veto presiden
2. Penolakan DPR
3. Revisi atau perubahan rancangan undang-undang
4. Demonstrasi atau protes masyarakat
5. Gugatan",2025-01-01 13:44:44+00:00,negatif
min kalo panas dingin makan apa yang enak,2025-01-01 13:42:56+00:00,netral
"luar biasa usaha presiden pak Prabowo untuk tetap berpihak pada rakyat kecil, semoga kinerja ini terus konsisten, sehat terus pak parbowo, saya ga terlalu paham politik tapi berkat pak parbowo mulai cari2 informasi tentang politik pemerintahan supaya tidak mudah terpengaruh oleh media massa yg kadang juga isinya hoax😢",2025-01-01 13:42:38+00:00,positif
"turunin harga kuota min, udah follow🙏",2025-01-01 13:41:55+00:00,netral
@Dendi setiawan,2025-01-01 13:41:29+00:00,positif
@Angga Permadi,2025-01-01 13:41:28+00:00,netral
admin apa nee,2025-01-01 13:40:40+00:00,netral
Min soal gaji guru gimana min???,2025-01-01 13:40:19+00:00,negatif
halo min,2025-01-01 13:40:07+00:00,positif
ini klinik kecantikan jg kena ppn 12% kah 😭,2025-01-01 13:38:01+00:00,positif
Miss U min 🤭,2025-01-01 13:37:59+00:00,negatif
🥰,2025-01-01 13:36:56+00:00,positif
bang tolong kaki gua sakit,2025-01-01 13:36:20+00:00,negatif
"kok satpam d kantor gajinya kena ppn 12
piyeee",2025-01-01 13:36:15+00:00,negatif
🗿,2025-01-01 13:36:14+00:00,positif
"yg bilang sembako pd naik bla bla, ye kan tiap mau ada hari raya juga pada naik, kaya baru pertama jadi manusia aja lu ah😭",2025-01-01 13:36:13+00:00,negatif
harga sembako knpa pada naik semuaaa pak🥺,2025-01-01 13:35:33+00:00,negatif
banyak banyak istighfar min🙏😭,2025-01-01 13:33:20+00:00,positif
"admin nya greget gak yah?lihat org org"" yg gagal faham ,ngoceh Mulu di komen, aku aja yg baca kaya gmna gtu kaya apaan sih ni org org🥴",2025-01-01 13:33:06+00:00,negatif
tolong hapus batas usia di loker pabrik @partaigerindra,2025-01-01 13:32:59+00:00,negatif
sampai ngetik panjang lebar adminnya 😭😭,2025-01-01 13:32:56+00:00,negatif
min kenapa telkomsel jadi mahal padahal jarang pake telkomsel,2025-01-01 13:30:48+00:00,netral
"min belum pernah dibales aku min 🙏
kuota internet di shopee naiknya gila2an min 🙏",2025-01-01 13:30:03+00:00,negatif
🥰🥰🥰,2025-01-01 13:29:40+00:00,positif
@leonardo,2025-01-01 13:29:37+00:00,positif
bang liburin lah puasa 1 bulan,2025-01-01 13:28:51+00:00,negatif
min lebih keren motor Vario atau beat ?,2025-01-01 13:27:39+00:00,negatif
komentarnya bukti literasi Indonesia rendah😹🙏,2025-01-01 13:26:57+00:00,positif
"admin Gerindra, 1 kilo sawit 10 ribu dong",2025-01-01 12:34:56+00:00,negatif
pak kasih tau bahasa gen beta,2025-01-01 12:33:21+00:00,negatif
🥰🥰🥰,2025-01-01 12:33:19+00:00,positif
"UU No 7 tahun 2021 jelas menyatakan ppn 12 % berlaku paling 1 januari 2025
PMK no 3 tahun 2023 mengtur SKB PPn BM
pertanyaan saya : pakai aturan mana pemerintah menyampaikan PPN tidak jadi naik12%?",2025-01-01 12:33:09+00:00,negatif
Alhamdulillah 😊🙏🏻,2025-01-01 12:32:26+00:00,positif
"minyk, telor, beras, bumbu dpur pda naik min hrga y. ema"" mnjerit😂😂",2025-01-01 12:32:23+00:00,negatif
tolong bantu viralin postingan saya karna sudah banyak korban,2025-01-01 12:32:17+00:00,negatif
min ff atau fc mobeli,2025-01-01 12:31:55+00:00,netral
min nanti puasa libur gak🥰,2025-01-01 12:31:48+00:00,netral
"warga +62 tolong dibaca dan dipahami caption yg sudah diketik detail sama mindra, semoga tidak miss komunikasi dan informasi serta tidak mencari2 alasan untuk menyalahkan bapak Presiden.",2025-01-01 12:31:12+00:00,negatif
min jangan naikin harga skincare🥺,2025-01-01 12:31:08+00:00,netral
🥰,2025-01-01 12:30:54+00:00,positif
halo,2025-01-01 12:29:21+00:00,positif
cihuy,2025-01-01 12:29:20+00:00,netral
"min apakah betul hukuman cambuk rotan akan di buat untuk para koruptor??
kayak di negara sebelah kita Malaysia
hukuman sebatan
saya setuju macam itu😁",2025-01-01 12:28:35+00:00,negatif
lagian orang orang gampang bat kegiring opini si padahal presiden nyaa aja dari awal 12% ini keluar dia udah bilang kalo cuma buat barang barang mewah,2025-01-01 12:28:14+00:00,negatif
bismillah Indonesia semakin maju💪💪,2025-01-01 12:27:58+00:00,positif
"Penggajian buruh outsourching sudah dipotong dri bulan desember min, kata pimpinannya ppn naik 😂",2025-01-01 12:27:47+00:00,negatif
cicilan motor bunganya naik nggak min? @partaigerindra,2025-01-01 12:26:25+00:00,negatif
"banyak bahan pokok yang sudah ikut naik per 1 Januari, distributor sudah memberikan edarannya ada kenaikan 12%, contoh susu uht, bahan kue, plastik, dll tolong donk gmn nih?",2025-01-01 12:26:19+00:00,negatif
mindra yang terkasih dan tersayang lapangan kerja,2025-01-01 12:26:18+00:00,positif
"Kak tolong paket cod ppn nya naikin 4000 %
saya nganter paket cod org nya pada susah bgt, udh kaya nagih hutang 😭",2025-01-01 12:24:55+00:00,negatif
liat aja endingnya nanti naik semua. skrg aja telor udah merangkak dari 26rb udah jadi 30rb lagi disukabumi😏,2025-01-01 12:24:34+00:00,negatif
Beras Cabe Bawang Setiap Mau Tahun Baru & Mau Lebaran Udah Pasti Naik Tiap Tahun,2025-01-01 12:24:31+00:00,negatif
min akirnya gw dapetin dia,2025-01-01 12:22:55+00:00,netral
"PPN obat naik dari 11% jadi 12% mulai januari, pak 🙂",2025-01-01 12:22:33+00:00,negatif
ga capek min nulis caption sebanyak itu? 😭,2025-01-01 12:22:10+00:00,negatif
pulsa sama Kouta naik tinggi,2025-01-01 12:22:10+00:00,negatif
"masyaAllah niech presiden negaran indonesia nya udah benar... tinggal ganti mental Rakyat indonesianya "" hayyou e tinggal kita rakyat indonesianya yang harus rajin dan pekerja keras lagi cari Rezeki yang Halal dan berkah.. buang buang itu sudah mental gratisan.... dan mental Kurupsi kecil kecilan... Hilangkan Mental miskin yang minta semua ditanggung negara""..🥰 maaf yach... Harga diri kita ditentukan oleh Kerja keras Halal kita... pajak negara indonesia benar benarndi konstribusikan buat kesejahteraan rakyat indonesia(fakirmiskin tak mampu)",2025-01-01 12:21:46+00:00,negatif
"CERMATI YA ADEK ADEK, JANGAN TERBAWA ARUS MULU😭",2025-01-01 12:21:11+00:00,netral
min lebih bagusan RX-King apa vespa,2025-01-01 11:37:15+00:00,negatif
"pak sya umur 35tahun nyari kerja semua max 28thn semua ,, coba deh pak klo gak pake umur mungkin bisa mengurangi pengganguran 🥰",2025-01-01 11:37:15+00:00,netral
"maaf min tadi aku kira ai soalnya cuma mulut yg gerak😭🙏pas liat profil, ternyata gerindra",2025-01-01 11:36:53+00:00,negatif
menyala babeh 👍,2025-01-01 11:36:47+00:00,positif
min pete jg jdi brang mewah kalo lgi gk musim... mahal banget,2025-01-01 11:36:03+00:00,negatif
@Evaystore.id gak jadi naik,2025-01-01 11:35:59+00:00,negatif
percuma pak barang mewah naek lah di Maluku Disni serba mahal beras aj mahal apa lagi minyak pak .. :),2025-01-01 11:34:22+00:00,netral
tapi nantinya akan naik semua mau bareng mewah barang biasa aja yakin gua mah liat aja nanti jalannya kaya apa😁,2025-01-01 11:34:04+00:00,negatif
@huhh @Nattdal rill vrok,2025-01-01 11:33:56+00:00,negatif
"nyari kerja susah, pajak malah naik",2025-01-01 11:33:22+00:00,netral
"dm geme juga baik apa lh batal kan segara Manding hapus tuh makan siang geratis segitu nya Meres duit rakyat, hukum korub ringan bgt Nagara macam ap ini",2025-01-01 11:31:34+00:00,positif
menangis aku min😭terharu,2025-01-01 11:31:11+00:00,negatif
"Sebenernya yg penting pajaknya emang bener” dipake buat hal semestinya, bukan buat para oknum yang mau memperkaya diri sendiri, diantaranya rafael dan gayus misalnya",2025-01-01 11:29:59+00:00,negatif
"yang asal komen dan negatif komennya, itu artinya apa min ?🤣🤣🤣🤣",2025-01-01 11:29:42+00:00,negatif
"anak wabah pasti pada gak terima ini min
plus mines mau baca😂",2025-01-01 11:29:08+00:00,negatif
pak kenapa listrik yang bisnis ga dapet diskon 50 %,2025-01-01 11:29:05+00:00,positif
heran sanya orang di tik tok ini yg gak pernah literasi kah sanya aja yg di pelosok masih mau literasi,2025-01-01 11:28:52+00:00,negatif
🥰,2025-01-01 11:28:50+00:00,positif
"ganti rakyat aja bisa gak min?
capek aku ngeliat komentar komentar nya
kebanyakan baca berita cuman di judul aja",2025-01-01 11:27:51+00:00,negatif
"dari awal mah gausah sebut ppn kali, ppnbm lah",2025-01-01 11:27:43+00:00,negatif
🥰,2025-01-01 11:27:43+00:00,positif
anjay superhero,2025-01-01 11:27:30+00:00,positif
harga r0k0k tetep sama kah min?,2025-01-01 11:27:22+00:00,negatif
"gue baca komentar lu ya min di bagian ""kurang peduli apa pak prabowo...?"" bikin ngakak dan gue rasa lu udah gak pantas sih, bukannya itu merupakan kewajiban seorang presiden? 🤫",2025-01-01 11:27:19+00:00,negatif
emang SDM rendah,2025-01-01 11:26:13+00:00,negatif
"@Jrz5MB:menuju Indonesia emas🤓
ayam = 7 tahun
korupsi = 6,5 tahun
emang presiden goblo. k
pengabdi go. blok",2025-01-01 11:24:19+00:00,negatif
Tolong untuk pajak p3k nakes juga pak.. krna tidak d tanggung pemerintah,2025-01-01 11:23:40+00:00,netral
"kesalah pahaman terkait kenaikan ppnBm ini dimanfaatkan penjual sembako untuk menaikkan harga min, harga rokok, pulsa,sudah mulai naik dibeberapa toko kelontong",2025-01-01 11:23:12+00:00,negatif
JKP itu apa min?,2025-01-01 11:21:55+00:00,negatif
itu yg beli motor belinya sebelum naik masih aman kah gk jadi naik maupun tanggungan?,2025-01-01 11:21:42+00:00,negatif
"hehe min, gwa ulang tahun nih",2025-01-01 10:33:41+00:00,positif
ppnbm apaan?,2025-01-01 10:33:18+00:00,negatif
"min gajih di atas 5jt kena pajak ?
kmarin dpet gajih kena pajak pdahal 6jt di bawah 10jt",2025-01-01 10:32:26+00:00,negatif
min tolong si min bantu suamik dpt kerja usia 40[flushed],2025-01-01 10:32:22+00:00,negatif
"dsini,smua sembako harga nya naik drastis min🥲",2025-01-01 10:32:16+00:00,negatif
"min, kemaren gajian pph 21 dipotong juga dr gaji min. pdhl cuma UMR aja katanya ga dipotong min",2025-01-01 10:32:04+00:00,negatif
😁,2025-01-01 10:31:57+00:00,positif
"telor naik minyak naik beras naik hrgnya sembako naik,, setiap blm puasa,THN baru, Kaya udh tradisi ..tolongin ya pak 🥰👌",2025-01-01 10:31:44+00:00,negatif
"kalo rakyat 24% anak abah.
dan rakyat batrai lemah 16%.
g mgkin pahan",2025-01-01 10:31:44+00:00,negatif
min turunkan biaya lain2 jualan online..,2025-01-01 10:31:34+00:00,negatif
🙏,2025-01-01 10:31:28+00:00,positif
Adimin@partaigerindra uda 2025 gimna nasib Honerer yang tidak lolos PPPK? di daerah kami regulasinya blm jelas untuk pppk paru waktu..,2025-01-01 10:31:16+00:00,negatif
heheheh smpe du jlskin biar gk di demo😭😂,2025-01-01 10:31:04+00:00,negatif
"nyatanya gk sesuai VT LUU...
dilapangan skrng sdh mulai naik hrga kebutuhan rakyat.",2025-01-01 10:28:41+00:00,negatif
🥰,2025-01-01 10:28:30+00:00,positif
"Min, kenapa setelah belum lama naik dari 10% ke 11% , eh masih naik lagi? buru2 amat yak.. 😁",2025-01-01 10:27:58+00:00,negatif
Ya Allah beratnya jadi Pak Prabowo ini... kan ini berita bagus sekaliii... malah pada bilang harga di pasar naik... lha kan nataru.. 3 bulan lagi puasa lebaran juga naik pada mo nyalahin Pak Prabowo juga.... kerja kerja,2025-01-01 10:27:20+00:00,negatif
"yg bikin isu2 si media onoh buat nakut nakutin masyarakat haeduhh, tau sendiri masy. indo telan mentah2 infonya,dn minimnya pengetahuan tentang PPN",2025-01-01 10:26:15+00:00,negatif
Keren si lu draa sabar bgt dr kmrn di caci gk nongol karna nunggu kepastian dr pemerintah gk ambil tindakan duluan 👍👍,2025-01-01 10:26:03+00:00,negatif
"pajak sembako naik min, PPN",2025-01-01 10:25:48+00:00,negatif
Rieke diah pitaloka apa kabar? 😭🤣,2025-01-01 10:25:43+00:00,negatif
yg dapat subsidi tolong diaudit ulang pak biar tepat sasaran👍😊,2025-01-01 10:25:39+00:00,negatif
bang kalo beli motor apa kena ppnbm 12% juga kah?,2025-01-01 10:25:10+00:00,negatif
😭😭😭,2025-01-01 10:25:05+00:00,positif
🗿,2025-01-01 10:24:54+00:00,positif
pak bisa kah benarin jalan Katingan.jalan disini udah rusak jalannya😭,2025-01-01 10:24:17+00:00,negatif
netflix.spotify.kopi susu nggak termasuk mewah kan min?ga jadi brarti?,2025-01-01 10:24:10+00:00,negatif
kalau wifi min?,2025-01-01 10:23:49+00:00,negatif
sampe caption nya sepanjang dan sedetail itu,2025-01-01 10:23:08+00:00,netral
biaya to up iklan shopee sudah naik 12%,2025-01-01 09:33:40+00:00,negatif
min apa bener entar pas puasa sekolah libur 1 bulan full??,2025-01-01 09:32:32+00:00,negatif
💐💐💐,2025-01-01 09:30:46+00:00,positif
"request, tunjangan dpr diturunkan bisa gasih kira² min?",2025-01-01 09:30:39+00:00,negatif
"percuma ngomong doang sidak di lapangan apa"" pada naik",2025-01-01 09:30:20+00:00,netral
Kerja keras rakyat yang selalu meneriakan PPN. 🤩,2025-01-01 09:30:18+00:00,positif
"tp min kenapa setiap mau hari raya besar seperti idulfitri dan Natal bahan pokok itu selalu naik nya misalnya nya bawang merah, cabe rawit dan cabe keriting d daerah ku sampe 100rb/kg",2025-01-01 09:30:11+00:00,negatif
@Riyan Hidayatullah BACA CAPTION INI !!,2025-01-01 09:29:42+00:00,positif
yg penting sparepart motor gk kena😂,2025-01-01 09:29:34+00:00,positif
"Min email dri wifi my republic gw ada penyesuain harga karena kenaikkan ppn 12%, klo mimin gk percaya bisa gw screen shoot ke dm mimin @gerindra",2025-01-01 09:28:16+00:00,negatif
semoga ga pada males baca caption yah😂 yang aksi nya cuman komen doang,2025-01-01 09:28:13+00:00,netral
admin gerinda paling ok🔥,2025-01-01 09:27:04+00:00,positif
Alhamdulillah ayuuuk share sbnyk2nya biar ga pd rebut2 lg,2025-01-01 09:26:38+00:00,negatif
"Ye klo peduli mah dr kemarin kaga ada tuh rencana ppn 12% , kaga ada tuh rencana makan siang gratis tapi maksain anggaran. yg ada di menit menit terakhir terkesan jadi pahlawan.",2025-01-01 09:26:30+00:00,negatif
tolong cek kepala desa Lintang kanan 🔥,2025-01-01 09:26:04+00:00,negatif
nah kan sekarang jelas ya,2025-01-01 09:25:59+00:00,netral
"min, masalah nya bbrp perusahaan sdh umumkan pajak naik 12% jd barang"" mereka juga naik harga jual nya sembako",2025-01-01 09:25:12+00:00,negatif
"mohon di sidak min karena nyatanya di pasar2 harganya naik semuaaa, semoga ada solusinya🙏",2025-01-01 09:25:09+00:00,negatif
min mau nanya kloo sperpart diesel itu naik gaa? @partaigerindra,2025-01-01 09:24:01+00:00,negatif
🥰🥰🥰,2025-01-01 09:22:43+00:00,positif
Kalau import” bagaimana min nasibnya 😳,2025-01-01 09:22:09+00:00,negatif
MasyaaAllah pak sehat selalu ya 🫶🏻 lopee sekebon,2025-01-01 09:22:04+00:00,positif
🥰,2025-01-01 09:21:51+00:00,positif
min makan di mall / resto mewah kena pajak 12% ga?,2025-01-01 09:21:15+00:00,negatif
"yang bilang barang udh naek, kek sembako, dikira itu dikarenakan kenaikan PPNbm? banyak faktor cuy. inflasi, kenaikan harga produksi, kebanyakan judol, supply demand dsb. Kalau dipaksa turun, ya boncos lah seller😂.",2025-01-01 09:20:54+00:00,negatif
Sejauh ini masih aman sih . Sekelas indomaret harga tetep2 aja dan aman2 aja ga ada kenaikan. Di daerahku sih . Gatau yang lain yagesya 🙈,2025-01-01 09:20:41+00:00,negatif
aerox gmana min?,2025-01-01 09:20:40+00:00,netral
"min lu dicariin warga twitter noh, perasaan dulu sok asik di twitter kok skrg gak pernah muncul 😂😂😂",2025-01-01 09:20:11+00:00,negatif
"min tentang libur1 Bulan pada bulan ramadhan benar apa hoax?
tolong di jawab min",2025-01-01 09:20:10+00:00,negatif
pesawat udara... bakal naik tiket pesawat,2025-01-01 09:19:16+00:00,negatif
tolong pak ppn turun aja,2025-01-01 08:39:46+00:00,positif
2025 masa masih di jajah nelayan kita di perairan sendiri sama negara kecilllllll!,2025-01-01 08:39:08+00:00,positif
"Nih pada di baca dengan teliti yg pada teriak"" ppn naik!",2025-01-01 08:38:55+00:00,negatif
ini dia pahlawan kesiangan kita muncul🤩,2025-01-01 08:37:46+00:00,positif
perasaan dia ke aku naik ga kira kira?,2025-01-01 08:37:37+00:00,negatif
"admin gerindra tolong datang ke toko dong biar matamu melihat, sy jual sembako ko pada naik, jangan cuma bacot, lu pada enak makan duit rakyat",2025-01-01 08:37:28+00:00,negatif
"Budaya kan membaca caption dan dengar penjelasan baik2 ya gaes lewat vt ini,jangan fomo ikutan2 aja 12% 12%.",2025-01-01 08:36:51+00:00,netral
@Mputttt🌚 @stkrn_wt♍ Woy anak abah keluar ga lo 🤣🤣🤣,2025-01-01 08:36:49+00:00,negatif
brarti min gaji dibawah 10jt/bulan gratis pph21 tah?,2025-01-01 08:36:42+00:00,negatif
"tapi temanku bayar pajak motor, katanya sudah 12%",2025-01-01 08:36:41+00:00,negatif
hanya mrk dr golongan org kaya yg memiliki brg mewah sprt yg di sebut Bpk saat ini menyusuikn pekerjaan n penghasiln,2025-01-01 08:35:12+00:00,negatif
ppn naik hukuman koruptor kok gak naik naik.,2025-01-01 08:35:12+00:00,negatif
😳,2025-01-01 08:34:48+00:00,positif
🥰,2025-01-01 08:34:34+00:00,positif
"ini sales udah dikasih surat edaran barang naik loh min produknya ada kenaikan hrga. indofood , syap mas dll. klo emng bner gentle kasih surat edaran",2025-01-01 08:34:07+00:00,negatif
pak bisa topupin ml saya gk,2025-01-01 08:33:46+00:00,positif
"Kalo diliat liat mimin gerindra kayanya lebih powerful deh dibanding wakilnya, pak prabowo hebat bisa mendirikan partai yg sepowerful ini 😁",2025-01-01 08:33:24+00:00,negatif
"Rakyat ikhlas kok pak bayar pajak., yg penting tidak Dikorupsi😭😭😭
itu yg bikin rakyat sakit hati.
Lekas Membaik Indonesiaku❤",2025-01-01 08:33:15+00:00,negatif
😘,2025-01-01 08:32:45+00:00,positif
😁,2025-01-01 08:32:38+00:00,positif
pak prabowo 2025 ini tolong bantu lunasi hutangku😔,2025-01-01 08:32:00+00:00,positif
"min kalau perusahaan tidak ngikutin instruksi ini,ada menaikan harganya, gimana tindakannya?",2025-01-01 08:31:49+00:00,negatif
@Aquariusgirl @Grey Sunflower,2025-01-01 08:31:40+00:00,positif
"semoga ekonomi membaik di tahun 2025 ini ya Allah, terus pajak menurunlah. 😭😭",2025-01-01 08:31:16+00:00,negatif
semoga jadi sedikit korupsi ya hihi,2025-01-01 08:30:40+00:00,negatif
nataru dan lebaran semua barang pada naik dari zaman dulu juga coba inget inget deh,2025-01-01 08:30:21+00:00,negatif
menyala presiden ku,2025-01-01 08:30:13+00:00,positif
"min seriusan nih, kenapa belom muncul2 lagi di X? kok pilih kasih sih public relation-nya cuma di 1 aplikasi doang? kenapa min, di tiktok lebih di welcome dan lebih banyak di-support ya?",2025-01-01 08:29:26+00:00,negatif
"sekalian cek harga pasar pak, biar harga sembako tetap stabil, dan tidak ada kenaikan. kasihan ibu-ibu kebutuhan perdapuran 👍",2025-01-01 08:29:13+00:00,positif
@death,2025-01-01 08:29:01+00:00,negatif
@sisetterlangit,2025-01-01 07:41:53+00:00,positif
bayangin lo beli pop mie di kolam renang,2025-01-01 07:41:48+00:00,positif
bantuan beras ditempat saya tdak setiap bulan pak. klo g salah 2 bulan sekali.,2025-01-01 07:40:11+00:00,positif
Anak abah posting ulang plis,2025-01-01 07:39:48+00:00,positif
😁,2025-01-01 07:39:14+00:00,positif
"yeayy akhirnya diperjelas lgsg sama bapak, love you pakk❤️",2025-01-01 07:38:50+00:00,positif
"mana peraturan tertulisnya, sama aja bohong kalo gini",2025-01-01 07:38:18+00:00,netral
"Min, kapan buka lapangan kerja???? Bosen nganggur Min🙏",2025-01-01 07:38:17+00:00,negatif
gwe kerja 8 jam gaji cuman 1.7 kaga ada 2 juta kerja jam 8 malem sampek jam 4 pagi anjir disemarang nyari kerja susah,2025-01-01 07:37:57+00:00,negatif
2025 ganti rakyat aja😂. Banyak nuntutttt tp ga interopeksi diri.,2025-01-01 07:37:39+00:00,negatif
Jadi harga kreta baru naik gak min? Pajak ospen katanya namanya infoo,2025-01-01 07:37:07+00:00,negatif
min yg token bisa jd nambah gtu knpa? ko ngaruh ke token juga min? kurang paham soalnya🙏,2025-01-01 07:37:04+00:00,negatif
"Lihat aja pengenaan PPN di struk pembelian atau transaksi kita di Swalayan,Hotel,Restoran Fast Food dan lainnya apa benar gak berubah jadi 12 %",2025-01-01 07:36:10+00:00,negatif
"sama Aja Min.. Fakta dlapangam udah banyak yg Naik harga..
🙄🙄🙄",2025-01-01 07:36:00+00:00,negatif
tapi min @partaigerindra aku di email sama cs wifi ngasih tau kalo naik 12% 😭,2025-01-01 07:35:14+00:00,negatif
Tadi bayar listrik 800rb itu stghnya ya😭😭😭,2025-01-01 07:35:09+00:00,negatif
min min alhamdulillah PPN gak jadi naik tp kok bayaran internet tetap naik 12% 😭😭😭😭,2025-01-01 07:34:15+00:00,negatif
langganan mnc play sebulan cuma 250rb. kemarin sdh ada email klo mulai januari ppn naik 12%. itu barang mewah bukan sih??? bingung.,2025-01-01 07:34:13+00:00,negatif
😁,2025-01-01 07:34:09+00:00,positif
😁,2025-01-01 07:33:07+00:00,positif
😅,2025-01-01 07:33:04+00:00,positif
"kenapa obat""an dari pbf pppn naik jadi 12%?",2025-01-01 07:32:23+00:00,negatif
"pengen copy caption-nya gak bisa min, mau dikirim ke yang gembar gembor 2025 pajak naik 12% 😭",2025-01-01 07:32:08+00:00,negatif
"intinya gak ada yg naik ygy.
ini tuh cuma untuk barang mewah ygy. harga barang pokok aman ko",2025-01-01 07:31:53+00:00,negatif
pak tolong bantu saya mau kaya mau bayar hutang.,2025-01-01 07:31:44+00:00,negatif
"minimal yang masih protes, tolong literasi membacanya di tingkatkan ya",2025-01-01 07:31:40+00:00,negatif
admin nya ramah sekali🥰,2025-01-01 07:31:36+00:00,positif
"min maaf cuman mau menyampaikan saja,saya kerja di toko kelontong,harga bahan2 baku pada naek semua per januari ini juga saya di kasih tau sama sales2 katanya naek ppn 12%",2025-01-01 07:31:21+00:00,negatif
"@partaigerindra min, mancing yuk, mumpung libur, wayanya kita ngeladenin ikan dulu, .",2025-01-01 07:31:18+00:00,negatif
🥺,2025-01-01 07:30:52+00:00,positif
"Yg udh naikin ke 12% kocak gasiii org ketuk palu nya aja blm tapi udh naikin, cenayang?",2025-01-01 06:52:31+00:00,negatif
"buat karyawan dicatet ya kalau gaji kalian sampai dg 10jt pph 21 ditanggung pemerintah, jadi kalau gaji kalian masih dipotongin protes ke perusahaan, jangan mau dikibulin",2025-01-01 06:52:30+00:00,negatif
"min bantubaku,Aku kerja di pemerintahan tahun kmaren 3,5jt sebulan, kok tahun ini jadi 3jt.pusing min.",2025-01-01 06:52:13+00:00,negatif
Kalau stimulus point 1 & 2 caranya gimana ya min?,2025-01-01 06:52:09+00:00,negatif
"Harus ada batasan si buat para media konten kreator yg bikin huru hara, belum juga putusan tp udh bikin berita gaduh",2025-01-01 06:51:56+00:00,negatif
ganti rakyat ajala ish,2025-01-01 06:51:45+00:00,positif
"tapi mindra @partaigerindra harga minyak goreng kenapa naik😭. ibu rumah tangga menangis, yang awalnya dulu 2liter 24rb sekarang 40rb. padahal kebun sawit ada di indo🥲",2025-01-01 06:51:44+00:00,negatif
"sebelum COMENT BACAA WOIIII BACAA WOIIII, BACAAA WOIIII, BACAAA CAPTION MIMIN GERINDRAA, MELEKKKKKK MELEKKKKKKKK",2025-01-01 06:51:00+00:00,negatif
🥰,2025-01-01 06:50:35+00:00,positif
min kalo puasa libur gak,2025-01-01 06:50:05+00:00,netral
min harga burung kapan naik nya,2025-01-01 06:49:55+00:00,negatif
"yg komen dampaknya ke smua harga naik, tar klo udah ga hari raya harga turun lu smua yg komen naik kaga usah beli apa² ya!! minum air ledeng aja! ama cabut ubi diladang sono! hbis tu urus transmigrasi ke uranus!",2025-01-01 06:49:44+00:00,negatif
😁,2025-01-01 06:49:42+00:00,positif
"info ny sdh jlas, hny brang mewah yg di kena kan pajak 12%. KLO brang² kbutuhan pokok sehari² ikut naik. itu arti ny oknum pebisnis/pengusaha yg mnjdikan ini sbgai senjata utk meraup laba lebih besar. Krena selaku pengusaha mereka tau, rakyat gmpg di goreng² utk kepentingan mereka.🗿🗿, & hati-hati..banyak oknum media yg memanfaatkan situasi ini utk narasi & tujuan mereka.",2025-01-01 06:49:14+00:00,negatif
mantap jiwaaa,2025-01-01 06:48:29+00:00,positif
kasian min nya loh diserang trus smpe vt ini terbit.. sabar min mau Seblak min?,2025-01-01 06:47:50+00:00,negatif
maaf min melenceng Ronaldo atau Messi 😂,2025-01-01 06:47:23+00:00,negatif
tolong pak..utk yg SDH cerai bnyk mntan suami yg tidak mau ksh nfkah utk anak biarpun SDH tertera d akte cerai n keputusan tp kenyataan nya TDK prnh ksh nfkah...sy j dr 2015 smpe skr mntn suami TDK ksh nfkah utk ank,2025-01-01 06:47:23+00:00,negatif
kalo begini jelas nih biar gak ada berita simpang siur.. ternyata gak seperti yang di liat yah,2025-01-01 06:47:08+00:00,negatif
Kl emg kyk gini berarti pak prabowo harus marahin ditjen pajak yg ngeluarin pernyataan kenaikan PPN 12% bukan kenaikan PPnBM. Gara2 pernyataan ini bnyk pelaku usaha yg udah naikin harga,2025-01-01 06:46:59+00:00,negatif
😁,2025-01-01 06:45:46+00:00,positif
min cape yah milj,2025-01-01 06:45:11+00:00,netral
"Bisi aya nu t bisa maca khusus anak abah,kdieu ku aing d ajarkn maca",2025-01-01 06:44:48+00:00,netral
SELAMAT TAHUN BARU PAK PRESIDEN PRABOWO PEMIMPIN YG HEBAT SEMOGA SUKSES INDONESIA KUU AMIIIN YA ALLAH AMIIN 🤲🤲🤲🤲✌✌✌✌🥰🥰🥰🥰🥰,2025-01-01 06:44:17+00:00,positif
harga sembako dan pangan tolong di turunin pak 😭😭😭kami sangat menjerit dengan ekonomi saat tp apa2 harga naik,2025-01-01 06:44:08+00:00,negatif
yang sabar ya min menghadapi manusia yang jumlahnya lebih dari 50 juta ini🙂,2025-01-01 06:44:01+00:00,negatif
diamond naik oy,2025-01-01 06:43:35+00:00,negatif
"min cepat lobi ,kita ,kita main papji..",2025-01-01 06:43:33+00:00,negatif
✌✌✌✌menyala pak PRESIDEN kuu prabowo PRESIDEN yg Terbaik untuk Rakyat yg MENDUKUNG muu kita2 Rakyat yg WARAS sangat bangga punya pak PRESIDEN PRABOWO PEMIMPIN YG HEBAT ✌✌✌🥰🥰🥰🥰🥰👍👍👍👍👍,2025-01-01 06:43:31+00:00,positif
hapus outsourcing pak,2025-01-01 06:42:51+00:00,positif
🥰,2025-01-01 06:14:21+00:00,positif
🗿,2025-01-01 06:14:08+00:00,positif
"kebutuhan pokok tiap tahun pasti ada kenaikan.. ga ada hubungannya dgn PPN ini
netizen terlalu heboh",2025-01-01 06:13:34+00:00,netral
😳,2025-01-01 06:13:33+00:00,positif
insyaAllah pemimpin yg baik akan di cintai oleh rakyat nya,2025-01-01 06:12:55+00:00,positif
detergen 4 kg dari 54 ribu skrg 73 ribu di shopee 🤣,2025-01-01 06:12:19+00:00,negatif
"Bilangin ke Wowo kalo bikin pengumuman jangan mepet hari H, kasih tau yaah ke Wowo tagihan wifi jd naik padahal bukan kelompok barang mewah",2025-01-01 06:11:53+00:00,negatif
Tp pak aku perusahaan retail udh naik per hari ini harga ny karna ppn 12%,2025-01-01 06:11:46+00:00,negatif
masyaalloh pak prabowo,2025-01-01 06:11:17+00:00,netral
🥰,2025-01-01 06:11:12+00:00,positif
YEY,2025-01-01 06:10:54+00:00,netral
min lapor kenapa di lombok timur harga pupuk sampai 275 per Zak mana pupuk susah dicari kalok nggak masuk kelompok tani,2025-01-01 06:10:53+00:00,negatif
emosi gua sumpah baca komentar di akun Gerindra😌 udh di jelasin yg naik apa aja masih pada tantrum..,2025-01-01 06:10:47+00:00,negatif
kirain pajak turun seperti negara Vietnam?😏,2025-01-01 06:10:45+00:00,negatif
min jasa joki ml berarti ada pajaknya,2025-01-01 06:10:43+00:00,positif
ini pemerintah ga ada rencana bersih2 warga negara ya? di sortir aja di sortir gemes bgt aku bacain komen 😭🙏,2025-01-01 06:10:43+00:00,negatif
kopi kenapa ikutan ppn 12%😭,2025-01-01 06:10:35+00:00,negatif
"min gimana caranya agar harga barang pokok pemerintah yg mengatur. seperti telur yg tiap hari berubah harganya, daging, sayur mayur, dll",2025-01-01 06:10:16+00:00,positif
"untuk para tki yg mau pulang..tolong di awasi..di bandara pajak gila""an..min",2025-01-01 06:10:02+00:00,negatif
@geraldvincentt ini bang buat jga,2025-01-01 06:09:51+00:00,positif
"baguslah diperjelas, biar ga makin banyak org miskin yg fomo PPN 12%",2025-01-01 06:09:25+00:00,negatif
sehat selalu pak prabowo🥰 panjang umur pak🥰,2025-01-01 06:09:23+00:00,positif
berarti alat elektronik seperti gadget dan laptop gaa naik yaa min raa? @partaigerindra,2025-01-01 06:09:18+00:00,negatif
LC nai gak min?haduhh,2025-01-01 06:08:36+00:00,negatif
min berantas penipuan yg di telegram min. sy abis 20jt ditipu 😭😭😭😭,2025-01-01 06:07:53+00:00,negatif
"kalian yg dikota masih mending Upeti dinaikan terus tpi infrastrukturnya dikota bagus, lah kami yg didesa juga dikenakan Kenaikan Upeti juga, tpi infrastruktur ga dipikirin jalan rusak dimana"" dan akses kesehatan BPJS juga dibatasi 😭",2025-01-01 06:07:51+00:00,negatif
😁,2025-01-01 06:07:49+00:00,positif
"min di daerah Nganjuk bagian desa masih banyak jalan rusak tpi adem ayem bertahun"" soalnya penduduknya banyak yang tidak main sosial media ..apa lagi daerah desa Plosok ..daerah Sukomoro Sampek ada yang benahi sendiri warganya",2025-01-01 06:07:08+00:00,negatif
💯,2025-01-01 06:06:55+00:00,positif
yakin min??,2025-01-01 05:38:31+00:00,negatif
"minn, top up berarti enggak kena kan yaaaa??!! 😻😻😻",2025-01-01 05:38:27+00:00,positif
🗿,2025-01-01 05:38:23+00:00,positif
rokok kena PPN gk,2025-01-01 05:38:21+00:00,netral
"pesawat udara harus turun, aku mau ketemu mama terus🥰",2025-01-01 05:37:43+00:00,negatif
"min sidak nanti pabrik pabrik yg naikin harga kayak mie,beras premium minyak goreng premium harga nya udah pada di luar nurul",2025-01-01 05:37:38+00:00,negatif
😁,2025-01-01 05:37:28+00:00,positif
"pak, gaji saya 4 tahun ga naek² masih 2.500.00 aja di retail, padahal saya jabatannya admin cabang tapi gajinya sama kaya SPG/SPB gaada jaminan sbgai admin yg ngurus semua²nya 😭 Gajinya disamain cabang daerah, padahal dijakarta Toko L didaerah toko M sama S 😭 UMR dijakarta ga berlaku😭",2025-01-01 05:37:21+00:00,negatif
"min tiket KAI udah naik, yg harganya 260 skrng udah 330 💔 sedih bgt ldm sama suami tapi tiket KAI juga naik",2025-01-01 05:37:07+00:00,negatif
"rokok ppn nya naik 9,9% jadi 10,8% , tarif cukainya juga naik hadehhh",2025-01-01 05:36:52+00:00,negatif
"tapi beberapa toko udah ditetepin 12% ppn nya, yang bnr gimana iniiu",2025-01-01 05:36:03+00:00,negatif
"min, saya mau beli gem (diamond) di game COC, kena kenaikan PPN dari 11% ke 12%, apakah gem coc termasuk barang mewah min? mohon penjelasan",2025-01-01 05:35:38+00:00,negatif
budayakan membaca caption yak anak abah.,2025-01-01 05:35:29+00:00,positif
masa sih pak,2025-01-01 05:34:51+00:00,netral
min tambahin lagi libur sekolah,2025-01-01 05:34:49+00:00,negatif
Harga ppn obat dari PBF naik 12% jadi obat termaksud barang mewah dong?,2025-01-01 05:34:33+00:00,negatif
"duh kenapa di bikin khawatir dulu sih min, makasih loh plotwist nya",2025-01-01 05:33:44+00:00,negatif
alhamdullilah...next dollar dong,2025-01-01 05:33:34+00:00,negatif
"min sarang bulan puasa libur sekolah 2 minggu sebelum puasa, 1 minggu setelah lebaran",2025-01-01 05:33:32+00:00,negatif
"pdhl mah harga2 pada normal, cuma rakyat2 lawak yg manfaatin keadaan dgn modus ppn 12%, jdi harganya seenaknya dinaikin, pdhl mah harganya normal",2025-01-01 05:33:21+00:00,negatif
🥰,2025-01-01 05:32:52+00:00,positif
Tolong disidak ke pasar pasar harga nilai jual sembako gak dinaikkan. Bisa jadi mereka gak paham.,2025-01-01 05:32:49+00:00,negatif
PARA BUZZER PADA KELUAR😂,2025-01-01 05:32:38+00:00,positif
min napa senjata ga di jual di indo pengen beli,2025-01-01 05:32:15+00:00,negatif
Wifiii aku knpa naiikk woii😭😭😭,2025-01-01 05:32:11+00:00,negatif
BACA BACAAAA IQROOOO ANAK WABAH IQROOOOOO!!!! PPN ITU UNTUK BARANG MEWAHHH!,2025-01-01 05:32:03+00:00,negatif
"ya Allah admin gerinda niat banget dah sampe harus bikin caption 😹😹, semangat terus deh buat semua orang termasuk admin gerinda",2025-01-01 05:31:57+00:00,negatif
"min, pensiunan jadi naek gaji kah? mamiku gundah karna ada rumor bakal naik per 1 januari ini😭",2025-01-01 05:31:55+00:00,negatif
"inpo bakar"" min",2025-01-01 05:31:47+00:00,negatif
sehat trus Pak 😇🙏,2025-01-01 05:31:04+00:00,positif
"Is the best min,semoga tahun ini uang panai ndk naik😔",2025-01-01 05:05:10+00:00,positif
min anak q mau masuk SMA sebagai org kecil kdg was2 anak q gak bisa sklh dg baik krna keterbatasan ortu nyaa....smoga SMA negeri gak mahal2 bayar nyaa😇🤲🙏,2025-01-01 05:05:02+00:00,positif
tp wifi iconnet naik ppn nya pak🥹🫵🏼 tolong wkwkwk,2025-01-01 05:04:56+00:00,negatif
"tolong bilangin ke bpk supaya pendaftaranya jgn tebang pilih, sekiranya bila memang bukan lulusan unhan bila mereka mampu mengikuti seleksi dan nilainya mencukupi.",2025-01-01 05:04:54+00:00,negatif
min. sampaikan ke pak pres tolong hapuskan juga itu yg namanya biaya admin di setiap pembayaran/ transaksi apapun karena sering membebani masyarakat 😁,2025-01-01 05:04:50+00:00,positif
plsss pak probowo pajak sushi jangan naik yaaa? 🥺🥺🥺🥺😭😭😭🙏🙏🙏🙏,2025-01-01 05:04:47+00:00,netral
mtr masuk kan ppnbm tu,2025-01-01 05:04:37+00:00,positif
itu masang internet Widi Indihome kena pajak 11%tiap bulan. gmna itu. ?,2025-01-01 05:04:16+00:00,negatif
semoga sehat selalu bapak jendral🥰,2025-01-01 05:04:07+00:00,positif
tapi kayanya pada naek loh,2025-01-01 05:03:54+00:00,netral
BARANG MEWAH APAAN DM ML 3.000 AJA KENA PAJAK 12%😂😂,2025-01-01 05:03:51+00:00,negatif
"Min saya juga pedangan,,tapi semua barang hampir naik semua di faktur udah mulai naik jadi 12%,,mana sekarang penjualannya juga jelek,,banyak pedagang yang gulung tikar ...
tolong lah cari jalan keluar biar usaha biasa berjalan seperti biasa lagi 🙏🙏🙏🙏",2025-01-01 05:03:42+00:00,negatif
cex kok ikut naik min apakah termasuk mewah?,2025-01-01 05:03:21+00:00,negatif
"apa jasa internet juga termasuk jasa mewah?? baru aja di email salah satu provider katanya naik 12% juga per bulan ini,mohon di cerahkan!!!",2025-01-01 05:02:57+00:00,negatif
min saya pelaku usaha UMKM . konter hp. kok harga modal token PLN . pulsa . voucher Kouta naik semua . apa kah itu barang semua,2025-01-01 05:02:55+00:00,negatif
🙏,2025-01-01 05:02:33+00:00,positif
biar makin paham 😅🤭,2025-01-01 05:02:32+00:00,negatif
"Berat bgt tugas admin gerindra kena spam media sana sini, semangattt minn 5 tahun kedepan 😭😭😭🙏🏻🙏🏻🙏🏻",2025-01-01 05:02:21+00:00,positif
"Pak probowo tolong Bantu perhatikan dan perhatian kepada Gaji Gaji Anak Faskes dan Nakes , masih Ada banyak Yang terima 1,5 juta Perbulan , padahal biaya kuliah Mahal",2025-01-01 05:02:20+00:00,positif
"pak Presiden, semoga libur Natal ditambah harinya",2025-01-01 05:02:08+00:00,positif
😹,2025-01-01 05:01:34+00:00,positif
"gua yakin hari ini barang mewah, nanti kebutuhan pokok juga akan kena.tinggal tunggu waktu aja. karena satu barang naik,yg lain juga ngikut",2025-01-01 05:01:25+00:00,negatif
demi kesehatan anak bangsa menuju generasi emas. jd sulit untuk ikut tes karna kami mendaftar itu ijasah kami di sortir jd yg di utamakan hanya yg dr unhan saja,2025-01-01 05:01:18+00:00,negatif
mindraaaaaaaa @gerindra salam in buat bapak ya pliss🥺🙏 semoga bapak sehat selalu di luaskan sabarnya selama jadi bapak kita semua . barakallah pak😭❤️,2025-01-01 05:01:12+00:00,negatif
"kalo cuma barang dan jasa yg mewah, kenapa sekarang semua nya udah pada naik semenjak kenaikan PPN?",2025-01-01 05:01:04+00:00,negatif
kenapa last minute banget? realitanya di lapangan perusahaan2 retail sudah pada menaikkan harganya,2025-01-01 05:00:59+00:00,negatif
😁,2025-01-01 05:00:58+00:00,positif
atur aja dah kan lu panitianya,2025-01-01 05:00:35+00:00,netral
min cape ya?,2025-01-01 05:00:01+00:00,negatif
bagaimana nasib honorer/non asn di th 2025 ini ? uu asn 20/2023 jelas bahwa tdk ad lgi honorer! lalu bagaimana nasib kita2 yg menjadi tenaga non asn ini min? tolonglh smpaikan kepada pak presiden.,2025-01-01 05:00:00+00:00,negatif
biaya iklan di sh*p** (oren) udah 12% aja min. gimana ga mau naik harga meskipun produk umkm 😭 @partaigerindra,2025-01-01 04:38:42+00:00,negatif
dan yg sering koar koar pun mereka yg hidup mewah d sebuah apartemen 🤣 lucu kan ?,2025-01-01 04:38:25+00:00,negatif
"pemerintah udah denger banget keluh kesah masyarakat, padahal yg bikin uu tsb beberapa tahun kemarin sebelum pemerintahan yg sekarang.
Doa saya 2025, ya Allah kalaupun harga barang naik atau tambah mahal, mampukan kami utk membelinya dr pada harus capek2 ngoyo.",2025-01-01 04:38:13+00:00,negatif
Tapi masalahnya pak malah semua naik pajak’a jadi 12%bahkan obat2 an juga naik pajak’a 12%😢,2025-01-01 04:37:32+00:00,negatif
min sekolah anakku dikit2 bayar buku bayar ektra bayar 😌,2025-01-01 04:37:20+00:00,negatif
ehhh transfer ke beda bank potongannya jd 6.500 bjir,2025-01-01 04:37:18+00:00,negatif
"sekian lama debat sama haters pak prabowo , noh dengerin noh",2025-01-01 04:36:58+00:00,negatif
🙏,2025-01-01 04:35:49+00:00,positif
Mantapp,2025-01-01 04:35:40+00:00,netral
EHHH SUMPAHHH!!! BIO CHEF ARNOLD UDAH DIGANTI 3 KALI SUMPAHH!!😭,2025-01-01 04:35:38+00:00,negatif
🥰,2025-01-01 04:35:19+00:00,positif
Semen kategori barang mewah min? Ini per 2 januari ada perubahan harga dengan berlakunya kenaikan ppn 12%,2025-01-01 04:35:08+00:00,negatif
MAHASEWA BAYARAN KUMPUL DISINI APA KAGAK????,2025-01-01 04:34:39+00:00,negatif
apakah pajak kendaraan pribadi seperti motor dan mobil juga naik?,2025-01-01 04:34:38+00:00,negatif
pembhong orang top up saldo iklan marketplace aja kena 12% wkwkwk,2025-01-01 04:34:34+00:00,positif
min main blood strike gk?,2025-01-01 04:34:21+00:00,negatif
"barang mewah?? gua jualan di oren,ads nya kena pajak 12% itu. Trus dari mana mewah nya?",2025-01-01 04:33:59+00:00,negatif
min knp akun ff ku gk sultan sultan😭,2025-01-01 04:33:54+00:00,positif
prettt,2025-01-01 04:33:43+00:00,positif
"itu cm buat brg² mewah kek privat jet dll yg pd punya privat jat aja ga seberisik kalian yg gapunya tp sok²an protes ppn naik
sadar diri napa dah😭",2025-01-01 04:33:40+00:00,negatif
"mana nih netizen yang kemaren banyak komentar minim pengetahuan. minimal jangan suudzon Mulu kerjaannya, orang suudzon matinya suul khotimah loh",2025-01-01 04:33:38+00:00,negatif
terima kasih kepada mahasiswa dan para masyarakat yg demo kenaikan ppn 12 persen karena berkat kalian yg demo akhirnya ppn ga jdi naik,2025-01-01 04:33:22+00:00,negatif
"ya fix mahasiswa yg kemarin demo itu jelas bner2 ada yg bayar ""sok2an teriak2 demo suara rakyat"" tapi dibayar buat pengalihan isu korupsi 300T 6,6tahun mahasewa2",2025-01-01 04:33:14+00:00,negatif
Gerindra g nya apa?,2025-01-01 04:33:02+00:00,negatif
"pasar2 udah panik langsung naikin harga, padahal belum juga berlaku fakkk",2025-01-01 04:32:50+00:00,negatif
"apa iya yg naik cuma barang mewah, bahan Pokok ga naik mustahil bgt kalo ga ikut naik petaninya kesian harga rendah mulu dong",2025-01-01 04:32:44+00:00,negatif
min kalau kendaraan bermotor yang kena ppnbm scoopy beat yg cc nya 110c kena pajak 12% juga ?,2025-01-01 04:32:44+00:00,negatif
Sehat selalu min✨,2025-01-01 04:32:32+00:00,positif
realitanya makan roti aja naik 😭😭. makan di caffe kecil di bandung aja ppn naik dan ada charge service juga 😭,2025-01-01 04:32:27+00:00,netral
min pmbelian mtor Bru kena pajak opsennya gede bgt...kan mtor digunakan buat klngn mnengah kebawah min,2025-01-01 04:08:43+00:00,negatif
"udah di jelasin sedetail itu di caption ga mungkin masih ada yg ga paham kan? khawatir ga sampe ke otak nya anak abah, mereka kurang paham penjelasan tapi gacor men judge pemerintahan aja soalnya.",2025-01-01 04:08:31+00:00,negatif
@Ayovv,2025-01-01 04:08:30+00:00,positif
Min ini komponen pc masuk gk🙃 gw mau upgrade pc tambah mahal sat😿,2025-01-01 04:08:28+00:00,negatif
min gimana caranya dia bisa kembali lagi min?,2025-01-01 04:08:26+00:00,negatif
@bimo:2025 ganti rakyat🗿🗿🗿 presiden udah bener tinggal rakyatnya aja yg blm,2025-01-01 04:08:26+00:00,negatif
orang bilang ppn semua naik 12% fomo bgt deh,2025-01-01 04:08:19+00:00,negatif
rakyat udh percaya ke @gerindra makanya banyak di tag 😁 semangat min 💪🏻💪🏻💪🏻💪🏻,2025-01-01 04:07:58+00:00,negatif
Bapakku I love youuuuu🥰🥰🥰,2025-01-01 04:07:58+00:00,positif
😉,2025-01-01 04:07:36+00:00,positif
"sekarang duit 100 rb ga cukup sehari min, karna skrg serba pada naik pusing min
sebagai ibu rumah tangga
semoga harga sembako dll nya bisa turun🤲",2025-01-01 04:07:32+00:00,netral
🥺,2025-01-01 04:07:18+00:00,positif
njay kurang jelas apa lagi ini woy knp ga ganti rakyat saja pak,2025-01-01 04:07:09+00:00,negatif
"Wkwkwk kok bisa yaa ngasih tau pembatalannya dadakan banget, pantes aja investor pada lari ke vietnam atau thailand, soalnya gak jelas gini. Tetep kawal terus, sewaktu-waktu bisa berubah😩👍",2025-01-01 04:06:53+00:00,negatif
"setuju pak.yg kya"" dan suka yg bermewah"" pak.",2025-01-01 04:06:50+00:00,positif
"sikit²demo masyarakat,liat nih penjelasan presiden 🔥",2025-01-01 04:06:44+00:00,netral
😅,2025-01-01 04:06:36+00:00,positif
Sehat selalu pak yah. 🥹 Muak bangat dgn sebagian org yang posting soal ppn 12% mengiring opini. Muak bangat dgn org seperti itu padahal belum dngr penjelasan dari bapak Prabowo. Sehat selalu pak 🥹🤲,2025-01-01 04:06:22+00:00,netral
Baca captionnn woy😭,2025-01-01 04:06:06+00:00,positif
😭,2025-01-01 04:05:58+00:00,positif
berarti pajak KZR aman ya min,2025-01-01 04:05:56+00:00,negatif
tapi min pbf obat beberapa naik jadi 12% pajak nya😭,2025-01-01 04:05:33+00:00,netral
"😌 rakyat belanja kepasar, kalau kalian para pejabat kan ke Mall 🗿",2025-01-01 04:05:32+00:00,positif
kalo 300t buat subsidi rakyt mslh pajak mngkn lbih ringan ya,2025-01-01 04:05:14+00:00,negatif
bisa gak ya pakai d4c love train,2025-01-01 04:05:12+00:00,positif
"yakin ga ada yg naik ? ntar juga naik pelan"". tinggal tunggu aja",2025-01-01 04:05:03+00:00,negatif
"duh untung dari kemaren diem aja gak sibuk koar-koar bikin story tolak PPN 12%, gimana nih anak kuliah yang ikut organisasi dan udah koar-koar bahkan ampe demo, kicep lu🤣",2025-01-01 04:05:02+00:00,negatif
Kaya nya yg komen2 aneh gk full baca Caption nya...😂😂,2025-01-01 04:04:49+00:00,negatif
"hakim di turunkan yang vonis 6,5thn benar min?",2025-01-01 04:04:28+00:00,negatif
😳,2025-01-01 04:04:25+00:00,positif
"yeayy,makasih ya p.prabowo,semoga selama p.prabowo menjabat,negeri ini menjadi maju,berkah,dan amanah",2025-01-01 03:44:20+00:00,positif
"menteri""nya udh siap dilatih lawan mafia yg naikin harga gak? apa mereka ikutan ngikutin naikin harga dibelakang?",2025-01-01 03:44:19+00:00,negatif
😁,2025-01-01 03:44:13+00:00,positif
mindraa makasi yaa captionnya sedetail itu💖,2025-01-01 03:44:04+00:00,negatif
"THANK U PAK ATAS KEJELASAN INFONYA😍 SEHAT TERUS YAA, SEMOGA TUMBUH REJEKI DI SELA SELA SABARMUUU❤️ILYSM
(NO BUZZER YA NJENG)",2025-01-01 03:43:57+00:00,positif
I LOVE YOU PAKKK,2025-01-01 03:43:40+00:00,positif
"menurut saya lebih baik bapak check para pengusaha yang masih membayar karyawan dibawah UMK, ppn naik karyawan gajinya semakin lama yg di offer 3jtan😂",2025-01-01 03:43:35+00:00,negatif
"buat peraturan kok dipangkas2, tegas ya tegas boss jangan tegas nggak tegas nggak",2025-01-01 03:43:33+00:00,negatif
"giliran pemerintahnya bener rakyatnya agak²😭😭😭😭😭 ayo la we sadar
pemerintah itu mau mensejahterakan rakyat ga lain dan g bukan",2025-01-01 03:43:27+00:00,negatif
Cascading effect adalah,2025-01-01 03:43:06+00:00,netral
"min tolong sampaikan tolong kasih kami libur sklh selama 1 bln pas puasa😭soal nya kalau sklh capek min trs haus sm laper kalau kumpul sma teman""",2025-01-01 03:42:58+00:00,negatif
"kenapaa penjual online di shopee ikutt naikk min pajakk nyaa.
padahal gak di sebutin di atas 😭😭",2025-01-01 03:42:56+00:00,negatif
semangat min🥰,2025-01-01 03:42:51+00:00,netral
Oke JOSSSS 🔥🔥🔥,2025-01-01 03:42:45+00:00,netral
kaloo beli hp dapat pajak gaa?? nanti pas kls 12 mau ganti hp capekk make redmi 9c pakk 😔💔,2025-01-01 03:42:35+00:00,negatif
"Yg pada ngasal ngetik ga baca caption mesti nih padahal mindra udh ngetik panjang x lebar x luas😌
Pahami betul² tuh captionnya",2025-01-01 03:41:46+00:00,negatif
"pasti barisan sakit ati belike"" harga sembako juga naek"" hadeuhh dr dulu juga KLO mau akhir taon,mnjelang puasa&hari raya pasti harga naek keleus tuh hal yg wajar Jd jgn salah2in presiden Mulu lah",2025-01-01 03:41:45+00:00,negatif
"min tapi langganan game, tv,movie dll itu bukan yg disebutin barang mewah sekarang udah 12% tak kirain tetep 11%",2025-01-01 03:41:41+00:00,negatif
Wahhhh kurang uaasemmm toko sembako deket rumahku pada ganti harga naik semua😭,2025-01-01 03:41:39+00:00,negatif
😁,2025-01-01 03:41:26+00:00,positif
min @partaigerindra Internet jgn naik ppn please🙏🥺 sehat2 pak prabowo 🥰🥰🥰🥰🥰 3x nyoblos bapak akhirnya bisa liat bapak jd presiden🙏,2025-01-01 03:41:26+00:00,negatif
"min kalo ppn nya naik selain yang di cantumkan di capt, itu di laporkan ga?",2025-01-01 03:41:22+00:00,negatif
🥰,2025-01-01 03:41:07+00:00,positif
"yg komen beras dn kbutuhan pokok naik gara gara ppn naik. tetep aja ngeyel ya pdhl uda pjg lbr dijlskan. kdg cape x aku, knpla ttp buta utk membaca dn tuli utk mendengar😭",2025-01-01 03:41:04+00:00,negatif
"min tiket kereta udah dinaikan harganya soalnya masih dikira udah naik ppn nya min, tolong harga tiket kereta nya di turun kan lagi min",2025-01-01 03:41:00+00:00,negatif
"diskon 50% untuk pelanggan listrik di bawah 2200VA maksudnya gimana min, apak misalnya kalo beli token listrik 100rb, maka akan dapat dua kali lipat dari yang ang di beli...?",2025-01-01 03:40:51+00:00,negatif
Pak tapi harga sembako pada naik 🥲,2025-01-01 03:40:46+00:00,netral
semua naik 😄,2025-01-01 03:40:45+00:00,negatif
"> negara buat kebijakan tanpa konsiderasi naskah akademik
> ditolak keras masyarakat & akademisi
> tetap maksa sampe nyewa bajer
> makin keras ditolak
> h-1 direvisi, bikin chaos kelompok usaha &",2025-01-01 03:40:41+00:00,negatif
agen sembako kena ppn 12% 🗿,2025-01-01 03:40:37+00:00,negatif
Min tolong sampein ke bapak Presiden kalo bisa tolong diganti aja rakyat Indonesia😑,2025-01-01 03:22:09+00:00,negatif
"min , cara melupakannya gimana min?? tutor min",2025-01-01 03:22:08+00:00,negatif
kalo wifi gimana min? soalnya udh naik ppn 12% aja,2025-01-01 03:21:59+00:00,negatif
malu banget sih kalo udah ikut demo,2025-01-01 03:21:49+00:00,negatif
tarif wifi juga ikut naik weh😭,2025-01-01 03:21:43+00:00,negatif
min @gerindra happy new year 🥳🎉,2025-01-01 03:21:25+00:00,positif
Lop you pak Prabowo nikahin aku dong sama ayang Didit😂😂,2025-01-01 03:21:19+00:00,negatif
Sehat selalu pak prabowo🥹🫶🏻,2025-01-01 03:21:14+00:00,positif
@Bali paradise tour and travel,2025-01-01 03:21:01+00:00,positif
minn voucher paket data jan sampai naek,2025-01-01 03:20:51+00:00,positif
Tuh liat yang kemaren protes2,2025-01-01 03:20:49+00:00,negatif
min emang rakyat Indonesia mudah terprovokasi kebanyakan micin 😭,2025-01-01 03:20:41+00:00,negatif
"terimakasih banyak minn
🤗",2025-01-01 03:20:40+00:00,negatif
capek bgt jadi mindra kyknya😂,2025-01-01 03:20:28+00:00,negatif
MANA YANG RIBUT PPN NAEK? TONTON INI PAKE MATA AMA TELINGA LORANG!,2025-01-01 03:20:23+00:00,negatif
"min boleh usul dikit gak, di era pk prabowo ciptain dong samsat sekali seumur hidup kasian yg ekonomi dibawah punya kendaraan buat kerja banyak pengeluaran😭",2025-01-01 03:20:18+00:00,negatif
"gays literasinya tolong, kasian adminnya😔",2025-01-01 03:20:14+00:00,netral
min bagusan mana Vario Ama beat🗿,2025-01-01 03:20:05+00:00,positif
kalo beli kapal selam gak kena PPnBM ya min🗿👍🏻,2025-01-01 03:19:48+00:00,negatif
"bener ya? udh asli nih?
alright, sekarang tugas hujat saya selesai",2025-01-01 03:19:31+00:00,negatif
"itu kan contohnya min dicaption, kalo untuk tau list yg terdaftar apa aja dimana ya liat nya? Jaga-jaga buat ngehindarin oknum² tertentu yg suka nakal😅.",2025-01-01 03:18:45+00:00,netral
Kalian udah ngisi token belum ?🤣,2025-01-01 03:18:43+00:00,negatif
"Min apakah barang barang yang di jual seperti gadget, elektronik akan mengalami kenaikan 12% ?",2025-01-01 03:18:13+00:00,negatif
gula tolong turunin sama harga minyak kasian pedagang UMKM untung nya dikit harga pengen murah 😭,2025-01-01 03:17:57+00:00,negatif
mimin pernah typo ngga?,2025-01-01 03:17:46+00:00,negatif
🥰🥰🥰,2025-01-01 03:17:17+00:00,positif
siap bapak. terimakasih atas informasinya 🙏,2025-01-01 03:17:07+00:00,negatif
min ibu ku di culik duda muda 😪,2025-01-01 03:17:06+00:00,negatif
😁,2025-01-01 03:17:04+00:00,positif
🥰,2025-01-01 03:16:53+00:00,positif
ya kali wifi naek juga min ppn nya?,2025-01-01 02:58:40+00:00,negatif
semen.bata ringan dan bahan bangunan kok ikut naik ya min!!,2025-01-01 02:58:03+00:00,negatif
"yg benci mah tetep ketutup aja hatinya wkwkw pd nyangkanya di prank. Lah, bukannya alhamdulillaah. Lagian dr awal dgr beritanya ppn 12% yg naik itu cuma buat barang-barang yg mewah atau yg mempunyai daya nilai jual yg miliaran.",2025-01-01 02:58:02+00:00,negatif
jadi yg kerja pabrik ttp potong ppn 12% gak? kan ga mungkin naik jet😭,2025-01-01 02:57:46+00:00,negatif
"kasihan @partaigerindra buat caption sepanjang tali beruks ,TPI GK di baca ,asal komen ,yg penting komen begitu la deterjen",2025-01-01 02:57:19+00:00,negatif
🥰,2025-01-01 02:57:17+00:00,positif
😁,2025-01-01 02:57:16+00:00,positif
"noh liat, makanya kalo berita belum jelas kaga usah koar"" deh. tuh DENGERIN, BACA INFORMASI DETAILNYA .terima kasih ya Pak, semoga bapak sehat selalu. aamiin",2025-01-01 02:57:04+00:00,negatif
"Gausah pada heboh, yg naik barang mewah, yg pada protes itu belum tentu pakai fasilitas mewah 😂😂😂",2025-01-01 02:57:04+00:00,negatif
"Mau nanya mindara, klw ada sembako dan kbutuhan lainnya yg di naikin pdagang, boleh aku taq yah si abng mindra, soalnya udah bbyak tuh pedagang2 yg nakutin rakyat mau naikin harganya🙏",2025-01-01 02:56:53+00:00,negatif
"terimakasih bapak sudah memperdulikan kami rakyat kecil yg gaji cuma umr , semangat pak walaupun masih banyak org dengan sdm rendah mengujar kebencian kpd bapak 🔥",2025-01-01 02:56:38+00:00,negatif
Semangat presiden kU 🥰🥰,2025-01-01 02:56:36+00:00,positif
Indonesia lagi BU😳,2025-01-01 02:56:34+00:00,positif
Siiapp jendralll🫡,2025-01-01 02:56:25+00:00,netral
"Ikutan repost aja dah , yg ptg kompor ttp nyala dan sembako ga naik ..sama uang skolah 🤭😂😂😂😂",2025-01-01 02:56:23+00:00,negatif
MANA YA YANG KEMARIN KOAR”???MANA??HILANG KALIAN KAN??,2025-01-01 02:56:21+00:00,negatif
🥰,2025-01-01 02:56:15+00:00,positif
😁,2025-01-01 02:56:15+00:00,positif
Menyala kesayanganku 🥰🥰🥰 luvvv yuuuu pulllll pak presidenku,2025-01-01 02:56:07+00:00,positif
harga sembako yakin min gak naik????? @gerindra,2025-01-01 02:56:03+00:00,negatif
@OFFCIALL SCOPPY:PASTI BANYAK PIKIRAN PAK PRABOWO🙁🙁,2025-01-01 02:55:59+00:00,netral
kasih paham min 😎😎😎😎 .,2025-01-01 02:55:47+00:00,negatif
Tuan kostku tiba” naikkan harga kost min jadi pusing atur keuangan😭,2025-01-01 02:55:43+00:00,negatif
apakah listrik jadi dpt diskon?,2025-01-01 02:55:42+00:00,negatif
"min, mending beli zx25R atau R6🗿",2025-01-01 02:55:38+00:00,negatif
"Indonesia minim literasi, liat caption kocak😹",2025-01-01 02:55:28+00:00,negatif
Kalo cicilan rumah harga di bawah 30M gmna?? Soalnya udh ada pemberitahuan kalo naik karna pajak naik 12%,2025-01-01 02:55:26+00:00,negatif
media itu tukang kompor kalau gk gitu dia gk ada tayangan yg bikin rakyat cemas dan heboh,2025-01-01 02:55:24+00:00,negatif
"di pikiran rakyat kecil tuh...mau nya tuh pak apa""serba murah.lapangan kerja bnyak..kalau sya suruh memilih..enk jaman pak harto apa""murah kerja gampang..korupsi dikit..yg ngelawan.ada petrus..kpn bisa gitu lgi ya🤔🤔😁😁😁",2025-01-01 02:55:10+00:00,negatif
wifi masuk gk min?,2025-01-01 02:55:00+00:00,negatif
"budayakan membaca caption sebelum komen biar paham woi.kalau 1 kali baca belum paham, bacalah berulang berulang. jgn asal komen!",2025-01-01 02:38:27+00:00,negatif
tapi sembako pada naik,2025-01-01 02:38:24+00:00,netral
hayolooo yg kemarin berisik 12%,2025-01-01 02:38:23+00:00,negatif
I love you pakkkk❤️,2025-01-01 02:38:21+00:00,positif
anehnya ya bahan sembako naik orng² bnyak protes sedangkan rokok sering naik orang² pada diem gak ada yg protes,2025-01-01 02:38:19+00:00,negatif
"hanya untuk barang mewah tp kendaraan niaga hanya dimiliki pengusaha termasuk barang mewah, sembako diangkut pakai apa klo ga pake truk (kendaraan niaga) apa sembako juga ga ikut naik",2025-01-01 02:38:17+00:00,negatif
"saya beli jajan di Alfamart PPN kena 5,890🗿",2025-01-01 02:38:07+00:00,positif
"pak Prabowo nya sih udah jelas niat dan maksudnya apa juga bagaimana, cuma di lapangan hal2 yang sudah tersebut dalam caption di atas juga latah ikutan naik denga dalih PPN naik. gimana cara mengedukasi manusia2 yang ga paham maksudnya bapak yaaaa😭😭😭",2025-01-01 02:38:05+00:00,negatif
HOAXX HAHA SEMUA NYA NAEK,2025-01-01 02:38:02+00:00,negatif
BACA CAPTION OY BACA CAPTION,2025-01-01 02:38:01+00:00,netral
@kimikai @🦩,2025-01-01 02:37:56+00:00,positif
tp klau kita belanja bahan pokok di indomaret/alfamart kena pajak ppn pak😭,2025-01-01 02:37:45+00:00,negatif
tuh udah keluar pemberitahuan nya . habis ini jangan pada ambil kesempatan naikin harga kesian ibu ibu di rumah dapur nya nanti ga ngebul 😁,2025-01-01 02:37:44+00:00,negatif
kalo sembako naik bukannya karena inflasi ya? atau gimana... (masih sekolah jadi ga begitu paham),2025-01-01 02:37:36+00:00,negatif
"bangga Dengan presiden Sekarang, ND sia sia aku coblos 🥺🥺",2025-01-01 02:37:35+00:00,negatif
kok harga ip naik sih min😭😭,2025-01-01 02:37:34+00:00,negatif
kenapa ga bilang PPnBM aja? kenapa harus PPN? bikin huru hara saja,2025-01-01 02:37:29+00:00,negatif
min turunin harga rokok dong,2025-01-01 02:37:25+00:00,negatif
asik mie instan gk jadi naik😁,2025-01-01 02:37:24+00:00,netral
🔥🔥🔥🔥🔥🔥🔥🔥,2025-01-01 02:37:16+00:00,positif
mengesahkan uu perampasan aset koruptor buka memeras darah dan keringat rakyat lewat PPN 12%. klo gk mau di kritik jangan jdi pejabat🤣🤣🤣,2025-01-01 02:37:12+00:00,negatif
pak minyak mahal☹️,2025-01-01 02:37:09+00:00,positif
min kenapa lazadaku ongkirnya 20k pdhl sudah pake voucher,2025-01-01 02:36:58+00:00,negatif
"""saya akan kejar koruptor walaupun lari ke Antartika sekalipun"" dikejar doang pak ga di apa""in?",2025-01-01 02:36:57+00:00,negatif
anak Abah pasti ga nngok ni,2025-01-01 02:36:56+00:00,negatif
"iya dkalimantan selatan jg serba naik ..pajak toko ,sampai byr karcis kebersihan dan keamanan jg dnaikkn.. pdhl usaha lg sepi2 nya.. semua nya mlah pd naik.kebutuhan pokok ,sembako dll. jd besar pengeluaran ketimbang pemasukan😢😢",2025-01-01 02:36:53+00:00,negatif
yey terimakasih pak prabowo 🥰,2025-01-01 02:36:38+00:00,negatif
yang belum beli token pulsa segera beli cuy dapet tambahan token,2025-01-01 02:36:29+00:00,negatif
token naik cuk,2025-01-01 02:36:13+00:00,positif
"Nyampe pasar semua harga naik, karna pajak naik kata yang dagang 😭 gimana itu min, mangkin ke sini mangkin gak masuk akal, harga minyak juga mangkin naik",2025-01-01 02:36:04+00:00,negatif
potongan pajak gaji besar apa dampak dari ppn12%,2025-01-01 02:23:20+00:00,netral
Alhamdulillah untung rumah gua KPR🤣,2025-01-01 02:23:10+00:00,negatif
"cek lapangan pak, ga sesuai",2025-01-01 02:23:06+00:00,positif
"yang saya herankan kepada para mahasiswa kenapa saat perampasan aset kok ga demo giliran ppn12% gila gilaan ngedemoe, ada uang kah",2025-01-01 02:23:02+00:00,negatif
min gaji guru honorer naik gak ? semoga di jawab,2025-01-01 02:23:01+00:00,negatif
Min info ganti warga aja 🤭,2025-01-01 02:22:52+00:00,positif
"min gimana tuh 271T 6,5 tahun?",2025-01-01 02:22:47+00:00,negatif
min sehat sehat ya min hepi nu yer ya min. 🥺🥺🥺🥺,2025-01-01 02:22:44+00:00,positif
gila potongan gaji w PAJAKNYA 😂 pajaknya ini sampe ratusan ribu gaji ga seberapa loh😂padahl UMR di gaji Januari aja blm naik udh di potong gede aja ini pajak😂MENYALA PEMERINTAH,2025-01-01 02:22:40+00:00,negatif
😍😍😍,2025-01-01 02:22:33+00:00,positif
Mmmm tapi kok grab ada pemberitahuan sehubungan ppn 12% 1 januari naik dia naik juga yaaa mmm,2025-01-01 02:22:20+00:00,negatif
"Semangat bapak, semoga selalu diberikan kesehatan. Terima kasih karena selalu mengusahakan yang terbaik untuk bangsa❤",2025-01-01 02:21:49+00:00,positif
min gk libur??,2025-01-01 02:21:26+00:00,negatif
Bapakku 🫡🫶🏻,2025-01-01 02:21:17+00:00,positif
brp t kawan²?brp thn kawan?,2025-01-01 02:21:12+00:00,negatif
👍👍👍 Bpk presiden ku,2025-01-01 02:21:04+00:00,positif
percuma meski sudah tau faktanya yang bemar barisan sakit hati akan tetap terus menggoreng nasi gorengnya😁,2025-01-01 02:20:38+00:00,positif
"tapi realitanya semua naik, gua sebagai purchasing air mineral naik, delmonte naik, semua naik",2025-01-01 02:20:15+00:00,negatif
"Teman-teman, tolong dibaca captionnya dan didengar lagi beritanya ini. Itu presiden udh kasih penjelasan detail loh, kalopun ada yg ikut naik psti di urusin lagi biasanya oknum ambil keuntungan",2025-01-01 02:20:08+00:00,negatif
baca capt ya ges yaa,2025-01-01 02:19:55+00:00,positif
"habis ini,mungkin pemerintah daerah harus adain gruduk pasar kali ya mindra.
karna banyak pedagang yg ambil kesempatan naikin harga dr bulan kemarin..",2025-01-01 02:19:42+00:00,negatif
info loker admin aku baru aja habis kontrak😭😭😭,2025-01-01 02:19:42+00:00,positif
pajak kendaraan naik woyyy lebih dari 12% malah,2025-01-01 02:19:37+00:00,negatif
"Gmn maksud nya ppn 11% yg sudah berlaku, tidak ada perubahan? Ada dua nilai ppn kah?..11 dan 12",2025-01-01 02:19:25+00:00,negatif
"min masih ada ijazah yang masih di tahan karna masih ada tunggakan, tolongin dong min udah mau 5thn masih belum bisa di ambil😭",2025-01-01 02:19:17+00:00,negatif
gak tau lah hidup sdah tdk lg berarti setelah tau dia lbh memilih org yg gak pernah berbuat apa2 dbandingkan aku yg sdh brusaha ksh dia segalanya 😭,2025-01-01 02:19:15+00:00,negatif
budayakan baca dan nyari tau jgn liat judul doang 12% langsung ngamokkk kebiasaan bgt nih +62,2025-01-01 02:19:14+00:00,negatif
"mangkanya kalo ngasi berita itu langsung disertai penjelasan biar rakyat nggk simpang siur, kalo gini barang uda naik semuaaa anjirrrrrr",2025-01-01 02:19:12+00:00,negatif
"min saya minta tolong
Kedua nenek saya sakit parah
kata Puskemas harus di rujuk ko Rumah sakit besar ,Karna Penyakitnya ,Strok,dan paru paru rusak ,dan penyakit gula ,Tapi kami nga mampu membayar",2025-01-01 02:19:07+00:00,negatif
"Para produsen harus tau ini, jngn memanfaatkan mengambil keuntungan berlebih. 👍",2025-01-01 02:18:44+00:00,positif
"wak pres sibuk klarifikasi terus...
bkn nya teges sangar..tmbah gemoy..
kyk Prof Mahfud gt lho...",2025-01-01 02:04:15+00:00,negatif
nice info mindra🤙🏻🫶,2025-01-01 02:04:15+00:00,positif
kasusnya si harvey gmn??? 😳,2025-01-01 02:04:01+00:00,negatif
😁,2025-01-01 02:04:00+00:00,positif
jelas padat dan banyak 🥰😂,2025-01-01 02:03:43+00:00,positif
"baca caption dong masyarakat, masa harus dijelasin lagi? padahal udah jelas pun masi ngeyel",2025-01-01 02:03:34+00:00,negatif
"kesibukan gue di tahun baru:
1. komen postingan squid game
2. ngelaporin komentar orang yang ngata²in presiden kita.",2025-01-01 02:03:17+00:00,negatif
"Rata"" Yg Protes Pada Minim Literasi",2025-01-01 02:03:13+00:00,negatif
pak prabowo mana keadilan yang engkau janji kan🥺😔,2025-01-01 02:03:07+00:00,positif
kasus Vina pak...kasian,2025-01-01 02:03:04+00:00,negatif
min tapi harga cengek masih mahal gimana dong gabisa nyambel 😭,2025-01-01 02:02:53+00:00,netral
tf kena pajak brpa bangg,2025-01-01 02:02:51+00:00,negatif
@jelly @atull,2025-01-01 02:02:48+00:00,positif
jadi aku salah paham ya maaf,2025-01-01 02:02:47+00:00,negatif
"tapi biaya iklan marketplace sekarang naik 12%, otomatis harga jual juga jadi naik",2025-01-01 02:02:39+00:00,netral
"berarti paku, baut, dan teman2 juga kena PPN 12% kah? karna beberapa pabrik naikkan PPN 12% / Januari 2025",2025-01-01 02:02:30+00:00,negatif
kalo karyawan kontrak ko dipotong yaa,2025-01-01 02:02:30+00:00,negatif
😁,2025-01-01 02:02:28+00:00,positif
🥰,2025-01-01 02:02:26+00:00,positif
"admin jadi kang ngetik panjang🤣🤣
panjang panjang ngetik masih ada yg dhongo🤣🤣",2025-01-01 02:02:23+00:00,netral
tapi bbm naik😁,2025-01-01 02:02:19+00:00,positif
😁,2025-01-01 02:02:12+00:00,positif
terimakasii mindra udah berkorban waktu dan tenaga agar rakyat Indonesia lebih berkualitas otaknya dalam mencerna informasi🥰,2025-01-01 02:02:06+00:00,positif
menyala Presiden kuuu 🔥🔥💪💪🥰🥰,2025-01-01 02:01:59+00:00,positif
"barusan aku ngisi token,EMG bener guys lagi promo😅
tapi soal sembako,sayuran gitu pada naik,GK tau efek nataru kali yaa",2025-01-01 02:01:57+00:00,negatif
siap bapak akuhhh 🫡🙏,2025-01-01 02:01:47+00:00,positif
"Min coba cek semua perusahaan jaringan internet, tagihan kuota/wifi ditambah ppn 12% pdhal bukan termasuk yg disebutkan @gerindra",2025-01-01 02:01:45+00:00,negatif
SAYANG PAK PRABOWOOOO,2025-01-01 02:01:44+00:00,netral
"Bayar harian di pasar juga naik 12% loh min...
pdahal dipasar gak ada private jet😂",2025-01-01 02:01:35+00:00,negatif
bahahaha pasti team yg suka makan gorengan waktu kalah kemarin lagi panas liat ini😂😂😂😂😂😂,2025-01-01 02:01:21+00:00,negatif
menyalaaa bapakkku tercintaaaaaaa bapak Prabowoo 😘😘,2025-01-01 01:48:26+00:00,negatif
"MINIMAL ADA PERPPUNYA JANGAN CUMA OMON OMON, GAADA ATURAN UNDANG UNDANG DIBATALKAN ATAU DIREVISI CUMA PAKAI OMON OMON",2025-01-01 01:48:23+00:00,negatif
gaji umr kena pajak ga pak?,2025-01-01 01:48:19+00:00,negatif
"skrg mau beli Netflix, Spotify, top up game, dll ko dpt ppn 12%? itu masuk ke barang mewah juga, ya?",2025-01-01 01:48:11+00:00,negatif
🤭🤭🤭,2025-01-01 01:48:11+00:00,positif
"KANG @gerindra kata""ne",2025-01-01 01:48:06+00:00,negatif
Min kapan UU perampasan aset korupsi di sahkan?,2025-01-01 01:48:06+00:00,negatif
duren montong kena pajak ga nih😂,2025-01-01 01:47:56+00:00,negatif
"plis lah woyy literasi nya di naikin dikit,baca tuh capt,malah ngetik ""barang lain pasti ikut naik"" ya iyalah orang baru natal+tahun baru😭",2025-01-01 01:47:50+00:00,negatif
"WOI LITERASI, ITU CAPTION SEGEDE DOSALU PADA KAGAK LIAT?",2025-01-01 01:47:47+00:00,netral
"langsung di kabarin dan dijelaskan loh wkwk
kabar burung cengar-cengir dah",2025-01-01 01:47:46+00:00,positif
"caption-nya udah jelas tapi banyak yang malas Baca,
benar benar ya mereka",2025-01-01 01:47:44+00:00,netral
alhamdulillah semoga harga sembako juga ikut turun terutama harga minyak🥰,2025-01-01 01:47:42+00:00,negatif
@intnsgrt,2025-01-01 01:47:30+00:00,positif
"seperti kebijakan minyak 14rb, eh di grosirnya udah 17rb.. ga sesuai dengan di lapangan",2025-01-01 01:47:26+00:00,negatif
Min qris jadi kena ppn ngga?,2025-01-01 01:47:25+00:00,negatif
Min listrik rumah saya naik 50rb 😭,2025-01-01 01:47:12+00:00,negatif
barokallahu fiik bapak presiden,2025-01-01 01:47:04+00:00,positif
yg kemaren demo ga mudeng kali yaa 🗿,2025-01-01 01:46:53+00:00,netral
🥰,2025-01-01 01:46:44+00:00,positif
banyak banget asal komen minimal baca caption atau nonton full dlu lah baru komen 😂,2025-01-01 01:46:44+00:00,negatif
min ndra sapa,2025-01-01 01:46:30+00:00,netral
walah gua kerja d bidang retail ada slah satu klien besar ngumumin kalo dia org udh kena pajak 12% tahun ini. gak ush niruin omngn Spongebob lah,2025-01-01 01:46:24+00:00,negatif
Makasih pak presiden 🥰,2025-01-01 01:46:22+00:00,positif
"emang rakyat tuh banyak yg so tau, pak. sabar ya bapakku🥰",2025-01-01 01:46:20+00:00,negatif
"Simplenya gini, pemerintah mendorong supaya pemilik barang mewah yang notabene “orang berada” supaya memberikan kontribusi lebih kepada negara. Gitu lo",2025-01-01 01:46:18+00:00,negatif
kalau speda motor 160cc kena 12% ga min?,2025-01-01 01:46:15+00:00,negatif
ini ya ampun komennya😭 emang pada ga pinter ya?,2025-01-01 01:45:45+00:00,negatif
kalo untuk jasa konstruksi negara naik gak min?,2025-01-01 01:45:30+00:00,negatif
"andai indonesia ngga ada subsidi, bakal hebohnya gimana yah 😅🙏 , baru gini aja dah pada salah artiin ..",2025-01-01 01:45:29+00:00,negatif
min kangen 2024😭,2025-01-01 01:30:49+00:00,positif
beli mie goreng PPN 10% 😭😭,2025-01-01 01:30:48+00:00,negatif
eh pada kemana yaaa yang kemarn koar tolak kenaikan PPN?? mana semangat bgtt sok validasi sm berita ini😭 udh gedeg bgt dari kmrn😭,2025-01-01 01:30:25+00:00,negatif
@Ela,2025-01-01 01:30:18+00:00,netral
min thn baru liburan kemana?,2025-01-01 01:30:15+00:00,negatif
😁😁😁,2025-01-01 01:30:14+00:00,positif
pengen ngejelasin ke temen yg bkin story tntang ini terus pdhl dia juga ga paham... tapi ngejelasin nanti dia ga terima pusingggg pusinggg.. dasar bebaaaal baso kami 🥺,2025-01-01 01:30:09+00:00,negatif
sepeda motor kelaz 160 naik juga ga min,2025-01-01 01:30:09+00:00,positif
tuh dengerin,2025-01-01 01:29:56+00:00,negatif
jadi 0% loohh,2025-01-01 01:29:50+00:00,negatif
"kemarin pemerintah blm bahas klen para pembenci koar koar menghujat , udh di bahas dan di kasih tau masih ngeyel, hadehh",2025-01-01 01:29:48+00:00,negatif
"mantap min , gk lagi lagi tuh bu sri berani nyocot",2025-01-01 01:29:46+00:00,negatif
mantab admin gerindra dijelaskan detail biar tidak ada salah tangkap dan presepsi🥰,2025-01-01 01:29:43+00:00,netral
min Supra sama Revo enakan mana?,2025-01-01 01:29:43+00:00,negatif
omon omon aja meong,2025-01-01 01:29:18+00:00,netral
semoga bapak senantiasa diberikan kesehatan dan panjang umur,2025-01-01 01:29:17+00:00,positif
"Min baca dan tolong sampein dong ke bapak prabowo 🥺 Hapuskan aturan ASN harus mengabdi selama 10th ,sy mau pindah min ikut anak dan suami 🥺 @gerindra",2025-01-01 01:29:11+00:00,negatif
Jasa maklon kena potong ga min?,2025-01-01 01:29:09+00:00,netral
"katanya cuma brng mewah , buktinya smpe obat""tan naik 😓",2025-01-01 01:29:05+00:00,negatif
trus harga barang yg udh pada naik gmn? solusinya apaan,2025-01-01 01:28:44+00:00,negatif
Kebanggaan Indonesia🫶🏻,2025-01-01 01:28:40+00:00,positif
"Min banyak perusahaan yang gk bayar proyek ke pt aku min, ditagih malah gk di read min mana jumlahnya ratusan juta tiap pt😭",2025-01-01 01:28:40+00:00,negatif
pengen jdi gubernur deh...,2025-01-01 01:28:21+00:00,negatif
MAKASI SUBSIDI KUR NYA BANG 🔥,2025-01-01 01:28:19+00:00,negatif
@𝐞𝐫𝐢𝐱𝐱𝐟𝐩𝐬.,2025-01-01 01:28:08+00:00,positif
min mintak loker,2025-01-01 01:28:06+00:00,positif
😁,2025-01-01 01:28:03+00:00,positif
kok tmnku ada yg jaga apotik bilng obat ada naik ppn 12%,2025-01-01 01:27:48+00:00,negatif
ooooooooo,2025-01-01 01:27:42+00:00,negatif
APBN terkuras habis untuk fasilitasi pejabat negara yg kerjanya buat kebijakan yang lebih menguntungkan mereka🗿🤣,2025-01-01 01:27:38+00:00,negatif
semoga saja,2025-01-01 01:10:56+00:00,negatif
@dendycahyamaulana Nih yang obrolan selewat kmarin,2025-01-01 01:10:53+00:00,negatif
tp aku beli ayam penyet kmrn siang udh kena ppn😭😭,2025-01-01 01:10:51+00:00,positif
soal ramadhan anak sekolah libur jadi nggak min???????????,2025-01-01 01:10:47+00:00,negatif
😁,2025-01-01 01:10:45+00:00,positif
semua tempat makan yg ditanggung ppn adalah pengunjungnya😭 bukan pemiliknya,2025-01-01 01:10:42+00:00,negatif
padahal kalo sembako naik ya krna momen nataru dan digoreng seolah itu impact PPN 12%🤣 ngeri kalo udah dengki ny ga ketolongan sihh,2025-01-01 01:10:17+00:00,negatif
Kabeh Podo mundak Min min. .,2025-01-01 01:10:15+00:00,negatif
"mau heran tapi kompas tv, ini stasiun tv atau penjual gorengan 😭😭",2025-01-01 01:10:03+00:00,negatif
terimah kasih sudah menjelaskan soal nya masih banyak masyarakat yg pikiran nya dangkal,2025-01-01 01:09:54+00:00,negatif
min ... izin bertanya.... apakah obat obatan juga kena ppn 12% ?🙏,2025-01-01 01:09:22+00:00,negatif
admin PLN malah naikkk.. di-reinfo saja min ttg apa saja yg kena pajak.. surat tertulis.. biar gak semua pihak semena2 naikin harga/pajak krena misinfo sprti ini..,2025-01-01 01:09:14+00:00,negatif
"yakin? bisa aja ini admin bikin captionnya. kami yg kuliah di stan aja sampe paham mana yg kena mana yg ngga lho 😂
intinya sama kyk kenaikan ke 11% dulu sekian terima kasih",2025-01-01 01:09:13+00:00,negatif
obat2 di apotek uda naik,2025-01-01 01:09:11+00:00,negatif
telor naek.. Kemaren 2.000 sekarang malah 2.500😐,2025-01-01 01:09:03+00:00,negatif
yg naik jadinya PPN apa PPnBM nih?,2025-01-01 01:09:02+00:00,negatif
"min@gerindra tlng smpaikan kpd BPK presiden,, perhatikan nasib tendik SE Indonesia kmrin ikut tes bnyak yg tdk lolos Krn kurangnya formasi di kabupaten kami (Pati).. kita ini mengabdi hmpir 17 thn 🙏",2025-01-01 01:09:01+00:00,negatif
bagaimana jika terjadi domino effect? ketika pajak barang mewah naik dan orang orang golongan mampu merasa keberatan. yang akhirnya berimbas pelaku pelaku usaha menaikkan tarik jual produk mereka -,2025-01-01 01:08:50+00:00,negatif
"Tapi supplier frozen food, jasa ini semua juga ikutan naik harganya :’) tgl 30 kmrn udah pada kasih edaran klo naik harganya :’)",2025-01-01 01:08:45+00:00,negatif
Tapi min sleting sama kancing buat konveksi ko naik😬,2025-01-01 01:08:34+00:00,netral
semangat mindra dan bapak prabowo doa kami selalu kepada kalian,2025-01-01 01:08:27+00:00,positif
susah min ngomong sama anak Abah,2025-01-01 01:08:12+00:00,netral
Mksh pak😭,2025-01-01 01:08:10+00:00,positif
baik pak,2025-01-01 01:08:06+00:00,positif
"pak presiden,, kebijakan yg untuk Maslah PPPK untuk yg masa kerja hampir 20 tahun pak",2025-01-01 01:08:03+00:00,positif
"noh udh ada contohnya, ga usah aneh' di baca bukan ngomel' ga jelas",2025-01-01 01:07:59+00:00,negatif
bajigurrr🥵,2025-01-01 01:07:57+00:00,positif
tp tunjangan kami kata nya di potong 12% jg min 🙏,2025-01-01 01:07:57+00:00,negatif
gencari2in oprasi ke pasar2 min. soal nya pasti banyak yg ikit dinaikan karna kurang paham. tolong ya min,2025-01-01 01:07:54+00:00,negatif
"mindra klw ppnbm naik otomatis barangxx dipasar pada naik juga lah, karna para pedagang mana mau tau yg penting naik, inti nya barangxx pada naik semua dipasar... 🙏🙏🙏",2025-01-01 01:07:47+00:00,negatif
terimakasih pak🙏,2025-01-01 00:50:31+00:00,negatif
harga pasar aja naik sekarang.,2025-01-01 00:50:30+00:00,negatif
lebih ngakak balesan miminya si,2025-01-01 00:50:16+00:00,negatif
"Jadi perhatian bersama lah, kita yg Sdh mendengar informasi ini disampaikan pada masyarakat lainnya.. jangan malah jadi orng2 yg mau mengadu domba tanpa mau memperbaiki. pemerintah Sdh sampaikan dgn panjang kali lebar, jangan buat sia2, dukunglahh minimal, biar ada guna sebagai warga negara yg memiliki sosial media",2025-01-01 00:49:59+00:00,negatif
saya dan orang tua saya ndak pernah dapat bantuan apa2 sama sekali sedangkan yg gajinya 5jt dan punya aset sawah selalu dapat bantuan,2025-01-01 00:49:38+00:00,positif
min pingin disapa😏,2025-01-01 00:49:31+00:00,positif
"happy new year,,,",2025-01-01 00:49:16+00:00,positif
"banyak gaji umr yg teriak"" , makanya caption di detail 😂😂",2025-01-01 00:49:09+00:00,netral
pak Prabowo gratis kan DM ff,2025-01-01 00:49:07+00:00,positif
"admin percuma jelasin, gak bakalan ada yang ngerti, sabar min😌",2025-01-01 00:48:57+00:00,netral
biasakan baca caption 🗿,2025-01-01 00:48:47+00:00,netral
Alhamdulillah,2025-01-01 00:48:27+00:00,positif
Min obat kok naik 12% sih @gerindra,2025-01-01 00:48:10+00:00,negatif
YTTA aja min 😂😂😂,2025-01-01 00:48:09+00:00,positif
2025 anak muda kudu tau politik,2025-01-01 00:48:05+00:00,positif
"untuk faktur penjualan ttp ya min PPN 11%, soalnya kantor sdh membuat edaran untuk kenaikan PPN 12% di 2025 ini. produk obat-obatan",2025-01-01 00:47:49+00:00,netral
"penjual sayur dan penjual tempe . . tetap akan MENAIKKAN barang dagangan nya . . karena biaya hidup mereka naik . .
kenaikan PPN . . multiplayer effect nya sama dengan kenaikan BBM",2025-01-01 00:47:48+00:00,negatif
kami ini kaum mendang mending pak,2025-01-01 00:47:44+00:00,negatif
"pak prabowo yg blg gini, tp masyarakat yg ngmbil keuntungan dr kebijakan ini gmn? hanya dia dan tuhan yg tau. apalgi di negara kita msih bnyak org2 yg malas liat brita atau gaptek.",2025-01-01 00:47:40+00:00,negatif
"ini lebih ke banyak masyarakat yg salah kaprah akhirnya dominan naikin langsung ppn12%, padahal ga perlu. tapi saking susahnya penyebaran fakta di indo ini ya jadi susah kebanyakan situ sini nya 🙏",2025-01-01 00:47:32+00:00,netral
Selamat bulan Rajab dan tahun Baru 2025 🎉🎉🎉,2025-01-01 00:47:21+00:00,positif
pak tolong diselidiki harga tiket NIAS - KUALANAMU. Ga ngotak harga nya pak. Bahkan bisa lebih mahal dari rute MEDAN - JAKARTA 🙏,2025-01-01 00:47:17+00:00,negatif
tapi kok tagihan seles info naik 12%??,2025-01-01 00:47:07+00:00,negatif
berarti barang yg naik cuma yg di caption kan min😋,2025-01-01 00:47:01+00:00,negatif
terimakasih mindraaaa😁,2025-01-01 00:46:50+00:00,negatif
"uda kelihatan sdm kita gimana, pada minim literasi. minimal baca dulu lah kocak, marah gjls pdhal uda di bahas di caption 😔",2025-01-01 00:46:47+00:00,negatif
"nyatanya ga gitu, semuanya pada naik skrg. even sembako yg bukan barang mewah pun naik 😭",2025-01-01 00:46:31+00:00,negatif
"Crypto, exchangenya kok juga ikutan naikin ppnnya min",2025-01-01 00:46:30+00:00,negatif
"kita liat sj nanti ada imbasnya ga ke rakyat , dl aja janji kampanye mau nguber sampe ke antartika 😂buktinya ga ada",2025-01-01 00:46:21+00:00,negatif
min pak prabowo bisa ga si buat kita balikan lg?,2025-01-01 00:46:13+00:00,negatif
Makasih Bapak Presidenku 🙏🏻🙏🏻,2025-01-01 00:30:00+00:00,positif
untuk pembelian obat ke pbf apakah termasuk naik juga ppn nya? karena hampir semua pbf PPN nya naik.,2025-01-01 00:29:58+00:00,netral
caption nya udh jelas panjang lebar sebbaik itu admin gerindra.. follow ah🥰,2025-01-01 00:29:45+00:00,negatif
"alhamdulillaah, makasih loh pak atas kebijakannya, saya sbg tenaga kerja kependidikan + irt yg gajinya pas2an udh ovt bgtt ternyata hanya barang mewah🙏",2025-01-01 00:29:35+00:00,negatif
kami sering ke pasar pa belanja bahan pokok pada naek coba cek klw bpa g percaya ke pasar,2025-01-01 00:29:27+00:00,negatif
Mindra seperti meta AI 😂👏🫶🫶🫶,2025-01-01 00:29:17+00:00,positif
"min saya takut setiap pedagang naikin semua harga pokok , apalagi dengan orang awam yang g ngerti",2025-01-01 00:29:07+00:00,negatif
Thank you bapak 👍🥰sehat selalu❤❤❤,2025-01-01 00:29:06+00:00,positif
thanks for your caption min 🙏,2025-01-01 00:29:01+00:00,positif
"alhamdulillah, yang penting kuota dan wifi jangan naik",2025-01-01 00:28:54+00:00,positif
Min disini harga sayur mayur terus naik😫,2025-01-01 00:28:50+00:00,positif
Alhamdulillah 💯,2025-01-01 00:28:36+00:00,positif
"pusying bgt denger bapak-bapak dan ibu-ibu pada jelek2in pak prabowo terus gegara ppn 12% ini tanpa tau jelas aturannya, tiap denger rasanya pingin muntah🤢",2025-01-01 00:28:05+00:00,negatif
"fomo tiktok doang org’ pada ni, kalo ga d up d tiktok gerindra gabakal tau kalo ad berita ginian",2025-01-01 00:27:44+00:00,negatif
utamakan literasi pls deh NETIZENNN,2025-01-01 00:27:35+00:00,netral
"Alhamdulillah semoga sehat selalu ya bapak,menyala terus bapakq",2025-01-01 00:27:32+00:00,positif
😭😭😭,2025-01-01 00:27:30+00:00,positif
Senjata api itu mercon kah?🗿🙏🏻,2025-01-01 00:27:27+00:00,negatif
"sembako kan memang selalu naik menjelang hari besar dan tahun baru, dan ini juga belum akan normal sampai lebaran idul fitri nanti karena waktunya berdekatan, Natal, tahun baru, imlek, idul fitri.",2025-01-01 00:27:19+00:00,positif
yang penting semua merata dan di ratakan,2025-01-01 00:27:17+00:00,positif
berarti property termasuk barang mewah ya pak,2025-01-01 00:27:12+00:00,positif
❤️❤️❤️,2025-01-01 00:27:11+00:00,positif
Tapi sama saja penjual nakal tetap barang” di naikin harganya,2025-01-01 00:27:10+00:00,negatif
nescafe classic naik banget tapi,2025-01-01 00:27:04+00:00,netral
Jangankan dipajek 12% min. @gerindra Lapor pajak aja ntah iya ato engga. Iya lapor tapi membayar dengan semestinya atau engga,2025-01-01 00:27:02+00:00,negatif
😭😭😭,2025-01-01 00:27:02+00:00,positif
jual beli krypto udh penyesuaian tuh buat gasfee'a apa itu barang mewah🤣,2025-01-01 00:26:52+00:00,negatif
"respect pak🫡🫡 skrg tinggal beresin kasus 300T penjara 6,5tahun",2025-01-01 00:26:47+00:00,negatif
"Awasi kebijakan ini di masyarakat, kadang ada yg latah ke barang dan jasa ikutan naik.",2025-01-01 00:26:45+00:00,negatif
tapi produk kecantikan naik juga,2025-01-01 00:26:43+00:00,netral
"Halloo pph 21 6%, udah gaji umr kena pph lagi anjjjjjjjj",2025-01-01 00:06:44+00:00,negatif
"harga tiket belum trun ,papua ke mkassar waktu mau natalan smpai tahun baru tembus 5jt hmpir 6jtaan.🙈",2025-01-01 00:06:44+00:00,negatif
"cukup baca caption dan pahami.🤣
gk usah ini itu. tidak sesuai dengan itu berarti tidak beres (sales/distributor)",2025-01-01 00:06:28+00:00,negatif
Hrga ban mtr aja naek😂,2025-01-01 00:06:26+00:00,positif
"heran gua masih pada nanya aja, BACA CAPTIONNYA WOII, DIPAHAMI JANGAN BISANYA NGAMBIL KESIMPULAN SENDIRI MULU.
NOH YG NAIK 12% TUH UNTUK BARANG² MEWAH AJA!",2025-01-01 00:06:18+00:00,negatif
"kalo barang mewah gas lah pak presiden, tapi jn buruh rakyat menegh kebawah yg di pajakin",2025-01-01 00:06:03+00:00,negatif
mau nanyak beras premium itu yg mana minyak premium yg mana aja ...,2025-01-01 00:05:50+00:00,negatif
ohh ini bapak admin yg suka lewat di pyf tiktok😭,2025-01-01 00:05:46+00:00,positif
"Tapi pada kenyataanya semua bahan pokok pun sudah naik 12%,, 😳",2025-01-01 00:05:46+00:00,negatif
"kita rakyat Indonesia menikmati malam tahun baru,beliau & para mentri beliau msh kerja woei😵😭🙏🙏🙏",2025-01-01 00:05:43+00:00,positif
"yakin bgt, udh dikasih tau gini pun yg sebelah pasti bakal tetep ngegoreng goreng 😇 semangat pak owo. semoga sabarmu jg seluas kesabaran pak owi🤲",2025-01-01 00:05:33+00:00,negatif
Kenapa produk wings naik?,2025-01-01 00:05:32+00:00,negatif
min kenapa hp naik juga?,2025-01-01 00:05:23+00:00,negatif
"Mahasewa mana ngerti ni,malah demo.giliran koruptor vonis ringan diam jha...untung jha q dlu GK ikut demo2 yg gak punya akal🥰",2025-01-01 00:05:18+00:00,negatif
Pak tapi masa paket kouta saya pun kena pp 12%,2025-01-01 00:05:11+00:00,netral
"sip min makasih infonya, btw turunkan harga skin pubg min 😂🤣",2025-01-01 00:04:58+00:00,negatif
"nah ,plis pahami jgn digoreng,pk prabowo pro rakyat kecil tp sama orang2 kaya dia tegas😊sekali lg pahami cermati jgn keburu makan hoak sepihak",2025-01-01 00:04:53+00:00,negatif
"mendorong pemerataan ekonomi.
ini sih membangkrutkan ekonomi",2025-01-01 00:04:46+00:00,positif
iklan shope kok udah masuk 12 persen min,2025-01-01 00:04:36+00:00,negatif
min semalem bakar bakar ga??,2025-01-01 00:04:25+00:00,negatif
😁,2025-01-01 00:04:21+00:00,positif
"sehat selalu mindra, jgn migrenn 😂",2025-01-01 00:04:18+00:00,positif
tp transfer ke rekening lain sekarang jd naik juga,2025-01-01 00:04:08+00:00,negatif
klo makan di resto kena ppn 12% ga pak🙏,2025-01-01 00:04:01+00:00,netral
"kita liat besok bos qu, klo ada barang non mewah naik pon 12 %, kita laporkan ke admin",2025-01-01 00:03:58+00:00,negatif
"aku udah nonton semalem di kompas TV. awalnya nggak tertarik, tapi bagian bu Sri Mulyani ngomong langsung mantengin sampai selesai terus ku up di sw😁",2025-01-01 00:03:58+00:00,negatif
masih kecewa dengan 271 triliun,2025-01-01 00:03:54+00:00,negatif
pak Hakim yang fonis hukum 6.5 tahun pecat aja pak,2025-01-01 00:03:45+00:00,negatif
🥰🥰🥰,2025-01-01 00:03:08+00:00,positif
"mahar anak orang ikut naik gak min , takut gak bisa nikah 😁😁",2025-01-01 00:03:06+00:00,negatif
insentif pph 21 itu untuk semua atau ada s&k nya min?,2024-12-31 23:49:51+00:00,negatif
"yaallahh kannn lagi lagii gabole suuzon sama presiden 😓😓
ganti rakyat aja pak gantiii😭",2024-12-31 23:49:45+00:00,negatif
yang koar koar sebelumnya manaa yakk ? kok ga keliatan?😂😂😂,2024-12-31 23:49:44+00:00,negatif
minn kapan dm epep jadi murah? 😅,2024-12-31 23:49:41+00:00,negatif
kok ga ada komennya min.?,2024-12-31 23:49:35+00:00,negatif
"Tapiiiii OBAT-OBATAN naik loh, emg OBAT masuk kategori barang mewah?",2024-12-31 23:49:33+00:00,negatif
"mindra, tapi bahan bahan food kayak susu kemassn bermerk , tepung tepung , keju . itu jga naik jadi 12% ? karena katanya prosesnya impor gitu berati benar kah ?",2024-12-31 23:49:22+00:00,negatif
min tiket konser gak naik kan?,2024-12-31 23:49:21+00:00,negatif
"kadang orang penjual di pasar nya yang naikin , padahal pajak PPN nya ngga ngaruh ke jasa masyarakat di pasar , tolong min cek di pasar min @gerindra",2024-12-31 23:49:20+00:00,negatif
nyatanya setiap tahun baru dan menjelang bulan Ramadhan harga pokok relatif dinaikan penjual dengan alasan dari sananya dinaikan setiap tahun slalu begitu dengan alasan solar naik @gerindra mohon pak,2024-12-31 23:49:19+00:00,negatif
"sidak kepasar"" min, bnyk oknum yang memanfaat miss komunikasi ini, jadi bnyk yg menaikan harga minyak telur diatas rata""",2024-12-31 23:49:15+00:00,negatif
ppn buat ganti kerugian negara yang 300T itu kah? 😂😂,2024-12-31 23:49:13+00:00,negatif
2025 ganti pemikiran rakyat bodoh aja min,2024-12-31 23:49:00+00:00,positif
Gaji ASN gak ada info min? Hoax semuanya kemarin ya,2024-12-31 23:48:45+00:00,negatif
wifi internet kena juga ga min? bingung nih,2024-12-31 23:48:38+00:00,negatif
min seandainya nih koruptor 271 dibebasin tp dikasih ke masyarakat... dan dihukum sesuai adat masyarakat boleh gak min?🤣,2024-12-31 23:48:28+00:00,negatif
Kenapa harga mobil makin naik min apa lgi kita yg di wilayah timur smua pada naik min yg turun hanya keringat min,2024-12-31 23:48:00+00:00,negatif
NAH LOHHH SIAPA YANG KEMARIN KOMEN MAU PINDAH NEGARA 😭🫵,2024-12-31 23:47:58+00:00,negatif
"katax sembako juga naik harganya,, apankh ayam crispy aku harus naikin hargnya yah",2024-12-31 23:47:51+00:00,negatif
sehat sehat bapak prabowo🥰,2024-12-31 23:47:49+00:00,positif
"gue lama dsini cuma buat bacain coment"" yg pada gk br'syukur anjjj ,, dari zaman dulu jg indo mah kalo udh ketemu THN baru sm lebaran apa jg dimahalin,, pedagang yg licik admin yg kena kocak🤣",2024-12-31 23:47:47+00:00,negatif
"terimakasih banyak pak, bapak gabisa batalin ppn naik, tapi bapak berusaha banget biar kita ga terbebani dan meringankan sedikit🥺bapak di tuduh ngelakuin hal yg bahkan udah jauh di sahkan sebelum bapak mencalonkan, sebelum pilih wakil bapak siapa, pokoknya sebelum ada hilal bapak bakal jadi presiden 🥺 sehat sehat yah pak, semoga Allah SWT selalu lindungi bapak",2024-12-31 23:47:27+00:00,negatif
yang komennya miring' please baca caption 😭,2024-12-31 23:47:20+00:00,negatif
"kukejar koruptor sampai 6,5",2024-12-31 23:47:15+00:00,negatif
video tiktok pertama gue di 2025✨,2024-12-31 23:47:08+00:00,negatif
tiket konser nggak kan ya min?,2024-12-31 23:47:06+00:00,negatif
🥰,2024-12-31 23:46:48+00:00,positif
yg udah ngasih notice pajak naik 12% berarti cancel ya min?,2024-12-31 23:46:37+00:00,negatif
"@gerindra mau nanya di point pesawat terbang itu gmn yah? Tiket pesawat komersil jadi PPn nya naik ke 12% gitu? Kalo naik, trs yg katanya harganya mau diturunin gmn jadinya?",2024-12-31 23:46:24+00:00,negatif
"terkadang juga bagian sembako atau pun kosmetik"" umum untuk pengusaha retail udh dibubring juga bahwasanya PPN naik juga nih min 12% . gimana nih?...",2024-12-31 23:46:17+00:00,negatif
"Min, turunin harga beras donk min... sampein ke bapak onlineku...",2024-12-31 23:29:53+00:00,negatif
dampaknya ke rakyat juga kan...???,2024-12-31 23:29:52+00:00,negatif
min kenapa pajak mobil jadi 66% diluar jkt ?,2024-12-31 23:29:49+00:00,negatif
"emang ak juga gak percaya pas awal2 ada berita semua kena ppn 12%, mana mungkin pak prabowo tega sama rakyatnya , sehat selalu bapakku tercinta 😘🥰",2024-12-31 23:29:49+00:00,negatif
"Mau tanya deh, klo cicilan mobil under 4jt/bulan kena ppn 12% juga kah? Karena semalam dapet broadcast dari Bank katanya ppnnya naik jadi 12% 🤔",2024-12-31 23:29:31+00:00,negatif
@Berkah Elzafa,2024-12-31 23:29:18+00:00,positif
"mindra,,saya lihat KPR tidak termasuk yaa
tp kenyataannya juga naik jd 12 %
apakah beda KPR subsidi dan Cluster?
😁",2024-12-31 23:29:12+00:00,negatif
Untuk mamat gun shop berarti kena ppn 12% dong😂,2024-12-31 23:29:02+00:00,netral
🥰🥰🥰,2024-12-31 23:29:00+00:00,positif
"min??sehat selalu yaa😞
sedih bgt liat org yg langsung ngomong ini itu tanpa tau kebenarannya",2024-12-31 23:28:56+00:00,negatif
Semoga Bpk Prabowo selalu Sehat panjang umur Aamiin Yaa Rabb,2024-12-31 23:28:51+00:00,positif
"Mana ni para pembenci?
Buzzer* kok ga ada di sini",2024-12-31 23:28:28+00:00,negatif
Pgennya bebas imei lagi min 🥲 bisa ga yaa? 🙏,2024-12-31 23:28:26+00:00,negatif
yg blom paham jg baca keterangan sampai slesai nanti di pasar smua hrg di naikan Krn pajak yg di naikan,2024-12-31 23:28:21+00:00,negatif
min kenapa baru muncul kemarin2 dicari2 netizen loh,2024-12-31 23:28:20+00:00,negatif
"Bapak , I LOVE U Pak.. ❤️❤️",2024-12-31 23:28:06+00:00,positif
min ditempat ku lgi ada pemutusan kerjasama BPJS dr rs yg dulu nya Terima BPJS knp ya min,2024-12-31 23:27:55+00:00,negatif
Ingin hemat dan efisien anggaran namun menambah kementrian.. eh kementrian nambah staf2 😂,2024-12-31 23:27:50+00:00,netral
topup game itu termasuk barang/jasa mewah kah? karna saya cek tadi sudah kena pajak 12%,2024-12-31 23:27:34+00:00,negatif
"gaji naik
PPN naik
PHK juga naik",2024-12-31 23:27:33+00:00,negatif
aslinya udah pada naik dari kemaren malah,2024-12-31 23:27:31+00:00,negatif
denger dan baca ini wahai anak2 abah dn genjer. jgn pada bacot doang,2024-12-31 23:27:07+00:00,negatif
hore pak bowo,2024-12-31 23:27:05+00:00,negatif
santen kara aja naik pak Prabowo gimana tuh yang tadinya 3500 jdi 4500 sampe Lima ribuan ap itu barang mewah wkwkw,2024-12-31 23:27:01+00:00,negatif
Skintific naek itu harta ny 🙂,2024-12-31 23:27:00+00:00,negatif
"kuota internet , pulsa , token listrik dll udah pada naik min. coba dilihat lagi naiknya gK tanggung tanggung 😂😂😂😅😅😅 apakah termasuk barang mewah",2024-12-31 23:26:56+00:00,negatif
"Udah ya , jgn pada kontra, kita ikutin aja",2024-12-31 23:26:48+00:00,netral
saya aslinya 2 orang🗿yg 1 meong yg 1 nya lagi macan,2024-12-31 23:26:46+00:00,negatif
"tapi semua bahan pokok jg ikut naik deh,,kmrn yg biasa sy beli pada naik harga nya,, terutama minyak,dan telur,,tau karna tahun baru",2024-12-31 23:26:44+00:00,negatif
oke gas oke gas,2024-12-31 23:26:27+00:00,netral
"min kenapa kuota internet juga ppnbm padahalkan itu dipke semua kalangan, lalu netflix, spotify pun itu dipakai semua kalangan 11% aja udah mahal 🥺",2024-12-31 23:07:43+00:00,negatif
min tapi barang matrial pada ikut naik kata sales nya min😭,2024-12-31 23:07:42+00:00,negatif
mantab bapak...,2024-12-31 23:07:29+00:00,positif
"semua rakyat indonesia menaruh kepercayaan dan harapan kepadamu min,aku yakin kamu bisa menyelesaikan semua permasalahan di indonesia 🙏🏼",2024-12-31 23:07:24+00:00,positif
ya Allah bapak aku keren bangettt 🥰 makasih bapak presiden Prabowo makin love 🥰 sehat dan panjang usia ya bapakku 💙,2024-12-31 23:07:13+00:00,positif
kasih paham min!! biar pada pinter dikit,2024-12-31 23:07:04+00:00,negatif
pak turunkan sedikit harga pupuk non subsidi pak😁😁,2024-12-31 23:06:48+00:00,negatif
klu ppn yg lain ikut naik berarti apa?,2024-12-31 23:06:43+00:00,negatif
kayanya kita ga perlu dpr deh min,2024-12-31 23:06:31+00:00,netral
"kalo selain barang mewah naik itu oknumnya yg fomo,kaya g tau msyarakat kita kyk gmana aja klean ni,permainan pasar",2024-12-31 23:06:29+00:00,negatif
Min ngopi di puncak yuu,2024-12-31 23:06:22+00:00,negatif
kalo yang kena cuman barang mewah berarti yang harus dinaikin PPnBM aja dong bukan ppn,2024-12-31 23:06:19+00:00,negatif
Alhamdulillah 🥰,2024-12-31 23:06:03+00:00,positif
😂,2024-12-31 23:05:48+00:00,positif
"intinya ada bukti fisik dari kenaikan pajak,",2024-12-31 23:05:43+00:00,negatif
kukuruyuk 🥺,2024-12-31 23:05:35+00:00,netral
hhhh lucu,2024-12-31 23:05:32+00:00,netral
"yg dinaikan pajak barang dan jasa mewah, tp di toko2 sdh ada pengumuman kenaikan bbrp bahan pokok di awal thn 2025 , apalagi di toko bahan kue sdh disebar edarannya.. gimana inih",2024-12-31 23:05:24+00:00,negatif
"heh yang bikang sembako udah pada naik, pikir lagi bro ini tahun baru (liburan) otomatis udah biasa naik harganya. kocak lu pada😭",2024-12-31 23:05:22+00:00,negatif
Naikin ppn pulsa kuota dana mint sampe 50% biar cuan gede hehe,2024-12-31 23:05:16+00:00,negatif
"min saya kerja di rs , perusahan farmasi dah ngasih surat ppn naik 12 persen.. bingung buat obat naik juga? jadi barang mewah itu min?",2024-12-31 23:05:15+00:00,negatif
"kecewaaa, maunya bahan pokok dll juga naik, seperti yang anak Abah harapkannnnn !!!!!",2024-12-31 23:05:10+00:00,negatif
"singkat saja...
""hanya untuk barang dan jasa mewah"" paham!!!!",2024-12-31 23:05:09+00:00,negatif
@febriariputri beras dan kawan2 nya ga kena bun,2024-12-31 23:04:55+00:00,negatif
"saya sebagai admin retail barang"" sembako dari distributor ikut naik jdi 12% itu gmna ya pak?",2024-12-31 23:04:52+00:00,negatif
Selamat Tahun Baru Mindra ❤️🤍,2024-12-31 23:04:47+00:00,negatif
🙏,2024-12-31 23:04:46+00:00,positif
"aku percaya sama pak Prabowo untuk memperbaiki negeri ini,, sehat selalu pak🥰",2024-12-31 23:04:42+00:00,positif
Min kalau utk subsidi listrik gimana? apa daftar dulu atau otomatis dpt subsidi 50% ketika top up?,2024-12-31 23:04:38+00:00,negatif
"natal
tahun baru bentar lagi Imlek
bukankah kayak gini tiap tahun pada naik ya ? tp pas pulak berita naik ppn 12% ya udah di goreng terus 🥲",2024-12-31 23:04:37+00:00,negatif
"ppn naik 12% bagi barang mewah ,,,yg ppn lainnya turun menjfi 10% itu cocok pak ,kalau mau. bantu ya skalian",2024-12-31 22:43:53+00:00,negatif
"minta tolong dong min@partaigerindra ,tolong cek di pelosok²,kami di pelosok jalan nya batu² berlubang lagi, nggak ada air juga, listrik juga di akal² Lin min, tiang listrik aja",2024-12-31 22:43:48+00:00,negatif
"woi netizen pada baca caption dong, komentar nya pada ngasal😂",2024-12-31 22:43:29+00:00,netral
min serius tanya klo tiket konser kpop pajaknya naik gk?,2024-12-31 22:43:11+00:00,negatif
"min saya ojol, apa subsidi motor listrik udah gaada min? saya mau cicil motor listrik yg harus nya kalo dapet subsidi itu cuma 1tahun, ini saya jadi 2tahun min🥹",2024-12-31 22:42:24+00:00,negatif
tiap tahun juga mesti naik intinya semoga kita di beri kelancaran teruus rejeki nya aamiin ❤️❤️❤️,2024-12-31 22:42:04+00:00,negatif
saya pedagang di pasar.... sales aja udah mengumumkan mulai awal Januari PPN jadi 12%.... yg saya jual plastik loh.... apakah plastik kresek termasuk barang mewah.... kresek saya merk-nya bukan Hermest min....,2024-12-31 22:42:03+00:00,negatif
netlfix kena ppn 12% gak?,2024-12-31 22:41:56+00:00,negatif
"sedih min semalam gk bisa bakar"".sama bos suruh kerja🙃🗿",2024-12-31 22:41:43+00:00,negatif
"Jadi beginii, kemungkinan kenapa semua ikut naik karena udah kemakan pajak bakal naik, jadi semua pada pengen ambil kesempatan naikin dagangannya 😂 biar untung makin gedhe, plus pergantian tahun plus bentar lagi ramadhan lebaran 😂",2024-12-31 22:41:26+00:00,negatif
presidennya udah mantep tinggal rakyat ajaaa yg harus di pinterin🫠,2024-12-31 22:41:24+00:00,positif
jadi sayur BBM hp ga naik harganya?..,2024-12-31 22:41:18+00:00,negatif
@fadhlunthr @mahhhh.,2024-12-31 22:41:09+00:00,negatif
"gaji gue dpotong pajak waktu saya cari kerja gk d bantu sama pemerintah, belanda memang",2024-12-31 22:41:04+00:00,negatif
tagihan wifi sy knapa malah ngsi info bkln naik pr 1 januari ya?? 😳,2024-12-31 22:40:58+00:00,negatif
"pak,saya tetap berada di bawah kepemimpinan bapak. saya percaya bapak akan memberikan yg terbaik untuk rakyat bapak. sehat2 selalu pak❤️yang kuat ngadapin rakyat² bapak yg agak lain ya 🙏🏻 sbr y pk",2024-12-31 22:40:57+00:00,positif
😁,2024-12-31 22:40:38+00:00,positif
utk PPh pekerja gimana min ? utk gajian yg di bawah 10jt atau 5 JT apakah terkena dampak pajak bagi kita pekerja,2024-12-31 22:40:38+00:00,negatif
semoga aja real madrid,2024-12-31 22:40:36+00:00,negatif
"Lah naik dong harga tiket pesawat? Katanya mau diturunkan malah naik, gimana sih? Tolonglah min laki-laki itu yang dipegang omongannya, sampai detik ini harga tiket pesawat masih mahal",2024-12-31 22:40:30+00:00,negatif
"Kelurkan Perpu/undang2nya pak, agar kami rakyat dapat membacanya",2024-12-31 22:39:52+00:00,positif
kuliah subuh ku baca komentar-komentar di sini,2024-12-31 22:39:49+00:00,netral
harus baca caption sampai selesai yaaa,2024-12-31 22:39:46+00:00,negatif
sehat sehat bapakkkk🙏,2024-12-31 22:39:46+00:00,positif
"Lah naik dong harga tiket pesawat? Katanya mau diturunkan malah naik, gimana sih?",2024-12-31 22:39:36+00:00,negatif
"Udah dijelasin, kalo barang lain yg seharusnya tidak naik jadi naik bisa jadi tuh ajimumpung aja nambah profit dengan dalih ppn naik 😂🙏🏻",2024-12-31 22:39:24+00:00,negatif
Baca captionnya woyyy,2024-12-31 22:39:03+00:00,negatif
kalo udh punya penyakit hati emg apa apa dicari kesalahan,2024-12-31 22:39:03+00:00,negatif
"ngk usah ngomong yg sudah"" sekarang buktikan ayo kita sahkan uud perampasan aset klau emang komitmen pemberantasan korupsi kan koalisi di DPR menguasai pasti berasil merdeka merdeka",2024-12-31 22:38:46+00:00,negatif
sekarang udah mulai?,2024-12-31 22:38:45+00:00,negatif
"sekedar saran kalau bisa semua jenis bantuan bansos mending di hapus aja kaya pkh,bpnt dll.mending balikin lagi program RASKIN atau RASTA.maaf diluar tema🙏",2024-12-31 22:17:05+00:00,negatif
indomie ga naik kan main???,2024-12-31 22:17:02+00:00,negatif
"tamnel nya diganti, PPNbm dong
krna klok PPN biasa itu seluruh produk",2024-12-31 22:16:42+00:00,negatif
"min, tetang makan gratis, gimana Nasib Pedagang kantin kaya aku 🙃",2024-12-31 22:16:35+00:00,negatif
kenapa semenjak PPN naik kok rokok2 pada naik yg tadinya rokok surya 12 Rp 26ribu jadi 28ribu. yang tadinya rokok cip 15ribu jadi 18ribu😳 apakah rokok barang mewah🤭 mindra,2024-12-31 22:16:28+00:00,negatif
"kost an pun ikut naik, alasannya listrik pun naik😭",2024-12-31 22:15:41+00:00,negatif
kalau semua barang ikut naik brrti orang nyanari ksmptan dan k untungan dr brta ppn naik pdhal cmn brng trntu aja yg naik,2024-12-31 22:15:41+00:00,negatif
"Hadeh min pulang liat fireworks listrik abis, isi token kaga bisaaa 😭 sengsara smp jam stengah 3 😭",2024-12-31 22:15:22+00:00,negatif
"upah minimun nasional ga usah di naikin, bikim ruwet, dah baagus era Pak Jokowi, kalo mau upah naik, suruh upgrade skillnya",2024-12-31 22:15:20+00:00,negatif
min bagi indomie🗿,2024-12-31 22:15:19+00:00,netral
Tp kenapa sembako naik nya tak terkira semua mahal 😔,2024-12-31 22:15:13+00:00,negatif
tolong bang bagian sragen Jawa Tengah UMR kecil rakyat udh stengah mati tapi harga pada naik tolong di cek juga dipasar :( @partaigerindra,2024-12-31 22:15:12+00:00,negatif
"Min semoga naik banding ya si rapael mois enak bgt dia negara rugi 300T di hukum 6,5 thn 😭",2024-12-31 22:14:12+00:00,negatif
"video ini mau gw puter di komplek pakai sound system biar suara nya nyaring,terdengar warga komplek pendukung anak abah yg suka nyinyir",2024-12-31 22:14:11+00:00,negatif
Harvey Moeis juga yang menang banyak mau pajak naik mau pajak turun 🔥,2024-12-31 22:13:52+00:00,negatif
min harus tegas min takut banyak perusahan atau penjual yang menyalahgunakan arti dari keniakan PPN 12%,2024-12-31 22:13:30+00:00,negatif
Sayang bapak Prabowo🥰,2024-12-31 22:13:12+00:00,netral
itulah pentingnya berprasangka baik,2024-12-31 22:13:08+00:00,positif
"yg naikin hrga tuh pra penjual sendiri/masyarakat sendiri
kn sudah di kasih penjelasan apa2 aja yg naik,BACA CAPTION gunakan MATA ANDA DG BENAR",2024-12-31 22:12:53+00:00,negatif
"apapun kondisinya, semoga kita selalu dimampukan untuk beli apapun aamiin🥰",2024-12-31 22:12:46+00:00,positif
"Yang komen semua barang naik lah ini lah itu lah. Hey para SDM rendah PPN/PPNBM aj baru di umum kan besok, terus barang kalian naik kok salahin presiden, itu yg seharus nya kalian salahin jurangan2 nya karena kesempatan mereka naikin barang karena ad informasi ppn naik pdahal itu semua miskom aj",2024-12-31 22:12:40+00:00,negatif
jadi kasian smaa admin gerindra...😑😁😁😁🙏,2024-12-31 22:12:25+00:00,netral
"Makasihh MinDra..atas info nya, wlau diluar sana udh pd naikin,😭, wifi ku jg ni..udh naik bln ini..🥴, smoga ntr bs turun lg deh.. Met tahun baru Min, smoga Mindra mkin gercep yaa.🥰",2024-12-31 22:12:12+00:00,negatif
distributor sudah ada yg ngumumkan ppn 12% min..,2024-12-31 22:12:04+00:00,negatif
🗿,2024-12-31 22:11:54+00:00,positif
mkannya aku kurang percya sma brita yg koar2 kmarinn...tpi skrg sdh terlanjur pda naikkk😭,2024-12-31 22:11:47+00:00,negatif
min lu asik banget🙏😭 jawabnya,2024-12-31 22:11:35+00:00,negatif
"min makasih vt nya,sangat membantu untuk memintarkan yg belum faham, yg ke.arin marh marah toling di simak vt inih yah, bacain komen komen yg di balas admin juga biasanya ituh penting okee",2024-12-31 22:11:07+00:00,positif
"terima kasih infonya min @partaigerindra
jelas yg disampaikan, hampir saja terprovokasi. sehat sllu bpk presiden prabowo subianto.",2024-12-31 22:10:38+00:00,negatif
kalau beli motor sblm 2025 itu kalau bayar pajak kena PPN 12% juga nggk min,2024-12-31 22:10:29+00:00,negatif
Mantabbb minnn😭,2024-12-31 21:42:26+00:00,netral
motor juga kena😂😂😂 bingung mau tinggal di Konoha atau ke eropa 😁😁,2024-12-31 21:42:20+00:00,negatif
Lipstik hrga 20rb naik 😭 belnja cm 1jt untuk jualan jg kena ppn 12% skrg.mau g mau naikin hrga jg ke cust 😭 biaya sewa toko jg jd naik😭usaha masih merintis. Mana yg katanya melindungi rakyat jelata,2024-12-31 21:42:07+00:00,negatif
We'll see ya min apakah harga² barang² yg disebutkan tidak kena PPN 12% itu naik atau gak...,2024-12-31 21:41:56+00:00,negatif
Dengerin tu yg tereak2 ppn naik bkin syuliittt..,2024-12-31 21:41:54+00:00,negatif
apakah Obat-obatan termasuk? soalnya Distributor juga naikkin PPN nya 12% 😭😭,2024-12-31 21:41:47+00:00,negatif
Masalahnya harga2 barang pokok udah pada naik,2024-12-31 21:41:38+00:00,negatif
semoga pak prabowo bis memihak rakyat kecil. soalnya ini kesempatan pak prabowo untuk membuktikan kepada rakyat indonesia dengan kebijakannya,2024-12-31 21:41:16+00:00,positif
eh yg komen nih kurang ngopi kayaknya dah. BACA CAPTION GA SIH,2024-12-31 21:41:13+00:00,negatif
ITUUUU YG KORUPSI 271T GAK DI BAHAS MIN??,2024-12-31 21:41:12+00:00,negatif
preet,2024-12-31 21:40:45+00:00,positif
semoga sehat selalu bapak prabowo ya amin ya allah🙏,2024-12-31 21:40:05+00:00,positif
"lopee sekebonnn pak Pranowo🥰🥰🥰
sebelumnya memang gak yakin kalo seluruhnya ppn bkal naik 12%,, karna pak prabowo slalu mementingkan rakyat kecil😊",2024-12-31 21:39:48+00:00,negatif
"min mintak kerjaan min,,🙏",2024-12-31 21:39:33+00:00,positif
pesawat dia yg nurunin dia sendiri yg naikin lewat pajak sama aja jatuh nya siap siap aja lebih mahal dari kemaren😁,2024-12-31 21:39:33+00:00,negatif
Selamat Tahun Baru Min... Sehat selalu menghadapi komen2 berharga seceng..,2024-12-31 21:38:56+00:00,positif
"kenapa provider Internet ""curi"" start ngumumin ppn 12% di email yg gue dapat ya? 😂, apa nanti dapat email revisi ga jd pakai 12%?",2024-12-31 21:38:25+00:00,negatif
"udh pada naik pak, imbas dr pajak yg ga kira2!!!
cb D cek D pasar tradisional hrga udah meroket pdhl rakyat kecil blnja D situ",2024-12-31 21:38:18+00:00,negatif
@nuna JK 🐰,2024-12-31 21:38:04+00:00,positif
"kebanyakan SDM rendah ngga ngerti padahal sudah d jelaskan, ehh masih aj banyak menyalah artikan kebijakan yg di sampaikan oleh bapak presiden RI tercinta. lanjutkan pak kami rakyat percayakan bahwa Indonesia akan sejahtera untuk kedepannya.🔥🫶🏻",2024-12-31 21:38:00+00:00,negatif
"habis ini jangan sampai ada yg gagal paham lagi. dibaca di simak ,di dengarkan baik2 ,,jangan bilang presiden ga peduli",2024-12-31 21:37:58+00:00,negatif
@bagus.sb45 di simak nih biasakan baca caption ampe kelar,2024-12-31 21:37:56+00:00,negatif
"captionnya dibaca ya dan dipahami, semangat membaca, makasih admin semoga para pedagang dan distributor segera menormalisasikan pon 11% ini",2024-12-31 21:37:53+00:00,negatif
"min, apakah bulan puasa nanti mahasiswa di liburkan? tolong di jawab",2024-12-31 21:37:51+00:00,negatif
"Komentar nya kaya pada ga sekolah, emang bener yang harus di benahi itu pola pikir rakyat. itu udah jelas prabowo dan admin gerindra menjelaskan, kalo ada yang bilang, di lapangan pada naik, ya tunggu kocak baru juga di publikasi.",2024-12-31 21:37:40+00:00,negatif
"gk ngotak emang, cepat kaya tu pemerintah",2024-12-31 21:37:37+00:00,negatif
Kalo pajak pendapatan bagai mana min??,2024-12-31 21:37:29+00:00,netral
p min,2024-12-31 21:37:23+00:00,netral
"min, semua distributor obat sudah ada edaran ppm 12%, kita lihat hari ini ya min",2024-12-31 21:37:11+00:00,negatif
naah yang aneh ni mahasiswa demo bukan yg penting2..,2024-12-31 21:36:10+00:00,negatif
"kuat kuat Mimin semuanya sehat2 bapak presiden ☺️kami selalu percaya kalian akan selalu mengusahakan yg terbaik untuk negara ini, begitulah manusia banyak tipenyaa jadi Jagan sedih Jagan kecewa yaaa",2024-12-31 21:01:06+00:00,positif
pak saya ulang tahun 🥳🥳,2024-12-31 21:00:24+00:00,positif
halah,2024-12-31 21:00:23+00:00,netral
Mindra turunkan harga FIZ R sma RX king bisa ga?🗿,2024-12-31 21:00:17+00:00,negatif
"Min tanya dong , poin ppn 12% senjata api kcuali utk kperluan negara . Emg senjata api kalo bukan kpentingan negara utk kpentingan apa ya ? 🙏🙏",2024-12-31 21:00:16+00:00,negatif
yg bilang semua tetep naik itu akun buzzer min jan di tanggepin,2024-12-31 21:00:04+00:00,negatif
dipuji tidak terbang dihina tidak tumbang..💪💪💪🔥🔥🔥..,2024-12-31 20:59:59+00:00,negatif
@mrthadianaa anak abah?,2024-12-31 20:59:58+00:00,negatif
Karaoke naik ppn gak min,2024-12-31 20:59:42+00:00,negatif
"Percuma ngomong sama org2 dongo Pak, kalo hatinya udah busuk bapak mau ngapain aja ttep aja ada salahnya dimata org2 itu. Pokoknya sehat selalu Pak 🙏🏻",2024-12-31 20:59:29+00:00,positif
"cara dapet listrik gratis gimna min, apa harus daftr2d dulu",2024-12-31 20:59:07+00:00,netral
semoga bantuan pangan sesuai dengan pihak penerima. dikarenakan banyak yg tidak sesuai dengan penerima dilapangan ☺️☺️,2024-12-31 20:59:04+00:00,netral
harga Pampers juga ikut naik 12% gimana tuh😩,2024-12-31 20:58:52+00:00,negatif
@salmaaa🐄💗🎀 bnr atau cuma omdo doang sih?,2024-12-31 20:58:43+00:00,negatif
makan tuh yg udah pilih si bowo sama si samsul.sory ye wo yg engga pilih lo jgn ikut naek ya.dan kita gaperlu makan gratis,2024-12-31 20:58:22+00:00,negatif
"Ganti rakyat aja lah pada ngga ngerti jng selalu mbil keputusan, tolong PAHAMI🙏🏻🙏🏻",2024-12-31 20:57:54+00:00,negatif
Bpk aku selalu🥰🥰🥰🥰tahes2 ngeh pak,2024-12-31 20:57:52+00:00,negatif
udah mulai aktif ya min,2024-12-31 20:57:35+00:00,positif
@warrazkialuna baca deskripsi kak senang bisa membantu☺️,2024-12-31 20:57:03+00:00,netral
mantep 😂,2024-12-31 20:56:14+00:00,positif
heran rakyat konoha smua presiden disalahin mulu.blajar baca coba.,2024-12-31 20:56:12+00:00,negatif
cukai rokok turunin min 😁,2024-12-31 20:56:08+00:00,positif
"Harga bahan material bangunan udah mulai naik besok, naiknya sampe 5rb an malah😭 kaget bnget pak😭",2024-12-31 20:55:51+00:00,negatif
"BARANG2 SUDAH NAIK.
DR SALES AJA SUDAH ADA PEMBERITAHUAN KENAIKKAN.
CONTOH BIO MIWON,INDOMIE AJA SUDAH NAIK LAGI HARGANYA KARNA PPN NAIK.
KEMARIN 112/DUS
SKRG JADI 116/DUS
INI HARUS ADA SIDAK",2024-12-31 20:55:38+00:00,negatif
TEGAKKAN KEADILAN BANYAK KEBIJAKAN YANG MENGUNTUNGKAN GOLONGAN TERTENTU DAN MENCEKIK RAKYAT KECIL.,2024-12-31 20:55:06+00:00,positif
semoga dipertahankan yaaaaawwwww niat baiknya,2024-12-31 20:54:25+00:00,netral
"kata2 "" berpihak kepada rakyat yang banyak dan kesejahteraan rakyat"". atau kesejahteraan orang yang Korupsi 271 T penjara 6,5 tahun?",2024-12-31 20:54:10+00:00,negatif
inti nya apapun yang di perbuat oleh pak prabowo akan terus salah dimata pendukung anak abah 😞,2024-12-31 20:53:38+00:00,positif
kouta juga naik😭😭😭,2024-12-31 20:53:33+00:00,positif
"presidennya jelas, aturannya jg jelas. tp masih ada aja yg memanfaatkan kesempatan dalam kesusahan rakyat dgn ppn 12%.",2024-12-31 20:52:27+00:00,netral
"tapi mindra,,, resto sudah lebih dari 12% 😭",2024-12-31 20:18:34+00:00,negatif
Terima kasih pak prabowo 🔥🔥🔥,2024-12-31 20:18:32+00:00,positif
"min,aku top up Dana via bni kenapa kok ga masuk ya pdhal sudah buat laporan dan dtunggu 3 hari ttp ga ada tindak lanjut, tag dana dong",2024-12-31 20:18:01+00:00,negatif
anak abah tolong dibaca ya.,2024-12-31 20:17:28+00:00,negatif
"semua distributor produk aja naikkan dari 11% ke 12%, yg punya toko grosiran pasti tau kalau distributor naikkan ppn dari 11% ke 12%",2024-12-31 20:17:10+00:00,negatif
"tolong lah pak kades ditembung medan diperiksa
jalan ditembung arah ke pajak gambir rusak parah
stiap hujan jadi laut, kalo kering abu teball
mohon x pak 🙏",2024-12-31 20:16:48+00:00,negatif
"min,...
sayangi usus mu makan minum tiap hari",2024-12-31 20:16:46+00:00,negatif
distributor produk jajan udh nginfo naikin PPN 12% 😭,2024-12-31 20:16:14+00:00,negatif
gua puter nih video sambil liatin ke ortu🗿🗿,2024-12-31 20:15:37+00:00,negatif
"pak presiden,kami selalu mendukungmu",2024-12-31 20:15:35+00:00,positif
"Min sekarang kalau berobat di Puskesmas obatnya sudah dibebankan kepada masyarakat yah?, di puskesmas tempat aku seringkali obatnya dibebankan pada kami yang berobat min.",2024-12-31 20:15:18+00:00,negatif
"capek bgt sm komenan para pembenci.. 😭
serah lu dah, kaga pada mudeng mau dijelasin panjang lebar sm mindra juga 🤦‍♀️",2024-12-31 20:15:09+00:00,negatif
Jadi pph final di perpanjang selama nya atau setahun aja min?,2024-12-31 20:14:56+00:00,negatif
Ah hoax lah males 😏,2024-12-31 20:14:40+00:00,negatif
"jadi udah paham ya sekarang? kalo ada barang yang ga masuk list naik PPN 12 tapi harga nya naik bisa jadi penjual nyari untung pake cara licik, ingfo² ges kalo ketemu penjual ginj",2024-12-31 20:14:23+00:00,negatif
"Aku pnghuni apt, bnr ppn naik. Liat hrga listrik, kwh nya jdi dikittt😭🙏🏻 tpi ok gppa, tpi jtuh nya dalam sebulan psti ada 3x isi listrik. Brrti aku hrus hemat😌",2024-12-31 20:14:19+00:00,negatif
MESTI TETAP HARUS KAWAL!!!,2024-12-31 20:13:24+00:00,netral
"Untuk Petugas kebersihan sekolah yg masih Upah harian, kira2 ada Kenaikan tidak ya tolong di info dong.",2024-12-31 20:13:20+00:00,netral
"min, kmrn hbs topup game kena pajak 12% 😔",2024-12-31 20:13:15+00:00,positif
"Selamat Tahun Baru Bpk Presiden Prabowo & Mindra🙏🏻🎉
Sehat, panjang umur, jaya terus & selalu dalam lindunganNYA🙏🏻❤",2024-12-31 20:12:48+00:00,positif
🥵,2024-12-31 20:12:37+00:00,positif
Andai negara ini tidak ramai2 korupsi sprtinya negara kita in makmur sprti negara2 timur tengah,2024-12-31 20:12:08+00:00,negatif
Apaan paket internet gw juga naek anjir,2024-12-31 20:12:03+00:00,negatif
Pengusaha UMKM apakah kena PPN 12% gak min😱,2024-12-31 20:12:03+00:00,negatif
Klo kebutuhan rmh tangga naik itu karna adanya kelompok/perorangan aja yg menjadikan kesempatan isu2 ini utk menaikan harga sesuka mereka .(pedagang),2024-12-31 20:11:53+00:00,negatif
gacoan ae ada 12%😏,2024-12-31 20:11:53+00:00,negatif
"kenapa ya Ko pada males LITERASI, baca baik2 Ya rakyat sebangsa dan setanah air, cape2 Loh Mas Admin @partaigerindra menjelaskan, masih aja pada ngotot",2024-12-31 20:11:52+00:00,negatif
Kalo hukuman 6.5 tahun dan hukuman 5 tahun itu bisa ga ya min dikaji ulang? dikit bgt soalnya,2024-12-31 20:11:27+00:00,negatif
"Agaknya memuakkan ya baca komen manusia manusia denial, yang untuk memahami caption aja susah bener. Astaga 😞",2024-12-31 20:11:23+00:00,netral
"pak bantuan ngk adill kasian yg ngk dapat , yg dapat dobel dobel.",2024-12-31 20:11:10+00:00,negatif
"Happy new year min, Semangat kerjanya 💪",2024-12-31 19:43:56+00:00,positif
"uda terbukti skrg yg omon omon siapa,",2024-12-31 19:43:52+00:00,negatif
"sumber daya alam banyak, tambang ,minyak ,emas dll. knp pajak yg di naikan..",2024-12-31 19:43:43+00:00,negatif
banyak yg memanfaatkan PPN naik sembako jadi ikut naik min,2024-12-31 19:43:22+00:00,positif
🥵,2024-12-31 19:43:19+00:00,positif
min numpang tanya klo pajak kendaraan bermotor termasuk naik pajak PPN 12% apa g,2024-12-31 19:43:19+00:00,negatif
awas aja besok beli kuota malah di up,2024-12-31 19:43:16+00:00,netral
skincare saya juga naik ppn nya tolong 😭😭,2024-12-31 19:43:04+00:00,negatif
semangat bapak💜,2024-12-31 19:42:57+00:00,netral
wifi gak jadi naik ppn kan,2024-12-31 19:42:49+00:00,negatif
🥰,2024-12-31 19:42:47+00:00,positif
"tolong min knp pas mau beli motor baru udh di tembak kena PPN, sekitar 1.5 juta rata2 ?",2024-12-31 19:42:40+00:00,negatif
"hadehh banyak banget nih pembenci Prabowo di Komen, padahal udah di jelasin PPN untuk barang Yang tertentu",2024-12-31 19:42:34+00:00,negatif
komen aneh tak rarak nek polsek ngko lho kang..😂😂,2024-12-31 19:42:32+00:00,negatif
😋😋😋,2024-12-31 19:42:30+00:00,positif
jadi beli tiket pesawat tetep naik ya? kan ada pesawat udara tuh,2024-12-31 19:42:20+00:00,negatif
Obat kok kna jga bg 😭. Brusan td baca grup distributor obatny,2024-12-31 19:42:14+00:00,negatif
PMKnya udah terbit belum min?,2024-12-31 19:42:12+00:00,negatif
@gerindra maaf Min saya mau bertanya untuk kita yang Sebagai wirausahawan yang bergerak dibidang ekspedisi yang bergerak dibidang Jasa angkut air minum kemasan,2024-12-31 19:42:02+00:00,negatif
buset captionnya panjang bgt😂,2024-12-31 19:42:01+00:00,positif
"min, orderan ku kok sepi terus knp ya ( saya driver ojol )",2024-12-31 19:41:54+00:00,negatif
Min dimsum ga kena ppn 12% kan???,2024-12-31 19:41:43+00:00,negatif
"pak saya penjual Tempura , tpi yg jual frozen food bilang jualannya juga Naik , krna PPN 12% 😭 apa saya juga menaikan harga penjualan",2024-12-31 19:41:38+00:00,negatif
wkwkwk udh ada berita ini aja warga X masih huru hara cari kesalahan capek bgt liatnya🙂‍↔️,2024-12-31 19:41:01+00:00,negatif
"hahahha ntar kita liat nanti ya pak
tajem ke mana ini peraturan ppn naek ini 😂😂",2024-12-31 19:40:59+00:00,negatif
lopyu🥰,2024-12-31 19:40:45+00:00,positif
"harga mochi naik, maaf ya🙏",2024-12-31 19:40:29+00:00,negatif
min upload di Instagram jg dong,2024-12-31 19:40:19+00:00,negatif
"turunkan harga hp min, dari jutaan Jadi ratusan ribu😁",2024-12-31 19:40:05+00:00,negatif
nasgor naik serebu,2024-12-31 19:40:05+00:00,negatif
"Coba ini rakyat tercinta kalo mau komen tuh baca"" dulu sih caption/video nya sampe full, jangan punya asumsi sendiri aja 😂 jadi keliatan banget sdm yang gimana gitu 🤣",2024-12-31 19:20:35+00:00,negatif
"harga tiket pesawat naik lagi ?
dan beli motor naik juga ?",2024-12-31 19:20:32+00:00,negatif
Min tiket Persija kena PPN ga?@partaigerindra,2024-12-31 19:20:30+00:00,negatif
"jdi curiga pajak naik buat bayar makan gratis nya kah?
🗿🗿",2024-12-31 19:20:30+00:00,negatif
Tapi wifi kena ppn 12% 😭,2024-12-31 19:19:50+00:00,netral
min kalau spp sekolah swasta naik ga?,2024-12-31 19:19:44+00:00,negatif
😂,2024-12-31 19:19:35+00:00,positif
Pak Prabowo pasti akan memberikan yang terbaik buat rakyatnya.. kami percayakan sama beliau,2024-12-31 19:19:16+00:00,positif
Klo buat yang kaya Cocok saya setuju pak,2024-12-31 19:19:03+00:00,positif
"tolong kami kaum buruh mindra, yang hanya bergantung pada gaji umr yang sebenarnya pas² an untuk bertahan hidup, bukan untuk sejahtera, apalagi kaya raya. jangan bebankan kami lagi dengan pajak 🥺",2024-12-31 19:18:59+00:00,negatif
hahahah ANAK BANTENG AMA ANAK ABAH TERDIAM BEM SI TERDIAM😂😂,2024-12-31 19:18:50+00:00,positif
"Min yg sabar yaa min, semangat terusss🙏🏻 sehat selalu buat panjenengan dan keluarga🙏🏻 jangan bosan2 memberikan informasi yg jelas bagi kami masyarakat yg kurang paham🙏🏻",2024-12-31 19:18:48+00:00,negatif
klau captionnya udah jelas masih adakah yang darurat membaca?,2024-12-31 19:18:40+00:00,negatif
Masi mantau langkah fery irwandi,2024-12-31 19:18:40+00:00,netral
min jalan di kampung saya masih tanah belum di cor inpo kan ke pak presiden,2024-12-31 19:18:39+00:00,negatif
rokok masukan juga karena itu masuk premium juga,2024-12-31 19:18:38+00:00,positif
"Jika pemilik minimarket indomart/alfamart.atau pengusaha rokok yang rumahnya mewah mewah, mobilnya mewah mewah. otomatis juga mereka akan menaikan harga barang barang yang mereka juall",2024-12-31 19:18:33+00:00,negatif
Susah jelasi sama anak abah dan kroni kroninya min,2024-12-31 19:18:33+00:00,positif
"sampe jam segini masih ada aja yg tiba2 komen tanpa baca caption, lontongnya minta ampun 🗿",2024-12-31 19:18:30+00:00,negatif
Min tolong dibalas pesanku min,2024-12-31 19:18:27+00:00,negatif
min kenapa ya pada gamau baca caption dulu sebelum mengeritik🙏,2024-12-31 19:17:59+00:00,netral
"buset udah gak tertolong enih, tolong jelasin juga dampak snowballnya admin pinter",2024-12-31 19:17:53+00:00,negatif
Kariawan ritel yg gajih nya umr/umk di bawah 6 juta masuk pajak gk min? Klo Iyah pajak nya berapa persen? Please bales penasaran 😭,2024-12-31 19:17:41+00:00,negatif
"paakkkk tapiii aku jualan kebab dari agennya udh ada pemberitahuan bahan baku naik grgr ppn naik,padahal saya UMKM lohh😭",2024-12-31 19:17:32+00:00,negatif
😳,2024-12-31 19:17:30+00:00,positif
"sehat selalu bapak, sejahtera dan majukan terus untuk Indonesia kita ini ya pak🥰💙",2024-12-31 19:17:29+00:00,positif
🙏,2024-12-31 19:17:28+00:00,positif
"PPN naik, masa tahan’an 300T naik juga gk Min, klo gk naik skrng bnyak yg bercita-cita di bui 6,5thn dpt 300T apakah pancasila sila k’5 akan berubah “k’adilan bagi rakyat yg ber’uang?”",2024-12-31 19:17:23+00:00,negatif
"ya ampun detail banget caption nya..klo masih ada yg teriak""emng bener""buzzer, barisan sakit hati😂",2024-12-31 19:17:18+00:00,negatif
min bener gak klo pake qris kena pajaknya 12% ??,2024-12-31 19:02:08+00:00,negatif
"anak Abah malas baca, yg penting coment hahah",2024-12-31 19:02:05+00:00,positif
"terilhat kan min dari isi komen.
bahwa negara kita literasinya paling juara dari bawah 🗿 sabar yah min. kadang hidup harus banyak capenya.",2024-12-31 19:02:04+00:00,negatif
"belom apa-apa ada aja yang memanipulasi makan gratis, pake ada bayar wadah atau yang lainnya, emang korupsi itu seperti budaya yang melekat ya.
mungkin mereka yang melakukan itu berfikir ""jika yang itu bisa, kenapa kami ga ikutan juga, toh asal sopan dan berkeluarga hukumannya tidak sampai dibakar seperti korban yang masih diduga maling toa masjid"".",2024-12-31 19:02:04+00:00,negatif
mantap....tinggal urus pak uu perampasan hak angket koruptor pak...penyakit indonesia ini harus di sahkan,2024-12-31 19:02:00+00:00,negatif
Min aku tidur dulu ya,2024-12-31 19:01:59+00:00,positif
mindra yang sabar yaa😭,2024-12-31 19:01:56+00:00,negatif
kenaikan gaji guru apakah akan terlaksana januari ini?,2024-12-31 19:01:51+00:00,negatif
min udh min udh ganti tahun kasihan nyaaaaaa🙂,2024-12-31 19:01:49+00:00,negatif
"Gedek banget sama rakyat yang selalu membuat provokasi kepada pemerintah pak prabowo dengan melontarkan hoax, padahal mentaati pemimpin itu diajarkan dalam Al-Qur’an, lebih lebih pemimpin kita muslim.",2024-12-31 19:01:46+00:00,negatif
min harga rokok naik lagi nggak?,2024-12-31 19:01:35+00:00,negatif
SEHAT SELALU PAK PRABOWO INDONESIA MEMBUTUHKAN BAPAK,2024-12-31 19:01:28+00:00,positif
udh di kasi penjelasan sgni jelasnya masi ada yg ga terima faktanyaa dan tau kan skrng kayanya Indonesian harus ganti rakyat bukan pemerintah lgi,2024-12-31 19:01:24+00:00,negatif
gaji suamiku kok ga naik2 ya min... 😭,2024-12-31 19:01:20+00:00,negatif
wifi mulai tgl 1 januari dah naik bayarannya😁,2024-12-31 19:01:15+00:00,negatif
"duh malu sih yg kmrn pada koar koar nyesel milih bapak, pdhl belum tau kejelasan nya gmn tp udah keburu ngejudge. untung aku barisan setia hehe💗",2024-12-31 19:01:01+00:00,negatif
"min hp saya kok gampang ngebleng ya,,😂",2024-12-31 19:01:00+00:00,netral
🥰🥰🥰,2024-12-31 19:00:31+00:00,positif
membodohi rukyat dgn cara hawlusss,2024-12-31 19:00:18+00:00,negatif
gak diupload di ig min? @partaigerindra biar gampang dishare ke sosmed lain,2024-12-31 19:00:13+00:00,negatif
[foto] [photo],2024-12-31 19:00:09+00:00,positif
"PPN ga naik untuk semua barang
tapi yang kepanasan anak Abah sama pedeipeh",2024-12-31 19:00:08+00:00,negatif
"Min kata2 buat awal tahun donk,,🥰",2024-12-31 19:00:03+00:00,negatif
"barang jasa mewah Alhamdulillah..
jangan ribut dulu apa..biasakan dengerin dulu penjelasan p pres
baru komen..PD cerdas dikit",2024-12-31 19:00:00+00:00,netral
Sabar ya guys satu persatu diatasi dia kan baru jadi presiden,2024-12-31 18:59:59+00:00,netral
"Pembayaran indihome saya dari 296.000 menjadi 318.850 lumayan sekali kenaikan nya, Padalhan pembayaran selalu tepat waktu dan gak ada pemberitahuan ke konsumen saat ada kenaikan tarif",2024-12-31 18:59:51+00:00,negatif
alhamdulillah,2024-12-31 18:59:45+00:00,positif
Banyak yang gak baca caption heran🗿,2024-12-31 18:59:34+00:00,netral
"Tapi aku kemarin bayar listrik ke PLN dengan harga yang melambung, pas ditanya katanya ini udah naik PPN 12% dari bulan Maret 2024 :((( bener ga si",2024-12-31 18:59:27+00:00,negatif
Happy New Year Mindra,2024-12-31 18:59:24+00:00,positif
2022 pondasi rumah bru jadi.. 2024 masih begitu2 saja tiba2 ada telpn dri kantor pajak di suruh bayar ppn 12%..🥺,2024-12-31 18:46:29+00:00,negatif
"bapak, sehat sehat ya❤",2024-12-31 18:46:27+00:00,positif
"min netflik gimana?, belum tahun baru sudah naik harga nya😭",2024-12-31 18:46:23+00:00,negatif
min katanya klo PPNnaik gaji jg naik..,2024-12-31 18:46:13+00:00,negatif
min kalo buat gajih pokoknya udh naek blm hehehe,2024-12-31 18:46:04+00:00,negatif
"ini agak blunder min, krn mepet2 diumumkan ppn ga jd naik 12% kecuali yg mewah, barang2 byk yg udh terlanjur naik. Minta diturunin? susahhhh",2024-12-31 18:46:03+00:00,negatif
"dengerin , baca.
sembako tidak naik, besok kalau ke pasar ajak debat , suruhbaca caption @partaigerindra biar gak naik tu beras, 😂",2024-12-31 18:46:00+00:00,negatif
😅,2024-12-31 18:45:48+00:00,positif
😳😳😳,2024-12-31 18:45:35+00:00,positif
Semangat ya min buat terus menyadarkan 😭😭 Gua ga tau lagi dah harus ngasih penjelasan gimana lagi ke mereka-mereka itu😭😭,2024-12-31 18:45:29+00:00,positif
tetap aj kalo beli di minimarket apapun...ppn di kenakan ke pembeli🤣🤣🤣,2024-12-31 18:45:26+00:00,negatif
ga papa tabungan ku masih 300T aman.,2024-12-31 18:45:21+00:00,netral
Akhirnya makasih min😭 saya emosi bales in yg kemarin teriak2 ini🔥,2024-12-31 18:45:07+00:00,positif
Min info spar main ps,2024-12-31 18:45:06+00:00,positif
masih banyak org akal pendek di kolom komentar ini.. begitu jelas apa yg disampai kan president itu memihak wong cilik 🙏,2024-12-31 18:45:04+00:00,negatif
ancen wrg +62,2024-12-31 18:44:59+00:00,positif
admin gerindra vs iq masyarakat Indonesia,2024-12-31 18:44:58+00:00,positif
boonk dosa ya,2024-12-31 18:44:56+00:00,netral
menyala pak prabowo🔥,2024-12-31 18:44:54+00:00,positif
"1 rajab bertepatan 1 januari adalah doa yang mustajab.mari kita doakan semoga bapak prabowo di berikan kesehatan,umur panjang,di permudahkan segala urusan dan selalu dalam lindungan allah swt.",2024-12-31 18:44:49+00:00,positif
min kalo barang yg 120 JT itu kena ga?,2024-12-31 18:44:47+00:00,negatif
"tapi kenapa kebutuhan pokok masih selalu meroket
apalagi minyak goreng gula pasir dan sebagainya",2024-12-31 18:44:44+00:00,negatif
😁,2024-12-31 18:44:43+00:00,positif
"barang dan jasa mewah , PPn 50% juga gpp",2024-12-31 18:44:35+00:00,positif
"di simak y biar ngerti gk gagal paham, byk org lemot gagal paham
....",2024-12-31 18:44:35+00:00,negatif
"Ijin min di Jawa Timur ASN terkena byk pajak, ada pajak zakat 2,5% perbulan, pajaak bpjs di gajipokok dan di tunjangan tpg tw4 bahkan ada edarannya dr prov, bahkan jg ada yg hanya terima gaji 13 cm 52% yg harusnya 100%, tolong min di kroscek lumayan menncekik pajaknya😭😭😭",2024-12-31 18:44:33+00:00,negatif
iki tenan po ndak?,2024-12-31 18:44:30+00:00,negatif
"menyala presiden ku.
semoga sehat sllu.. pak",2024-12-31 18:44:28+00:00,negatif
"lu pd yg komen"" gaje. mending lu pd baca captionny dlu dh bru komen. dasar sdm rendah",2024-12-31 18:44:26+00:00,negatif
Min mobil brio nggak kan min gua mau nyicil brio min😂😂,2024-12-31 18:44:15+00:00,negatif
"eh lu bapak""/bocil"" yang komen apalah itulah baca captio makanya, jangn asal komen dasar negara dengan minim literasi😹",2024-12-31 18:33:06+00:00,negatif
hahahahahahahahahaha,2024-12-31 18:33:05+00:00,negatif
ok,2024-12-31 18:33:02+00:00,netral
lah kenapa makanan pokoknya naik harga dari minggu2 yang lalu kocak berarti ngaruh ke makanan pokok juga lh,2024-12-31 18:32:58+00:00,negatif
internet juga ikutan naik.. dia masuk k bidang apa? karna udh ad email PPN jadi 12% jadi hrga internetnya jadi naik,2024-12-31 18:32:47+00:00,negatif
Kalo skincare gimana pakk? 😭🙏🏻,2024-12-31 18:32:41+00:00,negatif
harga handphone baru tidak naik kan min ?,2024-12-31 18:32:35+00:00,negatif
"Min mau nanya , kan yg naik udh ada tu barangnya apa aja , kok di tempat saya barang2 di swalayan mulai hari ini naik min @gerindra",2024-12-31 18:32:31+00:00,negatif
naikin jg dnk gajinya,2024-12-31 18:32:26+00:00,negatif
keburu naik semua kocakkk,2024-12-31 18:32:24+00:00,negatif
AYO MEMBACA SEMUANYA JANGAN KOMEN SEBELUM BACA CAPTION🥹,2024-12-31 18:32:23+00:00,positif
jasa kontruksi pasti 12%,2024-12-31 18:32:22+00:00,negatif
"Voucher game online naik, nanti mahal aku mau pensi emangnya pak prabowo bisa rawat akun efef ku😡",2024-12-31 18:32:18+00:00,negatif
udah di upayakn semaksimal mungkin utk jangka panjang agar semua bs kondusif. smua Langkah yg presiden ambil pasti sdh di pikirkn kedepan'y agar tdk ada resiko bagi negara ini kedepan'y.,2024-12-31 18:32:10+00:00,negatif
"min mau tnyak, PPPK 2024 tes kmren regulasinya gimna.😑 semoga yg terdaftar di BKN lulus semuanya😩",2024-12-31 18:32:03+00:00,negatif
"barusan 1-1-25 pukul 01.15 ke alfa, tumben label harga dirak banyak yg tdk ada atau tdk tertempel. apa lg update ke 12% yah??",2024-12-31 18:32:01+00:00,negatif
resolusi 2025 apa min,2024-12-31 18:32:00+00:00,netral
ada baiknya baca capt nya adik2 + anak X yg rata2 banyak bikin thread yg enggak2🙏🏻,2024-12-31 18:31:56+00:00,netral
"Min tolong turunkan harga diamond epep, entar aku gendong min ampe GM klo mimin bisa turunin harga dm",2024-12-31 18:31:56+00:00,negatif
😎😎😎😎,2024-12-31 18:31:53+00:00,positif
"semangat jenderal, selalu dikuatkan, semangat min, warga kita emang banyak minim literasi, baca judul udah ngejudge, tapi masalah gak cm itu, oknum nya juga kebanyakan, malahan mkin oknum adalah mayoritas, jadi ya emang harus tetap semangat berjuang utk negri ini lebih baik, bravo jendral ku, bravo @partaigerindra",2024-12-31 18:31:53+00:00,negatif
🥰🥰🥰,2024-12-31 18:31:51+00:00,positif
"wifi oq ikutan naik min,gimana min",2024-12-31 18:31:49+00:00,negatif
ketar ketir orang kaya 😂😂😂😂😂😂,2024-12-31 18:31:49+00:00,positif
🥰,2024-12-31 18:31:48+00:00,positif
"Ada yang katanya, Upah UMR naik di Awal Tahun. yang merdeka Karyawan Tetap, yang jadi Bahan kambing hitam Karyawan Outsourcing / kontrak dengan upah Yang di tetapkan perusahaan bukan pemerintah.",2024-12-31 18:31:42+00:00,negatif
Sidakk ke pasar2 yang naikin harga sembako dg alasan PPn,2024-12-31 18:31:42+00:00,negatif
min follback dong semoga di follbak,2024-12-31 18:31:34+00:00,negatif
"sehat sehat admin gerinda, semoga tida cape menyalurkan keluhan rakyat yaa!",2024-12-31 18:31:24+00:00,positif
Pentingnya paham Literasi,2024-12-31 18:31:08+00:00,positif
Pak Prabowo aku tiange samean✌,2024-12-31 18:17:57+00:00,positif
Yuk warga Indonesia budayakan membaca🥰,2024-12-31 18:17:38+00:00,positif
min kalo alat elektronik brp ppn nya???,2024-12-31 18:17:17+00:00,negatif
"harus nya bapak jadi presiden dari 10th lalu paaaak....
ya Allah dr 2014 pak aturan bapak yg jdi presiden, sya sampe di musuhin sm orang² yg gak suka bapak pak waktu itu apalagi 2019,beuh bener bener yaaa",2024-12-31 18:17:09+00:00,negatif
percuma bayar pajak ... kalau nanti d korupsi,2024-12-31 18:17:01+00:00,negatif
"min maaf nih ya dari atas nya bilang gitu turun ke bawah jadi gini, bilangin ke bapak @prabowo perketat lagi pengawasan di bawah min",2024-12-31 18:17:01+00:00,negatif
min happy new year🥰☝,2024-12-31 18:16:56+00:00,positif
ok bagoes .,2024-12-31 18:16:56+00:00,netral
"Sabar min, Sabar !!! orang Sabar dada nya Lebar... yang banyak istigfar yaa min ngadepin Kita 🥳🥳",2024-12-31 18:16:45+00:00,negatif
ini org org yg gasuka sm beliau pada gabisa baca semua apa emg males baca? kemaren yg dukung prabowo kayanya dikata katain,2024-12-31 18:16:29+00:00,negatif
komentar,timestamp,sentiment
 [sticker],2025-01-25 09:53:30+00:00,positif
happy new york mindra🥰,2024-12-31 17:25:12+00:00,positif
happy new year min,2024-12-31 19:12:35+00:00,positif
"banyk yg pura"" ga liat nanti min 😳",2024-12-31 13:09:31+00:00,negatif
hebat min sedetail itu captionnya🥺 soalnya kalo ga dikaya gitu pasti pada salah paham nih warga +62,2024-12-31 13:04:37+00:00,netral
2025 ganti rakyat🗿🗿🗿 presiden udah bener tinggal rakyatnya aja yg blm,2024-12-31 13:28:11+00:00,negatif
"ga pernah ngeluh atas kebijakan apapun,karena tau Semua nya pasti untuk kebaikan jangka panjang nya",2024-12-31 13:04:38+00:00,netral
"alhamdulillah, terimakasih pak tetap meringankan rakyat kecil. kudu banyak yg tau nih",2024-12-31 12:50:11+00:00,positif
"terimakasih mindra udah memperjelas PPN12% ini jadinya seperti apa dan untuk apa.
titip terimakasih yg banyak min buat pak Presiden",2024-12-31 12:56:50+00:00,negatif
gue replay video ini pake proyektor biar keluarga gue yg pendukung abah itu tau!🙏🏻,2024-12-31 13:50:03+00:00,negatif
"capek banget jadi admin Gerindra, semuanya harus di jelasin ke masyarakat 🤣",2024-12-31 19:00:23+00:00,negatif
tidak peduli org mau ngmong apa tntang bapak... cuma bisa berdoa sehat pnjang umur pak 😊,2024-12-31 13:04:51+00:00,negatif
sebenernya dr awal ppn mw naik 12%. w baca berita jg cuma barang2 mewah/luxury. tp digoreng2 dr harga beras dll bahkan sampe ke harga sportify😭 yg bnr aje lah,2024-12-31 21:23:43+00:00,negatif
"sekedar masukan baik nya setelah ppnbm di berlakukan,pemerintah melakukan sidak harga ke pasar2 soalnya banyak pedagang yg menaikan harga dikarenakan miss informasi..",2024-12-31 13:26:33+00:00,negatif
"pernyataan resmi dari Gerindra seperti ini, tapi medianya masih menggiring opini min, jadi mana yang bener nih",2024-12-31 13:13:20+00:00,netral
yang bilang harga sembako naik ya emng setiap hari besar bahan sembako naik,2024-12-31 15:09:38+00:00,negatif
"pas mereka koar2 soal PPN naik 12% aku diem aja, soalnya masih nunggu penjelasan resmi yang sebenarnya tentang kenaikan PPN ini. dan ternyata, ga seperti yang banyak orang bilang. pokoknya, tetap sehat selalu pak presiden 🤲♥️",2024-12-31 14:35:57+00:00,negatif
"SEMANGAT BAPAK, KITA SELALU MENDOA KAN BAPAK. SEMOGA SEHAT TERUS BAPAK, SAYANG BAPAK ❤️",2024-12-31 13:47:26+00:00,positif
Cukup lengkap admin jelesinnya awas aja pada ga bacaa😣,2024-12-31 13:49:38+00:00,netral
"DI BACA INI PPN hanya berlaku barang mewah, contohnya pesawat pribadi, kapal pesiar, rumah mewah, jadi jangan semua barang naik,",2024-12-31 13:10:35+00:00,negatif
"BACALAH WE.. BARANG MEWAAAH! JANGAN KALIAN PIKIR SEMBAKO PUN BARANG MEWAH. KARENA MAKANAN POKOK SEBENARNYA WAJAR AJA MAHAL, APALAGI CUACA NGGAK BAGUS!",2024-12-31 15:35:16+00:00,negatif
"aku karyawan ritel, jam 8 malem udh cetak harga tgl 1 , tapi tbtb bbrp menit kemudian di hold karna ada revisi. ternyata karna ppn gajadi naik, gpp kerja 2x yg penting gajadi naik. terima kasih pa🙏🏻",2024-12-31 22:36:55+00:00,negatif
min kenapa shopee ku gak ada geratis ongkirnya ya?,2024-12-31 12:57:38+00:00,negatif
rakyat:malu ringan lek😹,2025-01-01 03:56:28+00:00,negatif
gimana tuh yg udah pada demo anjir awokawok😭,2025-01-01 01:30:49+00:00,negatif
ntahlah padahal aku pengangguran tapi kalo liat admin Gerindra cape nya smpe kesini🙂,2024-12-31 23:29:53+00:00,negatif
PASTI BANYAK PIKIRAN PAK PRABOWO🙁🙁,2025-01-01 02:54:25+00:00,positif
"sebenarnya dari kemaren2 sy sudah faham kalo PPN hanya untuk barang mewah,tapi yg sebelah selalu jawabnya efeknya berimbas ke bahan2 pokok jawaban mereka selalu begitu,gak ngerti dah sy...😂",2024-12-31 14:51:56+00:00,negatif
Terima Kasih Pak Prabowo yang sudah memikirkan Rakyat Indonesia.🥰🥰😇,2024-12-31 12:52:02+00:00,negatif
malem taun baru ngapain minn,2024-12-31 12:48:09+00:00,netral
"Min , caption nya sampai ngejelasin segitu nya😭",2024-12-31 14:15:27+00:00,negatif
"Jengkol ma pete kena pajak gk min?
bagiku mereka barang mewah😭",2024-12-31 13:03:28+00:00,negatif
2025 GANTI RAKYAT!!!!,2024-12-31 18:30:29+00:00,positif
"2025 ganti rakyat gak sih min😭 kek cape bnget baca komen,",2024-12-31 23:49:24+00:00,negatif
mindra sudah menguasai elemen apa saja skrg?,2024-12-31 13:22:25+00:00,positif
"byk yg gagal paham dsni,, hrga2 naek tu Dr tahun ke tahun udh ga aneh,, skrg kan Natal+tahun baru, taun dpn ada Imlek,, hari raya besar tu udh ga aneh pst naek,,",2024-12-31 16:05:25+00:00,negatif
"Keknya akhir tahun ini jadi roller coaster buat Admin Gerindra, yang sabar min😅",2024-12-31 16:41:32+00:00,negatif
"anak abah:
pura-pura ga liat",2025-01-01 01:28:43+00:00,positif
"saya pedagang min, nyatanya distributor2 penyuplai barang/jasa sudah mengumumkan kenaikan, pdhl bukan barang mewah.",2024-12-31 14:14:53+00:00,negatif
untuk bayar gaji ratusan menteri 😅,2024-12-31 14:23:03+00:00,positif
turunin harga weekly diamond pass,2024-12-31 18:12:18+00:00,positif
yg bilang sembako naik..bukannya kalo hari besar memang naik..krna permintaan pasar besar tp stok menipis? begitukan konsepnya?,2024-12-31 20:41:13+00:00,negatif
"Padahal jadi 12% bukan naik 12% itupun yg kena orang2 kaya yg ada barang mewahnya, tp yg demo malah yg menengah kebawah yg ga dikenakan pajak 12%, heran",2024-12-31 15:14:48+00:00,negatif
pak prabowo harus jadi persiden selamayh,2025-01-01 21:51:14+00:00,netral
emang ga salah milih pak Prabowo,2024-12-31 14:11:51+00:00,negatif
Yg komen bahan pokok pada naik bukanya setiap tahun baru dan hari raya bahan pokok tuh pada naik ya? Perasaan bukan tahun ini doang deh harga bahan pokok naik,2024-12-31 16:30:31+00:00,negatif
admin gerindra 2 periode😁😁,2024-12-31 12:52:21+00:00,netral
Mohon di baca captionnya ya para netizen🥰,2024-12-31 13:51:51+00:00,negatif
2025 ganti rakyat🙏,2024-12-31 21:23:38+00:00,positif
BACA CAPTION YAGESYA 🔥,2024-12-31 13:03:29+00:00,netral
"Sebenanrya Prabowo ini kelimpahan beban pemerintah sebelumnya yang amburadul, mudah2an bisa berpihak terus ke rakyat pak",2025-01-01 07:06:10+00:00,positif
"Bukannya klo ada hari² tertentu emg kadang sembako naik kan? kyk hari raya atau tahun baru, sembako gini kan emg kadang suka naik bukan karna ppn",2025-01-01 02:53:30+00:00,negatif
aku belum tidur dari 2024 sampai 2025😌,2024-12-31 17:47:10+00:00,negatif
"baru kali ini liat presiden yg langsung sigap rakyat koar² di sosmed minta pembatalan ppn naik + penjelasan
langsung di tanggepin😭🙏 sehat2 bapa",2025-01-01 05:59:57+00:00,negatif
min klo aku nge like vt ini bisa bikin dia balik lagi ke aku gk😔🗿,2024-12-31 12:54:00+00:00,negatif
ada yang ngajak mlm taun baruan ga min? kalo gaada mau saya ajak😂,2024-12-31 12:51:59+00:00,negatif
"ini yang pada komen harga sembako pada naik telor naik beras naik dll lah dri Thun kmrn jg kalau hari raya besar dan tahun baru pada naik, emng kalian pada ga sadar???",2025-01-01 01:46:05+00:00,negatif
"makasi min, suda menjelaskann sngat detail di komen, semoga wrga konoha ini bisa memahami 🙏🏾",2025-01-01 02:34:25+00:00,netral
saya percaya penuh dengan kepemimpinan pak prabowo semoga semua kebijakan yang di buat pemerintah bisa bermanfaat dan meningkatkan kesejahteraan rakyat,2024-12-31 12:50:18+00:00,positif
"ppn naik 12%untuk barng brng yang harganya mnjulang tinggi .
kaya tas spatu jam tangan brand mewah .
mnurut ku nih ya , ini buat orng orng suka beli brang mewah , dan bklan mikir lbih baik. menggunakan brng lokal . lebih mensejahterakan UMKM",2024-12-31 19:03:44+00:00,negatif
untung negara ini di setir gerinda kalo yang sebelah waduh sih,2025-01-01 02:11:27+00:00,negatif
mankanya gua gamau koar koar sebelum berita nya valid,2024-12-31 20:12:53+00:00,negatif
BACA CAPTION WOYYYYY🙏🏻!!,2025-01-01 01:35:49+00:00,positif
anak abah pura² ga liat....,2025-01-01 00:59:05+00:00,negatif
"tolong di pahami, PPn 12% itu hanya naik untuk barang dan jasa mewah yg terdaftar di PPnBM, jadi bukan untuk barang atau jasa umum lainnya yg diluar ppnbm.",2025-01-01 03:28:35+00:00,negatif
"Untuk mimin, dimohon bersabar kalo ada sebagian rakyat bapak yg menolak faham akan pajak ini, mereka belom sembuh dari sakitnya 🙏😌",2025-01-01 03:42:36+00:00,negatif
"lucu bngt sm mahasiswa kampus sebelah di kota ""P"" yg mau demo kenaikan pajak 12% pdhl sudah ditentukan dri awal pajak berlaku hanya untuk barang mewah🙏",2025-01-01 01:16:32+00:00,negatif
"kayu = 5th
ayam = 7th
300T = 6,5th💀
menyala negri ku",2024-12-31 16:31:01+00:00,negatif
turunkan harga chipset mediatek min 🙏,2024-12-31 13:06:46+00:00,positif
"dr dlu mamahku gapernah ngeluh kalo apa2 naik, skrg aku jg nerapin, krn mampu beli gamampu ya gausah dibeli. jd gak dibikin ribet. *kalo aku ya 🙏🏻",2024-12-31 21:32:49+00:00,negatif
"tapi tuh warung"" sembakon tuh pak memanfaat masalah ini hampir semua naik sekali gak abis pikir deh, tapi semoga cuma karena mau tahun baru aja. tapi kalau sampai klar tahun baru masih naik aja harga gak habis fikir sih",2024-12-31 23:14:10+00:00,negatif
pedagang dh kemakan isu ppn naik 12% anjr lah tolong kasih paham ke mereka 😭😭,2024-12-31 23:56:53+00:00,negatif
cape bngt ngedukasi anak abah😭,2025-01-01 11:21:20+00:00,positif
"adminnya bnyk pahalanya, krn sabar trs😭🙏",2024-12-31 20:09:50+00:00,negatif
"Kalau pada mgomomg “kok harga sayur,telur,cabe,bawang naik sih?” Karena nataru weii, abis nataru imlek, abis itu puasa, banyak permintaan tapi barangnya dikit karena blm masa panen, yuk 2025 pinter",2025-01-01 02:52:11+00:00,negatif
"2025 : harus sering membaca, menyimak dan memahami",2025-01-01 01:58:58+00:00,positif
makasih udh sebutin secara jelas di caption min,2025-01-01 04:32:42+00:00,netral
"alhamdulillah kalo emang jadinya PPNBM, semoga gaada oknum yang mengatasnamakan kenaikan ppn dan menaikan harga pangan dan barang barang yang memang tidak terkena dampak PPNBM ini.",2024-12-31 19:18:29+00:00,negatif
"jgn menyerah bpk untuk menjelaskan walaupun rahyat mu msih bnyak yg salah pngertian🙏🙏
sehat trus PAK PRABOWO🙏😇",2025-01-01 02:30:36+00:00,negatif
"Gk sesuai yg dilapangan 😅 udah pada naik juga barang"" dilapangan",2024-12-31 14:27:10+00:00,negatif
yang lucunya PPN naik hanya untuk barang mewah tapi para pengusaha ambil kesempatan untuk menaikkan harga diluar barang mewah. saran min untuk di kawal oleh dinas terkait agar harga tetap stabil,2024-12-31 15:33:54+00:00,netral
"tapi dah pada naik barang2 , tlong turun k pasar tradisional",2024-12-31 12:51:09+00:00,negatif
"yg pada bilang harga sembako tetep naik
emang dr dulu tiap kali menjelang hari raya pasti naik
kemarin natal, sekarang tahun baru, akhir Januari imlek, februari ramadhan, maret nyepi lanjut idul Fitri",2025-01-01 04:07:02+00:00,negatif
"Dear rakyat yg pinter2, kalian mempermasalahkan harga sembako udah naik??? Plissss itu tiap tahun juga naik meskipun gak ada berita ppn naik, kayaknya emang udah dari produsennya aja dinaikin. Soalnya",2025-01-01 23:53:41+00:00,negatif
2025 harus ganti rakyat,2025-01-01 03:33:53+00:00,negatif
"tiga kali saya pilih bapak dan saya hanya ingin melihat bapak memimpin negara ini, dan saya bangga sudah memilih bapak, semoga terus lebih baik lagi☺️",2025-01-01 01:47:18+00:00,negatif
"Dari awal emang gak pernah menyesal memilih Pak Prabowo, dari awal lihat Proker-nya aja udah buat saya kagum dan terlebih cara berpikir dan tindakan beliau ini benar-benar membuat saya tercengang saking bagus dan hebatnya. Beliau juga merakyat, mungkin faktor TNI juga. Ya intinya saya bangga banget punya Pak Presiden seperti Pak Prabowo dan saya juga bangga sama Gerindra!",2024-12-31 15:05:15+00:00,positif
"Listrik diskon 50% beneran😭 barusan ngisi token 100rb biasanya dapat 63kwh,ini ngisi 100rb dapat 126kwh😭🫶🏻🫶🏻",2025-01-01 01:59:42+00:00,positif
"haduh pak kacau2, anak abah gada bahan lagi buat goreng sampe gosong, mereka pasti gabisa tidur.",2024-12-31 15:48:12+00:00,negatif
"aku mah ikut aja min, kasian kamu min pusing ditanyain ini itu udh kaya google😔",2024-12-31 15:12:18+00:00,negatif
"tapi aku suka kalo terbuka begini diumumin. ga diem"" dari media",2024-12-31 16:46:18+00:00,negatif
"pajak naik gak masalah.. selama itu uang pajaknya tepat di alokasikan kemana, ga di korup , dan yg pasti UNTUK KEPENTINGAN BANGSA DAN NEGARA BUKAN PEJABAT",2024-12-31 14:03:59+00:00,negatif
Disinilah literasi masy indo di uji pas baca caption mindra,2024-12-31 14:24:32+00:00,negatif
"padahal tiap mau tahun baru itu memang semua sembako naik.. Dan harusnya nggak jadi Hal baru buat masyarakat...
tapi kok dikaitkan sama ppn 12% ya😁",2025-01-01 01:31:22+00:00,negatif
min...harga sembako pada naik..!!tolong disidak para pedagang dipasar..,2025-01-01 07:06:19+00:00,negatif
BACA CAPT WOY SAMPE BAWAH,2025-01-01 04:25:53+00:00,netral
"saya gapernh menyesal memilih bapak, meskipun banyak isu diluaran sana saya tetap membela bapak😭.saking cintanya saya dan percaya sekali bapak adalah orang yang baik.. sehat selalu ya pak ,jangan capek""",2025-01-01 03:25:37+00:00,positif
sayangnya masih banyak orang yg ga paham,2024-12-31 17:21:18+00:00,netral
"kado indah awal tahun, tarif pln diskon 50%, rakyat jg ikut merasakan 😊",2025-01-01 08:43:56+00:00,positif
"hello para UMKM pastikan lg harga barang kalian, krn pengumuman presiden kan hanya brg mewah, jd klo di luar brg mewah ttp naik harus segera di laporkan, biar tdk ada kerugian untuk rakyat2 menengah",2025-01-01 01:00:04+00:00,negatif
guaa gapernah mau ikut2an soal ini si karena gua percaya bapak pastiiii bisa handle dan menyelesaikan ini.. makasih bapak❤️,2025-01-02 00:38:30+00:00,negatif
kok banyak yg ga paham ya..harus pake bahasa apa biar rakyatnya mengerti dan paham..hadeuhh,2024-12-31 14:27:19+00:00,netral
dijelasin sedetail-detail nya ya min😭😭,2025-01-01 05:47:31+00:00,netral
"gue posting ulang video ini biar anak abah
itu tau",2024-12-31 18:51:12+00:00,negatif
sabar ya min menghadapi anak abah☺️👍mimin pasti kuat💪titip salam buat pak prabowo😁🙏,2024-12-31 13:58:13+00:00,netral
2025 ganti rakyat.,2025-01-01 01:26:33+00:00,positif
"mimin udah ketik panjang lebar, keterlaluan masih ada yg ga ngerti😭😭😭... tpi kalo ada yg ngerasa dipotong 12% setelah membeli berarti mereka mampu sesuai caption mimin.. beli jet 😂😂😂",2024-12-31 16:00:46+00:00,netral
omg🥺🥺🥺 pak 🫰🏻🫰🏻🫰🏻,2024-12-31 14:21:15+00:00,positif
anak abah: ku kan menghilang dalam kehampaan😹😹,2025-01-02 00:02:20+00:00,negatif
caption nya panjang tuhhh dibaca coba dengan seksama 🤭,2025-01-01 10:38:43+00:00,netral
"mimin keren ngetik ampe detail kaya gitu,,tp sayang min dr 18k komen lebih yg baca caption lu cuman 500 netizen doang😭😭",2024-12-31 19:01:36+00:00,negatif
awas aja pada ga baca🫵🏻,2024-12-31 14:15:12+00:00,netral
2025 GANTI RAKYAT,2024-12-31 21:37:46+00:00,positif
2025 ganti rakyat 🤣,2025-01-01 01:36:46+00:00,positif
klo pak prabowo benar membela rakyat .sy doakn bpk sht dan pnjng umur,2024-12-31 22:09:30+00:00,positif
"admin gerindra setia jawabin komen, mana ketikan titik komanya pas bgt lagi sesuai kbbi😭",2025-01-01 01:22:02+00:00,netral
keknya cape bgt jadi admin gerindra😂😭,2025-01-01 02:29:59+00:00,netral
"tuhkan bener, ga mungkin semua naik 12% udah yakin gw pasti yang naik barang mewah, sama plek pajak orang menengah ke atas itu pajaknya lebih gede dibanding menengah kebawah, gunanya untuk pemerataan",2024-12-31 21:05:57+00:00,negatif
alhamdulillah indomie gw kgk naik cuy 🥰🥰👏👏,2025-01-01 03:08:07+00:00,positif
"Min kenapa harga ikan murah ya, kasian para nelayan",2024-12-31 12:47:52+00:00,netral
kok keren si anjr mimin gwrindra ini dah😭,2025-01-01 05:00:36+00:00,netral
"terima kasih pak, aku barusan isi token 200rb 2x isi dengan daya 1300 dapet kwh 269 😭 ku pikir cm bisa isi sekali ternyata dicoba 2x bisa dapet 50% jg",2025-01-01 15:50:39+00:00,negatif
"SEMOGA PAJAKNYA GA ADA YANG DIKORUPSI, BISA DIGUNAKAN SEMESTINYA",2024-12-31 13:13:21+00:00,netral
sbg admin swalayan. sukurlah ga ikut naik jd 12%. cape weh ngitung modalnya klo iya mah😭 diganti modal baru semua wkwkw,2024-12-31 19:07:45+00:00,negatif
"baru kali ini sy sepercaya ini sama presiden klo beliau pasti bakal tulus dan kasih yg terbaik buat rakyat,sy percaya bapak bisa.sy sebagai rakyat hanya bisa mendukung dan mendoakan yg terbaik 🙏",2024-12-31 14:03:04+00:00,netral
min turunkan uang Panai kami di suku Bugis uang Panai nya gak ngotak 🗿,2024-12-31 13:58:33+00:00,negatif
kalo bapak prabowo sdang brbicara. aq slalu dengarkan baik2 dengan kpala dingiin.. loveyou pakk.. aku prcya appun kputusan bpk itu yg trbaik bwt bgsa,2024-12-31 14:38:55+00:00,negatif
"yah tadinya mau beli BMW M4, ngk jadi deh. bukan karena PPN naik, tapi ngk ada uangnya 🗿",2024-12-31 16:22:15+00:00,negatif
"minta tolong min dra, lebih di perhatikan lagi para petani kita,,,, harga pupuk pada mahal tapi harga sayur sangat murah,,,,kami hanya mengandalkan hidup dari hasil kebun,,, walaupun ada program bantuan buat para petani cuman masih gak ngaruh di plosok².
semoga ada kecerahannya dan solusi agar lebih sejahtera para petani Indonesia kedepannya!
TERIMAKASIH PAK PRABOWO",2024-12-31 14:44:30+00:00,negatif
"Prabowo p nya apa
pria sejati
pria jujur
pria pekerja keras
pahlawan ku
pria menepati janji kepada rakyatnya
🙏🙏",2025-01-01 02:33:34+00:00,positif
"Banyak yang salah paham terhadap kebijakan baru ini ya minn,pasti mimin capek🥺",2024-12-31 15:20:43+00:00,negatif
"Perbedaan lembaga
Eksekutif = presiden & Menteri-menteri
Legislatif = DPR, MPR, DPD
Yudikatif = Hakim, mahkamah agung
nah presiden ga ada hak kalo masalah Yudikatif karna presiden itu E",2025-01-01 02:12:36+00:00,netral
"min mau minta saran, kalau kami beli apa apa ternyata menemukan ada oknum yang menaikan harga karena dibilang Ppn jadi 12 persen (bkn brg mewah), kami harus bagaimana ya min?",2025-01-01 04:26:44+00:00,negatif
KANGEN 2024 😭😭😭,2024-12-31 19:22:01+00:00,negatif
tapi min di lapangan banyak juga menaikkan harga meskipun tdk termasuk kena pajak 12%.. alasannya juga gitu pajaknya naik..,2024-12-31 16:47:30+00:00,negatif
pak prabowo sudah melakukan hal yang benar.. cuma para pedagang yg menaikan hrga sendiri.. karna adanya informasi kenaikan,2025-01-01 06:13:51+00:00,negatif
lagian kalo beneran naik khan cuma naik 2 persen kalo harga 20.000 cuma jadi 20.200 jadi kenaikan barang sembako dll itu bukan karna kenaikan PPN tapi memang dari pedagang atau produsen,2025-01-01 10:57:25+00:00,negatif
"pasti bapak cape ya pakk, jangan lupa istirahat ya pak🥺",2024-12-31 17:36:49+00:00,netral
betul gula aja udah naik 17.5 saya sebagai yg punya kedai sudah merasakan.harus sidak ke pasar takut ikut pada naik.padahal ini hanya untuk barang mewah,2025-01-01 01:29:31+00:00,negatif
selamat tahun baru min,2024-12-31 12:53:13+00:00,positif
"kalo demi bangsa dan negara bagiku tidak masalah karna waktu sekolah aku terbantu oleh program kartu ip trus waktu operasi aku terbantu oleh kiss,darimana itu kalo bukan dari pajak,.",2024-12-31 23:15:37+00:00,negatif
"mindra yang semangat ya menghadapi berbagai macam masyarakat Indonesia, yang kuat ya mindra😀",2025-01-01 04:53:15+00:00,positif
istirahat ya pak😓,2024-12-31 23:30:16+00:00,positif
"min tolong hapuskan pajak 10% bagi para pedagang micro. kasian org mau makan aja d kasih pajak. kt sbgai pdg mau naikkan harga jg mikir2, kasian sm konsumen. smg aja d balas",2024-12-31 22:29:48+00:00,negatif
"Banyak yang gagal faham ,dikiranya naik semua 12%
barang2 , astaghfirullah...
padahal hanya tertentu saja yg naik,itupun naik 1% dari 11%",2024-12-31 14:43:26+00:00,negatif
buat yang bilang harga sembako pada naik. itu wajar ya karna memang sedari dulu kalau tahun baru/ ramadhan/ lebaran memang naik loh...,2025-01-01 00:48:36+00:00,negatif
"min, kamu gen z ya?😭😭",2025-01-01 02:59:31+00:00,negatif
Semangattt minn jelasinnnya emangg kalau ga dijelasinn suka pada salah paham😭,2025-01-01 04:10:42+00:00,netral
min tolong listik di turunin. masa token PLN beli 100 dpt cuma 60 RB,2025-01-01 02:32:42+00:00,negatif
"real ihh yg beras 10kg/bulan, ayah ku juga dpt 😍🫶",2025-01-01 02:06:38+00:00,positif
"Cek Kenyataan Di Lapangan Min!!!
Cek Pasar Tradisional Apakah Real Kenaikan Itu Untuk Barang Mewah
Agar Tujuan Presiden Selaras Bukan Jadi Malah Jadi Imbas oke",2025-01-01 06:04:11+00:00,negatif
"kasian admin GERINDRA sampe ngetik panjang dan jelas di caption nya🥺 tapi masi banyak orang yang gk paham/mls membacanya,",2024-12-31 13:58:24+00:00,netral
SEMANGAT TERUS BAPA PRABOWO HARUS BISA BAWA BANGSA INI MENJADI SANGATT maju🥳💪💪,2025-01-01 01:50:24+00:00,positif
"min mksh berkat program pa prabowo sy bsa kerja stlh nganggur lama, kbtln sy krja di relawan makan siang gratis untuk anak sklh dg gaji 1,2 sdh alhamdulillah skli sy dr kab kuningan🥰",2025-01-02 05:19:04+00:00,positif
"pernah ada yg bilang ke gw ""memang PPN 12% itu buat orang kaya tapi kan pedagang di sekitar bakalan ngikut naik."", bro kalo misalkan pedagang mau naik itu hak dia dan bebas dia ngasih harga berapa aja",2024-12-31 13:14:30+00:00,negatif
Semenjak presiden pak Prabowo setiap ada masalah dan ketika rakyat gk setuju langsung didengar sama admin Gerindra dan langsung di kasih solusi 😁 gk kayak dulu makasih pak,2025-01-01 16:17:13+00:00,positif
"tolong di informasi kan ke atasan min, per tanggal 1 ini, harga obat dll di pertanian mulai naik, sedangkan itu kebutuhan masyarakat kecil, tolong di kordinasi kan lagi, daerah Kaltim, kutai kartanega",2025-01-01 03:56:47+00:00,negatif
duh...gimana kabar orang sekitar saya yang pada postang posting tolak kenaikan PPN...,2025-01-01 01:56:19+00:00,negatif
"jujur aja, gw ga kangen sekolah🗿",2025-01-01 03:44:24+00:00,netral
"min tolong didata ulang yang dapat bantuan bansos, masa yang muda"" dapet,disini yg dapet masih mudah dan masih mampu bekerja yang dapet,nanti jadi males bekerja dan ngarepin bansos terus 😌",2025-01-01 00:18:05+00:00,positif
@Remmyxy: yang bilang harga sembako naik ya emng setiap hari besar bahan sembako naik,2024-12-31 18:21:00+00:00,negatif
"biasain tonton sampe abis ya gaes, klo gamau ribet liat caption nya ajaa",2025-01-01 01:30:32+00:00,negatif
min tolong kasih turun harga berat badan☺️,2024-12-31 17:45:25+00:00,negatif
bio nyaa😭🙏🏻,2024-12-31 17:42:52+00:00,positif
"tinggal di sidak aja di lapangan ke pasar pasar contoh paling prioritas , sebab sebagian bahan pokok sudah ada yang naik harga nya",2025-01-01 01:00:01+00:00,positif
min kamu kok sabar bgtt sih ngerespon semuanya aku tau loh min kamu capek aku aja kalau di posisimu bakal muak banget 😭,2024-12-31 17:16:56+00:00,negatif
"min saran aja sih minta di cek lg, bbrp perusahaan yg punya karyawan gajinya dibawah 10jt udh kena ppn diam"" bahkan ada yg lbh dr 12%, dr sejak bulan september 2024. semoga di sosialisasi lg min, kasian mereka gajinya cuma 4jt dipotong""",2024-12-31 23:12:08+00:00,negatif
"ini gerindra abis ini menyelidiki ya pls, atau ga kasi informasi yang singkat dan jelas, MASA MAKANAN PADA NAIK YANG JUAL BILNH KRNA PPN 12% apalagi di pasar 😭😭😔😔",2025-01-01 00:12:39+00:00,positif
"Yang pada bilang harga sembako udah naikk, bapak ibuk sekaliaannn, biasa nyaa jugaa hari2 besar psti sembako pada naikkkkk 😭😭😭😭 apalagi ini rentetan bangett, natal, tahun baru, imlek, puasa, lebaran. Ya Allah 😭😭😭😭",2025-01-01 03:46:22+00:00,negatif
omon omon aja😁😁,2024-12-31 12:58:30+00:00,netral
"paa karyawan retail kesian pak kerja shift2an tp ga dbyr lembur, dtmbh klo tgl merah gblh libur🥹",2025-01-01 16:01:51+00:00,netral
gelooo detail bangett miinn menyalaaa🤙,2024-12-31 13:29:05+00:00,netral
WiFi juga kenapa naik ppn nya pak😭😭,2025-01-01 14:14:15+00:00,positif
"Alhamdulillah terima kasih tolong apabila sudah ditetapkan, mohon diperiksa di lapangan keadaan yg sebenarnya guna mengurangi oknum2 curang",2024-12-31 17:53:43+00:00,negatif
"ayo kampanyein, buat produsen yg ga terkait brg mewah kembaliin harga dasarnya ke awal",2024-12-31 16:54:00+00:00,negatif
Admin Gerindra bisa kuat ya reply komen para masyarakat Indonesia. semangat Admin gerindra 🥰🥰🥰👍👍👍,2025-01-01 00:22:55+00:00,positif
"admin gerindra mengusai semua elemen 😂,sehat selalu admin",2024-12-31 20:34:28+00:00,positif
Min caption nya simpan di komentar biar bisa di copy paste ☺️,2024-12-31 18:32:53+00:00,netral
min lebih keren motor scoopy atau vario?,2024-12-31 12:53:23+00:00,negatif
"tahun depan gw balik yaa, bye...",2024-12-31 16:39:38+00:00,positif
absen sebelum tahun baru 🎆🎇🎉,2024-12-31 14:30:18+00:00,positif
"admin Gerindra sudah mulai aktif kembali, menyala wii❤️‍🔥",2025-01-01 04:09:44+00:00,positif
"kenapa bukan namanya ppnBM yang naik, malah di tulis ppn dalam undang undang",2024-12-31 13:08:39+00:00,negatif
"Sudah Naik Semua Min, baik barang mewah maupun bukan barang mewah semuanya Naik",2024-12-31 14:43:41+00:00,negatif
"min kamu harus tahu dilapangannya sekarang kebutuhan kaya skincare,makeup,banyak deh pokoknya yang kecil² gitu juga udah naik 😭",2024-12-31 21:16:36+00:00,netral
"baca caption serasa baca koran, panjanggggg, mantap min, auto share.",2024-12-31 23:20:20+00:00,positif
ini kalo semisal di lapangan nggak sesuai lapornya keman ya?,2025-01-01 01:44:10+00:00,negatif
"Aktual di lapangan berbeda, banyak penyedia jasa menaikkan PPN sebelum keluarnya pengumuman resmi dari Presiden. Tolong di kroscek ke lapangan min",2025-01-01 02:30:32+00:00,positif
Ijin bapak presiden saya belanja untuk jualan diwarung kata penjualnya harganya dinaikan persiapan ppn 12% kalau sdh ga jadi naik ini bagaimana bapak mohon petunjuk 😭,2024-12-31 16:31:42+00:00,negatif
"eta harusnya teh diralat ""besok PPnBM naik 12%"" bukan ""PPN besok naik 12%"" kalo kalimatnya begini beberapa orang masih bisa berasumsi bahwa yang naik itu PPN bukan PPnBM, meskipun pak prabowo sudah menjelaskan sedemikian rupa.",2025-01-01 03:25:22+00:00,negatif
hidup jendrallku bapak prabowoo,2025-01-01 01:15:12+00:00,positif
"Udah PPN 12% gajadi naik, trus bayar listrik 50% selama 2 bulan .. lope sekebon bapak ❤️❤️❤️❤️❤️❤️❤️❤️❤️❤️",2025-01-01 08:48:46+00:00,negatif
"kayu = 5th
ayam = 7th
300T = 6,5th💀
menyala negri ku🔥🔥🔥",2025-01-01 02:45:24+00:00,negatif
"min akibat salah paham ppn naik, sembako pada naik min🤣🤣",2024-12-31 12:57:23+00:00,negatif
gk cape ngetik caption nya min? 🗿,2025-01-01 00:45:55+00:00,negatif
prabowo p nya apa? ppn 12% lahh 🤣🤣,2024-12-31 12:50:39+00:00,negatif
"Saya pernah kecelakaan kerja min, fatal patah bagian bahu, tapi di bilang atasan dapet uang nya sekitar 5jt'an trus di berentiin kerja kalo di urus ke BPJS ketenagakerjaan, jadi ga saya urus 🥲",2025-01-01 00:06:13+00:00,negatif
Tetep aja min anak anak wabah gabakalan ngerti🤣tapi yang penting mimin udah ngasih informasi sih🥰semangat terus min,2024-12-31 15:47:31+00:00,positif
malem tahun baru enaknya bakar bakar atau ngapain minn,2024-12-31 12:56:41+00:00,negatif
tapi min bukti ny di lapangan pada naik min pada ikut2tan naik semua coba aja min cek kelapangan bkn barang mewah aja kebutuhan masyarakat kecil semua pada naik,2025-01-01 03:03:45+00:00,negatif
min ipon turunin harga nya jadi 2rb plis 😓🙏🏻,2025-01-01 05:51:15+00:00,negatif
tp kenyataan nya smua fomo naikin pajak.. pdhl peraturan hanya untuk barang mewah,2024-12-31 17:57:38+00:00,negatif
Yg Sabar Ya Min Walaupun Mimin Di Angap Meguasai Semua Elemen Kehidupan,2024-12-31 15:53:54+00:00,negatif
gampang nya PPN itu sama aja cuman berlaku pada barang mewah.,2024-12-31 19:36:30+00:00,netral
min turun kan harga Pertamax jadi 5k full tank🙏🏻,2024-12-31 18:59:45+00:00,negatif
Min mau mie aceh ga ?,2024-12-31 12:51:32+00:00,negatif
"alhamdulillah semakin jelas yaa tentang masalah PPN 12% ini,
terimakasih Pak Presiden Prabowo 🫡",2024-12-31 22:55:18+00:00,negatif
mindra besok mancing ayo,2024-12-31 15:19:08+00:00,netral
"sabun mandi,detergen, kopi saset,mie instan, teh itu semua barang mewah makanya naik jadi 12%😭😭😭😭 hampir semua supplier udh ngomong naik, jadi man yg benar?? bikin bingung banyak orang",2024-12-31 15:02:13+00:00,negatif
jd kenaikan barang2 sekarang itu GARA2 akhir tahun 🫵🏻,2024-12-31 14:42:27+00:00,negatif
berarti undang-undang nya harus direvisi. bukan cuman konverensi pers.,2024-12-31 16:02:23+00:00,negatif
min aku kangen kerandomanmu 😭,2024-12-31 13:37:21+00:00,positif
Menurutku sih kalau seharusnya naik ya mendingan di naikin aja. toh pemerintah juga sudah memikirkan matang² demi masa depan indonssia,2024-12-31 15:34:38+00:00,negatif
ADMIN TURUNKAN SEMUA HARGA TOPUP ADMIN 😋😋,2024-12-31 18:33:07+00:00,negatif
"Yakin bahan-bahan pokok gak bakal ikut naik?,kalo ampe ikut naik gegara bahan baku pengusaha kena ppn gw tandain lu ya min 😂",2024-12-31 14:35:05+00:00,negatif
"intinya para netizen yang terhormat, captionny sudah tertera dengan jelas, jadi dibaca sampai habis supaya paham!! semangat pak presiden 🔥❤",2024-12-31 16:03:43+00:00,positif
posting ulang ah biar pas beli beli org naikin. harga alesannya ppn bisa ditunjukin,2024-12-31 22:57:29+00:00,negatif
"akhirnya mindra hadir membawa angin segar, terimakasih🙏🏻",2024-12-31 13:35:27+00:00,negatif
"Min, saya kerja di bidang penjualan handphone, di mall millennium medan, saya mau tanya min, buat penjualan oppo atau vivo dari perusahaan mereka naikan pajak 12%, dan tempat kita menyewa tempat juga dinaikan 12%, apakah itu barang mewah min, terima kasih, tolong dibantu jawab ya min 🙏🏻",2024-12-31 23:30:47+00:00,negatif
"yg kuota internet itu gmna min?? parah bngt kuota internet sekarang cmn 28hari trs harganya naik juga, udh mahal tambah mahal",2025-01-01 05:29:14+00:00,negatif
komen ah biar satu tahun yang lalu🗿🗿🗿,2024-12-31 15:04:52+00:00,positif
"mudah²an tidak diikuti dengan kenaikan BBM yah, klo itu ikut naik krna dampak ini sudah d pastikan semuanya ikut naik",2024-12-31 12:50:31+00:00,negatif
Senjata api dijual legal di indo kah?,2024-12-31 14:23:25+00:00,negatif
tetap semangat pak Prabowo,2024-12-31 15:39:18+00:00,positif
"min, kok diskon di tiktok shop gw dikit ya?",2024-12-31 22:53:22+00:00,negatif
"Allahumma shoyyiban naafi'an 🤲
Alhamdulillah hujan☺️siapapun yg baca semoga di beri kesehatan berlimpah, umur berkah barokah, hajatnya segera tersampaikan🤲 Aamiin 🤲",2024-12-31 13:12:14+00:00,negatif
min bapaku sudah 30thn kerja honorer... waktu pengumuman p3k kmren beliau cuma dpt r3 aja.... apa gak kasian sudah mengabdi dari lama😭,2024-12-31 12:54:43+00:00,negatif
malam ini lagi bakar² ap min? 😁,2024-12-31 17:17:49+00:00,negatif
"gua kek mikirinya tuh emang pak Prabowo emang mau ngeharumin namanya,secara dia udah tua dan bisa jadi nggak bisa sampe 2 periode so dia kek all in supaya dia dikenal baik sebagai presiden",2024-12-31 18:32:22+00:00,negatif
oke harus di hapalin apa aja yg jadi 12%karna ujian pajak ku tergantung ppn ini🗿,2024-12-31 14:08:49+00:00,netral
"mana baru beli private Jet lagi gw
😭",2025-01-01 02:31:00+00:00,positif
"dripada bantuan turunnya k orang itu"" ja,mendingan harga"" terjangkau,sembako,pupuk dll..jadi smuanya merasakannya...",2024-12-31 15:08:27+00:00,negatif
"Akhirnya ada penjelasan yg lebih sederhana yg mungkin mampu di cerna oleh rakyat (i hope so), udah jelas arah pemimpin kita kemana arahnya. Thanks Bpk presiden, thanks admin gerindra",2024-12-31 15:11:42+00:00,netral
"yeyy ,mie ayam ku gk kena ppn😋😋",2024-12-31 13:49:33+00:00,negatif
klo ada pedagang yg naikin harganya dg alasan naik pajaknya Gmn min? pdhal dagangannya ga masuk kategori PPnBm..,2024-12-31 22:19:12+00:00,negatif
indomie harga nya tetep atau naik?,2024-12-31 12:49:58+00:00,negatif
KAK TIKET PESAWAT DI KALTIM KHUSUSNYA PENERBANGAN PESAWAT KECIL ANTAR KABUPATEN NAIKNYA GAK NGOTAK BGTT☺️☺️SAMPE BEDA 200K DNG TAHUN 2024😔,2025-01-01 02:03:29+00:00,netral
"Min, saya pedagang. Di faktur tertulis pajaknya naik jadi 12%. Harga yg dijual semua ganti. Saya bingung, yg kami jual kebutuhan pokok tapi tetap kena pajak 12% yg katanya hanya untuk barang mewah 🙏",2025-01-01 02:54:36+00:00,negatif
"pak, udah 2025 tapi saya masi jomblo pak!!",2024-12-31 18:28:03+00:00,negatif
"ppn udh diberlakukan hari ini, seharusnya dikasih penjelasan mendetail brg apa aja yg dinaikkan ppn nya dri jauh² hari ga si? soalny semua toko udh blg akan dinaikkan karena ppn.",2025-01-01 01:53:18+00:00,negatif
"btw yg pd naik harganya coba tunggu seminggu,tunggu kabar ini kesebar",2024-12-31 14:55:52+00:00,negatif
p adu jam 2:13,2024-12-31 19:13:54+00:00,negatif
"barang2 naik tapi hasil panen petani ga menentu gimana min? tolong lah mereka2 naikan harga2 hasil panen kayak sayur mayur, cabai, buah dsb",2024-12-31 14:26:01+00:00,negatif
"tapi di berita barang barang pokok malah naik? kaya sabun, deterjen, shampo dll",2024-12-31 13:00:59+00:00,negatif
"jadi PPN apa PPNBM?
kemarin PPN, sekarang PPNBM..",2024-12-31 14:46:17+00:00,negatif
"MIN TOLONG BILANG KE BAPAK SURUH NAIKKAN HARGA PINANG,, MASAK 4000 SEKILO",2024-12-31 13:24:11+00:00,negatif
aku tidur dulu yaa😚,2024-12-31 14:31:45+00:00,positif
"kadang2 JD lahan kesempatan ga sih buat yang berdagang,,",2024-12-31 23:18:01+00:00,netral
Caption nya panjang lebar😭😭,2024-12-31 14:17:21+00:00,positif
"punten min, tpi yang kerja di retail khususnya di gudang (alfa) udh kena pajak pph🙏🏻 g tau juga untuk daerah lain tapi didaerah karawang udah kena min, pdhl gajinya hanya 5,1 🙏🏻 mohon penjelasanny",2024-12-31 14:29:11+00:00,negatif
saya ngga percaya.. soalnya sya jualan bkan barang mewah tapi harganya smua naik krna PPN naik,2024-12-31 13:46:47+00:00,negatif
"mlm thn baru gk bakar"" min🗿",2024-12-31 15:19:35+00:00,negatif
masih nunggu UU rapasan aset min🔥,2024-12-31 13:38:23+00:00,positif
gak salah tuh?? sembako udh pd naik ya. tuh si bahlil bilang bbm aja naik 12%. distributor sembako dr brp bulan lalu udh naik. alat produksi di pabrik emg gk masuk barang mewah??,2024-12-31 19:38:32+00:00,negatif
"nyatanya min, semuanya pada naik. internet, BBM, paket sembako pada naik. kan nggak semuanya dari perkotaan",2025-01-01 05:06:37+00:00,negatif
tagihan wifi saya kok ikutan naik😭,2024-12-31 16:41:30+00:00,netral
"kayu = 5th
ayam = 7th
300T = 6,5th💀
menyala negri ku🔥🔥🔥",2025-01-01 12:23:11+00:00,negatif
Bahan pokok pada naik karna seasonal aja gak sih? Tiap akhir taun suka naik kan emg ?,2025-01-01 04:18:24+00:00,negatif
LC naik gak min ?,2024-12-31 17:30:02+00:00,negatif
"Aku usaha toko sembako, sales2 sprti wings udh ngasih tau barang2 akan naik sesuai kenaikan ppn 12%. Di aplikasinya pun sdh trtulis mulai 1januari25 harga naik sesuai kenaikan ppn 12%. Hmm selevel mi instan berarti barang mewah ya.",2024-12-31 23:54:15+00:00,negatif
"Tapi mungkin gak sih ada ""pengusaha"" yang menaikan harga dengan alasan ppn 12% padahal ""katanya"" ppn 12% cuma buat barang mewah",2024-12-31 14:25:04+00:00,netral
"kak kalau buka toko kan suka ada barang kiriman dari sales, nah itu ada tarif ppn nya kan. Apakah nanti kira2 akan terkena pajak 12%?",2024-12-31 13:49:12+00:00,negatif
entar juga semua barang ikut naik,2024-12-31 22:11:59+00:00,negatif
"telat telat woy dipasar harga harga udh pada naek bjir, santen kara aja skrg udh 5rb 🤣",2024-12-31 14:50:56+00:00,negatif
"Barang elektronik, spearpart naik boskuu, mungkin awal Januari bakal naik semua termasuk bahan pokok 🙏",2024-12-31 14:33:05+00:00,negatif
"min saran tahun 2025 ini , sampaikan ke kementrian terkait yg berhubungan dengan bantuaan,klo bisa yg data orng kementrian langsung Biar tepat sasaran.",2025-01-01 03:03:03+00:00,negatif
semoga tahun depan gaji guru bener2 naik ya pak 🤲🙏 kita sebagai guru hanya bisa berdoa dan berharap lagi dan lagi,2024-12-31 17:23:30+00:00,negatif
Dapet 😩EMAIL BULANAN WIFI NAEK Lho gimana 😩dahh woy,2024-12-31 19:27:58+00:00,negatif
komen ah biar 1thn yang lalu😹,2024-12-31 13:34:31+00:00,positif
"Aku kerja di Apotek, sebelum tgl 31 sudah dapat info dari PBF terhitung 1Jan harga obat ngikut PPN 12%😌",2024-12-31 15:52:47+00:00,negatif
"min saya UMKM Bidang Kedai Kopi dari kota makassar
apakah fresh milk /UHT,Air Mineral dan Susu Kental manis apa dikenakan PPN12%
Soalnya di daerah saya di distributor sudah pada keluarkan surat ppn12%",2024-12-31 19:20:40+00:00,negatif
"Oh ternyata begini toh, tapi kenapa di setiap grosir dan warung-warung kecil. Malah ramai menaikkan harga sembako dan juga harga-harga kopi Min 😌",2025-01-01 14:57:57+00:00,negatif
Bbrp barang udah ada yg naik duluan😭,2024-12-31 16:21:19+00:00,negatif
intinya dampak nya bakal ke semuanya itu . gaada tawar menawar,2024-12-31 15:08:33+00:00,positif
"min slip gaji gua ada SETORAN PPH 21, itu maksud nya apa ya, tapi gaji gua di tambahkan.!! jadi 😕",2024-12-31 19:33:13+00:00,negatif
Padahal hampir semua kena pajak 12% contohnya: mau beli motor aja udah mulai naik harganya karena adanya kenaikan ppn yang semula harga 27-28jt jadi 30an jt keatas,2024-12-31 14:45:31+00:00,negatif
gw yakin kopi Golda juga akan naik😭,2024-12-31 14:09:35+00:00,negatif
kapan makan gratis ya bg,2025-01-01 05:10:30+00:00,negatif
"sya pedagang pak, dan sdh ad kabar akan ad kenaikan krna ppn, rakyat kecil dn pengecer tetap akn jd korban orng kaya / pabrik2 yg kna ppn 12%, ibarat konsumin makan d rmah mkan yg d kenakan pajak",2024-12-31 20:36:19+00:00,negatif
"izin kritik, PPN naik berdampak ke kalangan atas nih, tapi kalangan atas pasti bakal menaikan barang dan jasa mereka untuk membeli barang dan jasa yg kena PPN.
koreksi kalo ga rapih",2024-12-31 14:10:49+00:00,negatif
"min kenapa saya gak dapet PKH, sedangkan tetangga sy yg punya mobil mlh dapet pkh",2025-01-01 00:44:12+00:00,negatif
min bisa turunin harga adidas ga??,2024-12-31 18:05:40+00:00,negatif
min itu yg lg hangat dibicarakan masalah token gmn min ya Allah nangis dah aku😭,2024-12-31 17:20:39+00:00,negatif
"maaf tanya, kalo tarif internet termasuk ppnbm apa ga kak, soalnya tarif wifi internet naik alasan ppn 12%",2024-12-31 14:22:59+00:00,negatif
"anda tau warung sembako?? yg menjual mi instan, susu dan makanan anak kost lainnya?? semua itu NAIK",2024-12-31 14:43:02+00:00,negatif
tolong admin di Medan banyak sekali badan usaha yang omset milyaran tapi gaji karyawan nya jauh dari UMK sementara pengeluaran banyak sekali,2024-12-31 16:08:03+00:00,negatif
diamond mobile legend kena PPN 12% min🗿,2025-01-02 04:30:04+00:00,positif
"tp mindra sebelum pa prabowo kasih keputusan ..
para tengkulak sembako udah naik duluan 🥺 terutama minyak goreng ..",2025-01-01 02:14:28+00:00,negatif
wifi saya baru bgt pukul 00:00 lngsg ada notif pajak 12% dari yg sehwrusnyw cuman 11%😭,2025-01-01 02:25:55+00:00,negatif
kalau pulau yg di jual kena juga min?,2024-12-31 12:54:05+00:00,negatif
waduh ganjar udah spek up duluan🤣,2025-01-01 01:49:47+00:00,negatif
hai aku dari 2025,2024-12-31 14:40:48+00:00,positif
min obat2an ppn naik 12% apakah hidup menjadi sehat adalah kemewahan?,2024-12-31 13:48:58+00:00,negatif
semua bakal kena efek. apa lagi PT PT besar yg memakai Listrik Dll . walaupun itu yg katanya hanya barang brendit tetep bakal ke rakyat nyampe pajek naik nya 🙏,2025-01-01 00:11:13+00:00,negatif
Padahal sudah ada beberapa sales yang menginformasikan pertanggal 1 Jan 2025 PPN jadi 12%.,2024-12-31 14:50:46+00:00,negatif
"kalo emang kenaikannya hanya utk barang mewah, kenapa disebutnya gak 'kenaikan ppnbm jadi 12%', kenapa malah 'kenaikan ppn jadi 12%'? pajak barang mewah namanya ppnbm bukan?",2024-12-31 22:44:13+00:00,negatif
pak.. gimana nasib kami honorer yg terdata di database.. formasi sedikit.. katanya ada paruh waktu tapi knp keterangan di akun tidak lolos..,2024-12-31 16:13:45+00:00,negatif
bio chef arnold ganti lagi 3x,2024-12-31 12:56:09+00:00,positif
"semua pt, perusahaan sdh mengumumkan ppn naik 12% tiap barang. PPnBM aja yg mau di naikkan yakin pak admin?
kita rakyat sdh mumet pak gaji umr bersaing dg kebutuhan yg naik hrga trs.",2024-12-31 16:17:09+00:00,negatif
alhamdulillah. sehat selalu n panjang umur presidenku,2024-12-31 13:50:38+00:00,positif
min tolong sampaikan ke pak prabowo harga pertamax di tegal Jawa Tengah turunkan lagi sya operator melihat bos sya kasihan g pernah nutup modal krn yg di cari masyarakat pertalite sdngkan usaha bos sy,2024-12-31 13:18:25+00:00,negatif
min tapi barang barang sembako pada ikutan naik jadi 12% min,2024-12-31 16:39:30+00:00,negatif
maaf pak presiden tp di lapangan sembako pada naik coba BPK turun ke pasar biar tau,2025-01-01 01:59:23+00:00,negatif
emang beli obat di rumah sakit termasuk barang mewah ya kok ikutan naik jg😑,2024-12-31 14:22:02+00:00,negatif
"lah ini pada naik tpi, heran saya",2024-12-31 16:19:56+00:00,negatif
jadi klo makan di gacoan msh sama harganya ya min.?,2024-12-31 16:55:07+00:00,negatif
percaya?,2024-12-31 13:26:05+00:00,negatif
"minnn tapi kalau ga naik kok potongan pajak di gaji gw naik min masa dari 90rb jadi 359rb ya alloh😭
ini bukan buzzer ini lillah gw alamin syok banget liat slip gaji desember😭🙏",2024-12-31 13:33:42+00:00,negatif
"untuk pengisian pulsa seperti pulsa listrik,pulsa internet,pulsa telepon,pulsa internet prabayar apakah kena ppn 12% min???🙏🙏🙏",2024-12-31 13:51:29+00:00,netral
Min serius nanya lalu knpa untuk transaksi cex juga ikut naik 🙏,2024-12-31 13:19:00+00:00,negatif
min misal motor 30jt jadi brp yaa totalnya,2024-12-31 13:53:01+00:00,negatif
kepemimpinan Bp kebanggaan Seluruh Rakyat Indonesia.,2025-04-12 08:04:33+00:00,positif
saya yakin beliu hanya 1 periode.,2025-02-01 14:39:47+00:00,negatif
min makan gratisnya mana😡,2025-01-23 14:00:09+00:00,positif
minn... di STNK saya 260k tpi yg di suruh bayar 320k. itu kenapa ya 🗿,2025-02-27 04:32:27+00:00,negatif
ga capek min nulis caption nya? 🥰🥰,2025-01-21 14:54:53+00:00,negatif
pa libur Ramadan 45 betul ga,2025-02-04 13:00:07+00:00,negatif
"pak saya sudah pilih bapak 2x,, tolong pak jalan di kota saya (bengkulu) sumatra selatan.
buruk sekali pak,, kayak kolam lele pak, jalan antar prov pdhal pak🙏 kemana anggaran jalan itu",2025-01-22 04:56:27+00:00,negatif
"min gimana kabarnya, sehat terus min 😆😆",2025-01-24 12:53:14+00:00,positif
minn gue pengen nmax nih lu punya kaga😭,2025-01-21 05:27:04+00:00,negatif
"Gerindra g nya apa
gak jadi libur leee",2025-01-22 04:07:18+00:00,negatif
Boleh ka sya meminta bantuan di sni,2025-04-05 18:53:24+00:00,netral
alhamdulilah semoga bapak presiden prabowo sehat selalu dan selalu di lindungi allah awt amiiin 🤲,2025-02-09 13:12:47+00:00,positif
"Pak srius nanya klu msuk TNI SMA polri emang bayar yah pak ? Soalnya katanya klu mda ada uang kess 250 juta mda msuk mki TNI, trus Sepupuku jga mau msuk polwan di suruh siapkan uang sekitar 600 juta Bru bisa lulus, emang ia pak ???",2025-02-03 00:22:24+00:00,negatif
"tapi bahan belanja, sembako dll naik😂",2025-03-11 14:34:01+00:00,netral
pak saya minta keadilan dalam negri ini pak Prabowo,2025-02-08 01:05:24+00:00,positif
libur 45 hari gak,2025-01-28 13:21:17+00:00,negatif
asalamualaikum saya minta tolong aspalkan n jalan yang di daerah saya di Jawa Tengah kabupaten purbalingga kecamatan rembang desa gunung wuled aku mohon pak semoga di baca,2025-02-26 11:44:21+00:00,negatif
p,2025-01-28 13:20:59+00:00,positif
"Mindraa,,,knpa harga motor fiz R naik padahal bukan termasukk barang mewahh...😭😭😭",2025-01-28 12:01:22+00:00,negatif
"intinya jangan terlalu mengeluh,, nikmati saja program yg ada,,, 👍👍",2025-02-06 09:01:47+00:00,negatif
"min..
gimana pindahin uang 500 jt di pikiran ke rekening....???",2025-01-28 06:34:52+00:00,negatif
libur 45 hari jadi ga min?,2025-01-28 05:55:37+00:00,negatif
Masha Allah. saya baru tau min. saya kira ppn naik untuk semuanya. Maafkan ya min.,2025-02-06 03:35:21+00:00,negatif
pak KLO bulan puasa libur gaa,2025-01-28 05:54:52+00:00,negatif
pak saya punya KTP punya KK tapi tidak punya tanah rumah bantuan apapun tidak pernah dapat apa saya gara gara miskin jadi tidak di akui sebagai masarakat,2025-02-05 19:58:21+00:00,negatif
"turuni harga pokok pak terimakasih,,🙏",2025-01-28 17:48:03+00:00,negatif
"MANTAP PRESIDEN-KUH.
AMANAH SEBAGAI PRESIDEN BENAR BENAR BAPAK TAATI.
KELAK BAPA AKAN SELALU DIKENANG SEBAGAI PRESIDEN YANG DI KAGUMI RAKYATNYA.
SALAM HORMAT DAN SEHAT SLALU UNTUK BAPAK PRESIDEN PRABOWO.👍👍💪💪",2025-01-28 04:18:03+00:00,positif
"tolong pencerahannya, di perusahaan gaji naik wajib libur, tpi potong gaji liburnya, la sama aja gak naik pak gajinya, ya tuhan",2025-01-22 04:55:16+00:00,negatif
KEBIJAKAN DIBERLAKUKAN TIDAK DISERTAI DEAFT DITAIL DAN ATURAN YG JELAS. AMBURADUL,2025-02-25 01:01:19+00:00,negatif
pajak motor maksudnya saya min ada keringanan ngk 😂,2025-01-22 04:27:59+00:00,netral
"min 3 x priode saya coblos bapak, minta tolong sampaikan, ada rumah isi 3 orng anak2 masih kecil2, rumahnya udah dengdek mau roboh, kayu udh pd lapuk, tolong dibantu min",2025-01-27 18:19:11+00:00,negatif
"kecewa bgt karna ga di liburin😭😭😭
udh lumutan loh nunggunya eh malah gajadi😭😭",2025-01-21 02:19:39+00:00,negatif
min bantu min buka message di dm saya,2025-01-21 22:03:14+00:00,negatif
Terima kasih Admin dan semoga saja secepatx dan di edarkan ke kota propinsi dan kabupaten agar kami sebagai buruh dan pekerja bisa bebas pajak Amiiii,2025-02-02 04:13:42+00:00,negatif
min libur 45 hari jadi gk?,2025-01-21 14:45:55+00:00,negatif
kreen pak,2025-02-05 11:33:29+00:00,netral
"@rio Manorek: Ijin salam dari manado, desa nasaret wioi timur kec. Ratahan timur kabupaten minahasa tenggara butuh perhatian dari pemerintah banyak anak remaja putus sekolah karena akses jalan rusak🙏",2025-01-27 17:58:55+00:00,negatif
tolong turunin harga Honda crf pak😏,2025-01-27 17:14:01+00:00,negatif
pak di SMP 1 negeri Kendari kok belum dapat ya,2025-01-21 22:31:50+00:00,netral
permudah kita untuk bayar pajak,2025-01-27 12:55:19+00:00,positif
"anak saya pun masih usia 2 th tapi suami jd pengangguran udh lama banget, coba peruntungan sgala upaya dilakukan tp masih ada penolakan dari perusahaan Besar
syarat lain Slik ojk jelek jadi problemnya",2025-02-05 08:52:10+00:00,negatif
BPJS gimana ni min ?,2025-01-30 04:11:13+00:00,netral
"ya akhirnya ujung2 nya duit lagi,dg alasan dana ini lah,dana buat ngurus itu lah,jadi di itung2 dobel bayar pajak nya,yg harus nya 500rb'an jadi 1jt lebih",2025-01-27 12:49:56+00:00,negatif
"jalan satu tahun,pas mau bayar pajak,ternyata salah satu syarat2 nya,harus ada KTP orang pertama yg punya kendaraan tsb,sedangkan saya tidak tau dan tidak kenal orang tsb,",2025-01-27 12:47:57+00:00,negatif
"kasus nya saya beli kendaraan bekas jenis motor,proses nya lewat cod,masalah nya pas transaksi sya GK minta KTP orng yg menjual nya dan tanpa kwitansi.",2025-01-27 12:45:26+00:00,negatif
gimana sih biar kaya raya min ...??,2025-01-21 12:40:28+00:00,negatif
inti nya kenapa bayar pajak kendaraan ribet,2025-01-27 12:42:12+00:00,negatif
bapaaa sehat sehat pakk.. akuu bangga padaa muuu paakkkk,2025-02-24 05:27:29+00:00,negatif
pak turunin harga ninja ss pak😊,2025-01-27 09:07:47+00:00,positif
pak libur full satu bulan pada bulan Ramadhan jadi gak ya,2025-01-22 13:27:01+00:00,negatif
semangat semuanya,2025-01-29 15:20:43+00:00,positif
"PASAR DAN WARUNG KECIL AJA PD NAIK NOH, ENGOS-ENGOSAN BGT GUE JD IRT KALO BELANJA APA-APA SERBA NAIK",2025-01-21 04:51:45+00:00,negatif
min mau tanya nih.apakah bulan puasa sekolah libur 30 hari.jadi gak?,2025-01-21 16:13:33+00:00,negatif
mendinggg mbr epep,2025-01-21 06:53:58+00:00,netral
tapi kenyataannya omongan menkeu beda dengan omongan presiden. 😏,2025-02-03 13:02:42+00:00,netral
"min boleh tolong saya,pengen pulang ke sukabumi. daya dari kalimantan timur,Bontang. tolong pisan. terima kasih",2025-01-22 05:00:38+00:00,negatif
min apakh bulan puasa ful libur??,2025-01-22 08:56:38+00:00,negatif
min di mana cari yang tulus,2025-03-01 04:56:58+00:00,netral
"jgn lupa pak presiden bpk prabowo yg katanya mau menghapuskan ourtsorsing ,kami para pkerja melalui ourtsorcing sudah tdk betah pak",2025-01-22 14:55:07+00:00,negatif
ku ingin kau jadi milik ku 👇👇,2025-02-03 22:16:47+00:00,positif
min kmi belom dapet makan gratis dan belom hapal senam ank Indonesian hebat minn,2025-01-21 06:36:58+00:00,negatif
"very nice, very good, very weell,, gaskeun 🙏☺️",2025-02-13 09:32:51+00:00,positif
pak turunin harga kopi pal,2025-01-25 02:05:07+00:00,positif
pak kokk dii sinii belum dapat makanan gratis,2025-01-25 05:54:20+00:00,negatif
"tolong min, suami saya kerja bertahun tahun tapi tetap di jadikan buruh harian. tidak seperti perjanjian awal. perusahaan asing dimks. tolong juga periksa perizinannya min",2025-01-25 07:05:08+00:00,negatif
Pak saya kerja di salah satu financing itu kalo ga jualan gaji harian nya di anggap tidak masuk/tdk digaji kerja nya lebih dari 8 jam kita disuruh dateng jam 9 sebelum buka mall pulang closing jam 10,2025-01-25 12:46:20+00:00,negatif
"Min kenapa ya di tempat saya kerja ump naik cuman 4 sekian persen bukan 6,5%",2025-02-04 17:14:57+00:00,negatif
minnn bulan puasa sklh negri liburin dongg,2025-01-22 08:12:56+00:00,negatif
Intinya gak ada yang naik selain barang yang selama ini kena PPnBM.,2024-12-31 12:49:30+00:00,negatif
"Min, percuma ngetik panjang lebar, org indo minim literasi apalagi baca caption🤣",2025-01-01 03:41:37+00:00,netral
😀,2025-02-24 09:48:08+00:00,positif
🗿,2025-01-25 07:27:50+00:00,positif
😭,2025-01-25 07:27:49+00:00,positif
😂,2025-01-22 14:09:15+00:00,positif
😋,2025-01-22 03:11:06+00:00,positif
😁😁😁,2025-02-01 17:22:38+00:00,positif
😃,2025-01-21 08:18:32+00:00,positif
😁,2025-01-21 07:28:26+00:00,positif
"@merieang_ sorry capek ngetik, baca caption aja",2025-02-27 13:40:45+00:00,negatif
😈🥰😈🥰🥰😈🥰😈🥰😈🥰,2025-01-31 03:14:39+00:00,positif
😔,2025-03-15 11:09:36+00:00,positif
♥,2025-01-30 09:18:16+00:00,positif
🥰,2025-01-29 18:41:09+00:00,positif
😁,2025-01-29 16:09:16+00:00,positif
"Min tolong bpk saya.. kerja di Pt, seharus nya gaji bulan ini umr udah naik, ia memang karyawan lain nya sudah di naikin tapi gaji bpk saya sendiri tidak dinaikan min,, dari tahun tahun sebelum nya umr gaji naik bpk saya cuma dinaikkn 2000rupiah .. dn malahan umur blk saya udah masuk +-65th tapi tdk dipensiun kan.. TOLONG MIN🙏🏻🙏🏻🙏🏻 saya tinggal dikepulauan riau-kijang .. @gerindra",2025-02-10 12:24:41+00:00,negatif
🥰,2025-03-14 03:13:59+00:00,positif
🥰,2025-02-26 14:43:07+00:00,positif
😭,2025-01-22 01:16:27+00:00,positif
🥰,2025-01-21 02:07:38+00:00,positif
"@bang zul:Assalamu alaikum,
usulkan pendaftaran cpns 2025
maksimal 37 tahun"" kasian para honor yg diatas 35 tahun mengapdi di masyarakat' mau mendaftar cpns tidak bisa lagi. @gerindra",2025-01-28 18:22:37+00:00,negatif
😅,2025-02-26 12:25:58+00:00,positif
pak tolong dulu aku biar ga di marah @🌷,2025-01-28 15:32:53+00:00,negatif
😭😭😭,2025-01-21 08:42:16+00:00,positif
"@Moch Usep Kuswandi
@abah RBS Terapi fans club
mengucapkan Terimakasih atas kebijakan pemerintah yg pro rakyat pajak masyarakat non barang mewah.",2025-04-12 08:07:43+00:00,negatif
berarti oknum yang menaikkan ppn 12% itu harus di laporkan ya min?🙏,2024-12-31 16:28:10+00:00,negatif
tp harga cabai & minyak udh naik min🥲,2024-12-31 16:26:32+00:00,negatif
min tahun baru kemana,2024-12-31 16:20:26+00:00,positif
realitanya semua pda naik pakkkk😭,2024-12-31 16:12:51+00:00,positif
kalian tau ga harga kuota internet sudah naik?,2024-12-31 16:11:24+00:00,negatif
Miinn gerindra Caption nya kurang panjanggg 😭😭😅,2024-12-31 16:06:25+00:00,netral
Min kalau cape login epep aja yuuuu😘,2024-12-31 16:04:07+00:00,netral
"hari natal ,hari raya id.fitri pokonya hari2 besar pasti pda naik bahan2 pokok& sbginya,tpi klo lg hari2 biasa ya biasa aja harga2 sembako pda turun,nah skrgkan lg taun baru pasti lg pd naik harga2nya",2024-12-31 15:56:01+00:00,negatif
aku makin cinta Ama pak Prabowo minn Ama kamu juga mindraa😋❤️,2024-12-31 15:55:42+00:00,positif
komen ah sapa tau 1 tahun lalu😁,2024-12-31 15:53:02+00:00,positif
Pak harga lipstik omg jg naik dari harga yg biasa nya 25 rb an,2024-12-31 15:48:58+00:00,negatif
Sembako sudah naik gimana ni min?,2024-12-31 15:47:14+00:00,negatif
"Hmm tapi kenyataannya sembako naik, telur beras, minyak, cabe bawang semua pangan naik hmmm",2024-12-31 15:44:52+00:00,negatif
"Tapi netflix sama ppn wifi naik juga pak,td br dapet email",2024-12-31 15:41:16+00:00,netral
semakin joss mantap bapakkkuh🤫✈️,2024-12-31 15:39:42+00:00,positif
1. bahan² pokok itu gbklan naik hrga kecuali jika permintaan lebih banyak daripada barang yg ada ( barangnya sedikit/ langka) apalagi ini byk hari² besar brturut² semakin byk permintaan barangnya,2024-12-31 15:30:52+00:00,negatif
"gaji gak bisa rata.. terpaksa Nerima PPN yg rata,,, Indonesia emas",2024-12-31 15:30:07+00:00,negatif
saking salah faham masyarakat sampai se detail itu mimin jelasin nya😭🥰,2024-12-31 15:24:27+00:00,negatif
"ga mungkin ,liat aja nanti, bakal naik perlahan",2024-12-31 15:16:26+00:00,negatif
"min, kalo ada barang yg ppn nya ttp di naikkan, pdhl engga, itu lapornya kemana ya????",2024-12-31 15:14:50+00:00,negatif
pah kok skrg motor ada biaya obsen si untuk pengambilan STNK sangat memberatkan,2024-12-31 15:11:57+00:00,netral
berarti leptop² gaming gak naik kan min?,2024-12-31 15:08:03+00:00,negatif
Bapak Presidenku 08. Sehat dan selalu didalam lindungan TUHAN YME. Aamiin Aamiin Aamiin ya Rabbal Alamin. 🙏🙏,2024-12-31 15:01:18+00:00,positif
sabar min sabar❤❤❤ caption nya panjang bener minn,2024-12-31 14:45:33+00:00,netral
"nice , hampir jrang ke gacoan",2024-12-31 14:44:57+00:00,positif
selamat malam gaes,2024-12-31 14:44:37+00:00,negatif
aku akan kembali di tahun 2025,2024-12-31 14:31:17+00:00,positif
disini harga sembako Kaya telor sama minyak makin mahal min😭,2024-12-31 14:31:10+00:00,negatif
PPn belum berlaku tapi harga sembako diberbagai daerah udah pada naik,2024-12-31 14:25:34+00:00,negatif
lah di tempat gua harga minyak pun naik katanya epek dari 12%,2024-12-31 14:22:16+00:00,negatif
semangat dalam mencerdaskan mindra 🙂,2024-12-31 14:18:03+00:00,positif
"masih bagus sihh...asal jngan seperti negara tetangga...
tiap kali belanja ada pajaknya juga",2024-12-31 14:16:37+00:00,negatif
Min grin kenapa bpjs ga ditanggung lagi? Biasanya 1 rujukan dari puskesmas kalo smpe rumah sakit daerah 1 tunukan bisa ke poli manapun dalam 3bulan. Skrng pailit 1 rujukan hanya untuk 1 poli.,2024-12-31 14:11:46+00:00,negatif
"min cape yah ??? jangan lupa jaga kesehatan,semangat terus yah dan maafin warga 01 dan 03,pround off you bpk prabowo🥰",2024-12-31 14:05:08+00:00,negatif
"baca captionnya ya masyarakat indonesia, jgn minim literasi terus🤗",2024-12-31 13:51:36+00:00,netral
"2025 ganti rakyat aja..
biar gua yg urus anak abah",2024-12-31 13:49:57+00:00,negatif
SALUT & RESPECT TO MR PRESIDEN 👍👍👏👏,2024-12-31 13:45:25+00:00,positif
"wifi gw dah naik, sebulan ttep 150rb tapi biasany 15mbps jadi 10mbps,, alesany ppn naik pdhal dari dl gak pernh ada ppn knp skrng ada ppn😌",2024-12-31 13:41:59+00:00,negatif
"Min kesepian taun baru sndirian, butuh mayor teddy😌🙏🏻",2024-12-31 13:39:31+00:00,netral
"min, self reward dulu gih. udah lelah kan tahun ini? biar besok fresh😁",2024-12-31 13:39:14+00:00,negatif
"lagi nunggu voucher Shopee, 1.1 gaisss",2024-12-31 13:21:24+00:00,negatif
bapak siapa nih?🥹,2024-12-31 13:17:32+00:00,negatif
aku sayang kamu min.. sehat selalu,2024-12-31 13:12:19+00:00,positif
tahun baru buku baru boleh kali min😝,2024-12-31 13:10:13+00:00,positif
2024 sisa 1 hari lagi tinggalin jejak kalian👇🏻👇🏻,2024-12-31 13:07:12+00:00,negatif
"dengarkan anak anak abah dengan baik dan bijak ya, kalo kurang denger colokin ke sound sistem kasih full volumenya!",2024-12-31 13:06:04+00:00,netral
yes admin gerinda berhasil comeback lagi🥰,2024-12-31 12:59:21+00:00,positif
"Main ke lamongan min, pake pesawat aja soalnya gaada jalan enak🙏😁",2024-12-31 12:55:53+00:00,negatif
taun baruan kemana pakk,2024-12-31 12:52:25+00:00,positif
ke 9 min,2024-12-31 12:47:55+00:00,negatif
pak kapan libur,2025-01-20 09:53:14+00:00,negatif
minn gajadi libur sekola ya entar puasa,2025-01-19 08:27:25+00:00,negatif
min jadi libur kan?,2025-01-18 13:39:30+00:00,negatif
pak turunin harga Pajero dan naikin saya haji,2025-01-18 13:03:26+00:00,negatif
min sekolah gw belum dikasih makan siangg,2025-01-06 13:19:02+00:00,netral
min apa bulan puasa libur,2025-01-06 10:09:39+00:00,negatif
naik lagi naik lagi @akupunnaklah @sigma skibidii @Iwak meletup @Mungkin anda kenal ?        :( @kentut @S @coach basket @MemberKapalKaram,2025-01-06 07:50:00+00:00,negatif
makan siang nya mana min ? 🗿🗿🗿🗿,2025-01-06 06:50:31+00:00,netral
min butuh kepastian apakah bener sekolah libur 1 bulan 🙏,2025-01-05 18:27:09+00:00,negatif
min bener ga min nanti bulan puasa libur 1 bulan,2025-01-05 16:42:48+00:00,negatif
Minn Ramadhan libur full 1bulan dongg biar makinn semangatt😁,2025-01-05 14:18:09+00:00,negatif
pak nanti klo mau liburin sekolah liburkan 2 bulan ya pak✨🥰,2025-01-05 13:30:04+00:00,negatif
tolong hati saya sakit min 😌,2025-01-05 12:43:24+00:00,negatif
min turunin harga iPhone donggg 😳,2025-01-05 11:27:49+00:00,negatif
"min jadi kan liburnya 1 bulan puasa min,,🥺🥺 pliss",2025-01-05 08:37:14+00:00,negatif
12% brp ribu sih?,2025-01-05 07:16:34+00:00,negatif
minn puasa libur 1 bulan plss🥰🥰,2025-01-05 03:52:46+00:00,negatif
"min tolong revisi kembali peraturan bpjs terbaru,masa harus sekarat dulu baru bisa pake bpjs min😭😭🙏",2025-01-05 03:13:33+00:00,positif
"udah mau berbusa mulut bela bapak, giliran ada diskon token 50% malah mereka yg cepet-cepet isi duluan. siapa itu? sodara ku🥰",2025-01-05 00:54:51+00:00,negatif
04.44 ada lawan?,2025-01-04 21:45:02+00:00,negatif
min apa benar bulan puasa libur 1 bulan 😅,2025-01-04 18:23:49+00:00,negatif
minn katanya user gold lane pada greenflag ya?,2025-01-04 14:45:20+00:00,negatif
"SMOGA BAPAK SEHAT2,KAMI BANGGA PUNYA PEMIMPIM SEPERTI BAPAK SEHAT SLALU BAPAK PRABOWO😇🙏AMIN🙏😇",2025-01-04 10:58:33+00:00,positif
minn bulan puasa anak sekolah libur kan MINNNN 🗿🗿🗿🗿,2025-01-04 10:41:18+00:00,positif
"pak saya mau tanya, disekolah ada makanan sehat gratis kah, soalnya di wilayah kami blm ada🙏🙏",2025-01-04 06:32:31+00:00,positif
"LOGIKANYA GINI
300T = 6,5
46T = 1 tahun
3,8T = 1 bulan
128M = 1 hari
gw ambil yg 1 hari aja boleh gak sih?",2025-01-04 04:30:51+00:00,negatif
bg lu cape ya,2025-01-04 03:08:38+00:00,netral
tolong pak permudah cari pekerjaan 🙏 masak loker persyaratannya harus good looking 😅 emng yang jelek gk butuh kerja ngapa,2025-01-04 00:04:43+00:00,negatif
"Bunga melati mekar berseri, warna putih harum mewangi, penghargaan untuk para pemimpin negeri, merah putih tetap tegak berdiri",2025-01-03 19:32:26+00:00,positif
"min apakah gajih rata rata Indonesia tidak akan naik? dari yang 1-5juta itu rata rata nya, jadi 20-25 gitu rata rata nya😁",2025-01-03 16:05:27+00:00,negatif
"Capt nya udh jelas banget, awas aja ya kalo pada ngga ngerti 🫵🏻",2025-01-03 14:11:51+00:00,netral
min bisa donasi pada Palestina gak😓,2025-01-03 11:07:33+00:00,netral
min apakh puasa libur 1 bulan,2025-01-03 11:01:05+00:00,negatif
turunin harga seblak boleh kaliii🗿,2025-01-03 10:44:09+00:00,negatif
Semangat Bapak Prabowo kami selalu mendukung & mendoakan Bapak semoga selalu diberikan kesehatan & keselamatan aamiin,2025-01-03 09:21:12+00:00,positif
"kayu = 5th
ayam = 7th
300T = 6,5th💀
menyala negri ku",2025-01-03 08:35:34+00:00,negatif
"kayu=5th
ayam=7th
300T=6,5th
🗿🗿🗿🗿🗿🗿",2025-01-03 08:26:04+00:00,negatif
kembalikan admin gerinda yang dulu......,2025-01-03 07:46:58+00:00,positif
2025 ganti rakyat,2025-01-03 00:26:27+00:00,positif
"@dan.:kayu = 5th
ayam = 7th
300T = 6,5th💀
menyala negri ku",2025-01-02 23:20:50+00:00,negatif
yang masih percaya sama gerinda dan pak Prabowo silahkan merapat yang tidak silahkan pergi👇👇👇👇👇👇👇👇,2025-01-02 20:45:19+00:00,negatif
@🗯️ @👻 @Kaizanz ★ @🥷 @adly.mumtaz  bnyak bat hoax coo katanya ga jadi eh di pusat jadi,2025-01-02 19:39:53+00:00,negatif
kalo wifi gmn min soalnya kmrn ada info kena ppn 12%,2025-01-02 16:10:48+00:00,netral
pak prabowo minta diamond free fire dobg plisss,2025-01-02 15:16:01+00:00,positif
bansos klu bisa di telusuri lagi min.. lha rmahe bagus ber ac kendaraan banyak kerjaan enak masih zha dapat bansos..,2025-01-02 14:33:58+00:00,netral
"kenyataan di lapangan beda😌 tepung,susu,sabun,minyak,gula telor naik",2025-01-02 14:07:28+00:00,negatif
intinya gini min pengguna wiffi udah ada pemberitahuan pajak naik12% jadi gimnh...tuh .....naik apa kaga pajak nya ..,2025-01-02 14:06:42+00:00,negatif
"Pajak Naik,BBM (Pertamax) Naik. Argo Driver Ojol Turun Min. dan nyata nya di lapangan semua ikut naik. Daya Beli Masyarakat Menengah Ke bawah pasti turun min. bantu ddk perkra mslh ojol min🙏",2025-01-02 13:59:42+00:00,negatif
Min kalo ada tempat yg menaikkan harga barang pokok dgn alasan pajak naik apakah boleh kita laporkan?kira2 bisa dilaporkan kemana ya min,2025-01-02 13:16:14+00:00,negatif
kunyalakan speaker bluetooth buat putar ni video biar suamiku si anak abah terdiam😡,2025-01-02 12:59:35+00:00,negatif
Makasih bpk saya dapat diskon Token listrik 50%🥰,2025-01-02 12:57:21+00:00,positif
"yg naik barang mewah kok.. aku kerja d retail. seperti Smart lock, smart home, diatas 1jt rata2 naik. di bawah harga itu gak naik kok. tapi Krn media menggiring opini.",2025-01-02 11:51:51+00:00,negatif
min puasa sekola libur gak,2025-01-02 11:31:08+00:00,negatif
BBM tetap naik pak apakah juga barang mewah?,2025-01-02 11:17:59+00:00,negatif
"knpa di tiket pesawat nya naik 50% pas turun nya cuma 10% min ,sudah nyaman kali mereka jual tiket pesawat domestik dengan harga mahal ,sedangkan tiket pesawat luar negri murah nya luar biasa",2025-01-02 10:39:30+00:00,negatif
loh min top up game ko pada naik? afakah kena juga?,2025-01-02 10:37:17+00:00,netral
min ilangin itu syarat bekerja yg ada max umur nya😭,2025-01-02 10:08:28+00:00,netral
"kayu = 5th
ayam = 7th
300T = 6,5th🤣",2025-01-02 07:19:42+00:00,negatif
ini emng bener harus ganti rakyat,2025-01-02 06:44:15+00:00,positif
gk kerasa perabowo udh 1 tahun jadi presiden,2025-01-02 06:22:05+00:00,positif
berat badan saya kok ikut naik minn😭,2025-01-02 06:12:29+00:00,netral
tapi kok biaya surat keterangan lulus tes bahasa di kampusku naik jadi 12% ya🥹,2025-01-02 05:58:06+00:00,negatif
"pak disini minyak naik lagi naik lagi, baru juga kemarin naik, eh di naikin lagi knp yak pak, ga sampe satu bulan udh naik lagi ini minyak",2025-01-02 05:49:33+00:00,negatif
"min,hari ini ak byr listrik meteran kwh900 biasanya byr 300rb'an kog skrg jadi naik byr 500rb'an,ak jadi kaget banget sumpah😭,jadi setengah jt...katanya diskon 50%,januari-febuari. Semoga dibls.",2025-01-02 05:33:51+00:00,negatif
pentingnya membaca caption,2025-01-02 04:34:35+00:00,positif
min didesa ku baru aja ada info kalau yang tahun kemarin dapat sembako beras 10kg tahun ini ada pengurangan dari pusat diubah lagi dan katanya belom tentu sebulan sekali dapatnya.. apa bener sepertitu,2025-01-02 03:04:06+00:00,negatif
menuju generasi emas,2025-01-02 02:34:33+00:00,positif
min top up in epep ku minn🗿,2025-01-02 02:33:55+00:00,positif
"min trs dipasar udah pada naik gimana?
mana minyak pas awal 2024 cuman 20-25k pas denger info ppn jadi 40 an🗿",2025-01-02 00:05:30+00:00,negatif
2025 gnti rakyt🤣,2025-01-01 22:44:15+00:00,positif
sudah lega masalah PPN skrng lanjut 271T min,2025-01-01 22:33:55+00:00,negatif
2025 ganti rakyat😭😭,2025-01-01 21:05:29+00:00,positif
Sehat selalu bapak negara,2025-01-01 20:59:53+00:00,positif
jelasin sampe detail min biar kita sambil belajar ga cuman bisa komentar doang☺🙏,2025-01-01 18:01:21+00:00,netral
@pp ramadhan:assalamualaikum pak apakah sekolah akan diliburkan1bulan penuh saat bulan Ramadhan,2025-01-01 17:45:40+00:00,negatif
admin gerindra tanda baca titik koma nya diperhatikan coyy,2025-01-01 17:29:06+00:00,negatif
"kalo untuk menjalankan uu no 7 tahun 2021 tentan hpp, kenapa ga pake pasal 7 ayat 3 dan 4 untuk tetepin ppn jadi 11% ya? bahkan disitu bisa disesuaikan mulai dari 5% sampai dengan 15%",2025-01-01 16:26:08+00:00,negatif
pak presiden perekonomian sembako melonjak pak naik semua 😭kasihani kami pak rakyat kecil🙏,2025-01-01 16:07:35+00:00,negatif
"mending naik gunung , #turunkan harga tiket masuk taman nasional",2025-01-01 15:34:09+00:00,negatif
mie gacoan sekarang ada pajak nya anj,2025-01-01 14:59:19+00:00,netral
"tuh netizen dan buzzer kalo denger apa2 sampe selesai ya , Kelian kadang berita belum tuntas udh main komentar buruk aja , marilah kita jadi masyarakat yg mendukung pemerintah kita , PRABOWO MY JENDRAL LEGEND 🥰🥰🥰",2025-01-01 14:34:44+00:00,negatif
"minnnn ,aku sebagai petani tolong harga obat2tan di turunkan min. mahal sekali harga nya",2025-01-01 14:17:30+00:00,negatif
Katanya ppn hanya untuk barang mewah saja tapi top up game 16rb aja kena pajak 12% hadeh,2025-01-01 13:57:12+00:00,netral
ppn 12% hanya berlaku kepada barang mewah minimal 30 miliar ya?,2025-01-01 13:37:06+00:00,negatif
Seharusnya sosialisasi ini 2 minggu lalu min biar gak simpang siur. Skrg malah makanan warung pada dinaikin dari agen. Agen bilang naik dr distributor. Jd berantakan.,2025-01-01 13:29:58+00:00,negatif
"terima kasih bapak presiden.
semogaa bapak selalu sehat, selalu dalam lindungan Allah SWT.sehat sehat bapak presiden Indonesia.",2025-01-01 13:22:33+00:00,positif
sabar ya min 🗿,2025-01-01 13:12:47+00:00,netral
"kayu = 5th
ayam = 7th
300T = 6,5th💀
menyala negri ku🔥🔥🔥",2025-01-01 13:10:27+00:00,negatif
"tolong perhatikan buruh outsorsing pak presiden,,🙏😭
suami saya hanya supir pergi pagi pulang terkadang smpe jm 12 mlm tp hitungan lemburny gk sesuai😭",2025-01-01 12:40:35+00:00,negatif
"Izin bertanya min. Di caption dikatakan bahwa ppn kendaraan bermotor juga naik. Apakah motor dengan harga kurang dari 30jt (kredit) juga termasuk, min? Terimakasih 🙏🏻🙏🏻",2025-01-01 12:11:42+00:00,negatif
"buat Satgas dan Posko PPN 12%,...
min ingat cerita KUR, wacana di atas bagus bgt, tapi karena gk ada POSKO/SATGAS KUR, smpe d bwh jd KRDT GK USH BAYR",2025-01-01 12:10:13+00:00,negatif
"gua udh tau kalo ppn buat barang mewah tapi anak abah koar"" anj lah🗿🤣",2025-01-01 12:00:43+00:00,negatif
"admin
tolongin teman Bus Makassar
arah ke Bamdara sultan hasanuddin dan stasiun Mandai di hilangkan
kasihan kami yang pekerja
yg menggunakan kesulitan sdh 2 hari",2025-01-01 11:36:59+00:00,negatif
pak bulan puasa apa libur 1 bulan penuh,2025-01-01 11:22:38+00:00,negatif
"@kriee.07:capek banget jadi admin Gerindra, semuanya harus di jelasin ke masyarakat 🤣",2025-01-01 11:00:40+00:00,negatif
sampe panjang lo mimin nya ngetik supaya kalean gak slah eh masih aja ada yg gak paham,2025-01-01 10:54:51+00:00,negatif
"gwa tau kalau ppn 12 % itu bukan usulan dari pak Prabowo, melainkan dari gol merah kala itu.. pak Prabowo hanya menjalankan ketetapan yang harus dijalankan karna peraturan ppn 12% sudah disepakati oleh DPR dan MPR sejak 2021. 😁",2025-01-01 10:05:24+00:00,negatif
doa terbaik untuk bapak presiden tercinta 🥹🫡,2025-01-01 08:45:29+00:00,positif
"Prabowo p nya apa
pria sejati
pria jujur
pria pekerja keras
pria menepati janji kepada rakyatnya
🙏🙏",2025-01-01 08:39:34+00:00,netral
kata ibuku kmrn lombok naik min. tapi yang lebih parah bukan itu. pasar tradisional sekarang sepi banget min. ngelu aku min sbg pedagang duh duh 😭,2025-01-01 08:35:44+00:00,negatif
"Harga harga di pasar pasti ikutan naik, karena banyak yg blm ngerti ppnbm itu apa.. pasti ada aja miss komunikasi di lapangan nya",2025-01-01 08:29:48+00:00,negatif
Ga kerasa pak Prabowo udah setahun jadi presiden.,2025-01-01 08:01:19+00:00,negatif
"apa mereka ga ngerti ya afek timbal balik,, 🤣🤣",2025-01-01 07:43:32+00:00,negatif
"semoga pemerintahan sekarang tetep memintangkan Rakyat,, dan bukan untuk penjabat seperti seblumy 🤲🤲🤲 sehat selalu pak presiden prabowo",2025-01-01 07:32:11+00:00,negatif
tapi minyak goreng ikut2an naik harga nya 😭,2025-01-01 07:13:10+00:00,negatif
silent repost 🙏🙏🙏yg benci bakal ttp benci,2025-01-01 06:41:54+00:00,positif
yang protes ppn 12% mau beli jet pribadi ?,2025-01-01 06:32:06+00:00,negatif
Gimana kalo pajak ekspor impor? Pengen terjun tapi selalu di takuti cukai 🥺,2025-01-01 06:08:45+00:00,negatif
admin nya rajin bgt blsin komen 🤣🤣🤣,2025-01-01 06:08:17+00:00,netral
Tp kok top up kena pajak 12% bang Gerindra?,2025-01-01 06:05:05+00:00,negatif
iphone naik jga ga? itu termasuk barang mewah gasi😭,2025-01-01 05:40:21+00:00,negatif
terima kasih pak presiden 🥰,2025-01-01 05:23:09+00:00,positif
perlahan lahan semua aduan gercep bgt dan pemerintah tau trend issue yang di khawatirkan masyarakat,2025-01-01 05:17:33+00:00,negatif
Turunkan harga shuttlecock pak,2025-01-01 05:12:05+00:00,positif
"gak papa min
yg penting Pertamax dan pertalite harga nya udah turun😍 thanks you",2025-01-01 05:10:35+00:00,positif
"sehat slalu pak 🤲🙏
meski masih bnyk rakyat mu yg SDM rendah blm bisa bersyukur, tp kami yg mengerti sangat² berterimakasih atas smua yg tlah bapak lakukan untuk rakyat Indonesia.",2025-01-01 05:00:24+00:00,positif
"Mindra, aku dapet email dari Megavision PPN naik 12% dan nominal tagihan sudah termasuk PPN 12% perhari ini. apakah wifi termasuk jasa mewah? udah komplen ke akun megavision belum di respon juga..",2025-01-01 04:57:26+00:00,negatif
MIN MABAR ML YUK -1 ROAM NIH,2025-01-01 04:50:05+00:00,negatif
SEMANGATTT MINNN 🔥🔥🔥🔥🔥,2025-01-01 04:45:56+00:00,negatif
harus apakan ini presiden kita😾,2025-01-01 04:44:56+00:00,positif
min pajero atau fortuner? 😁,2025-01-01 04:25:40+00:00,negatif
"coba di kroscek kembali pak, apa betul pajak 12% hanya berlaku untuk barang kategori mewah, soalnya harga motor naik semua, apakah motor termasuk kategori barang mewah??🙏🙏🙏",2025-01-01 04:21:55+00:00,negatif
"maaf min. kalau yang di caption nya ada harga yang yang tadi nya tidak kena PPN 12% itu. trus naik dan ikut PPN itu. gimana tuh. misal bahan pokok lah. terutama beras . yang tidak naik harga. jadi naik. karna dengar isu naik PPN naik, padahal si beras tidak naik. tapi dia ikut naik PPN nya.",2025-01-01 04:08:25+00:00,negatif
2025 GANTI RAKYAT PLISSS🙏🙏🙏,2025-01-01 04:03:59+00:00,positif
tapi kok udha banyak barang sembako pada naik. conth minyak goreng,2025-01-01 03:57:01+00:00,negatif
"min barang mewah itu hanya di beli orang kaya, lalu orang kaya itu pendapatan nya dari berjualan. lalu apakah tidak memungkin kan untuk orang kaya itu menaikan harga produk mereka ? mohon bimbingan ny",2025-01-01 03:47:51+00:00,negatif
"tapi mim, disini info harga tetap naik karena UMR naik, sedangkan aku ni bukan ASN ataupun pegawai swasta..",2025-01-01 03:43:38+00:00,negatif
terus klo yang kenaikan pajak bermotor yg ada 7 pajak dan klo kendaraan baru ada 9 pajak yg dinaikkan menjadi 66% itu gmn? tolong bantu dijelaskan dong @gerindra 🙏🏻🙏🏻,2025-01-01 02:27:12+00:00,negatif
minyak goreng udah naik aja tu pak di pasar 😭,2025-01-01 02:26:48+00:00,negatif
gua malah lebih pokus bacain komentar mindra kasian banget kaya nyesek gitu nahan sabar sabar iya minda😂🥺,2025-01-01 02:18:42+00:00,negatif
sehat2 dan panjang umur selalu bapak 🤗🥹,2025-01-01 02:18:22+00:00,positif
min kenapa gaji saya kena potongan pajak gede ya🥺 saya kerja di outsourcing @Muhammad Helmi @Agung Rhiyadii @babyyyysh @Tiaaaa🐣 @AyyuRinconaldi @Ayana10,2025-01-01 02:16:11+00:00,netral
"6,5th bagaimana?!",2025-01-01 02:12:12+00:00,positif
ada yg tolak PPN 12% tapi ikut berburu subsidi listrik 50% 🤣,2025-01-01 02:08:02+00:00,negatif
"terimakasih Infonya min... banyak beredar VT kenaikan pajak 12% itu diplintir untuk semuanya, ternyata setelah tau viti ini, lega rasanya🙏",2025-01-01 02:07:45+00:00,negatif
"Lope yu min, selamat taun baru. Ada kue ga?",2025-01-01 02:05:44+00:00,negatif
masyaAllah terima kasih pakkk,2025-01-01 01:50:36+00:00,negatif
"sehat""ya pak,semoga bpk pajang umur dan dlm lindungan Allah swt🤲",2025-01-01 01:31:39+00:00,negatif
maaf min untuk penerima sembako yg 16 jt org itu. itu udh termasuk data yg bulan desember kemarin yang dapat apa ada perubahan min,2025-01-01 01:25:55+00:00,negatif
MALU GAK LU YANG KOAR KOAR SAMPE DEMO KEMARIN? HAHAHAHAHA,2025-01-01 01:19:23+00:00,negatif
"mau harga pupuk padi sepadan dengan harga jual pas panen raya padi nya ajah, saya anak petani suka kasian kalo liat orang tua panen tapi harga padi nya GK sepadan dengan harga pupuk dll",2025-01-01 01:13:33+00:00,negatif
Turunkan harga kuota XL pakkk prabowooo,2025-01-01 01:06:07+00:00,negatif
"Saya toko grosir, Tapi hampir semua agen distributor PPN naik menjadi 12%",2025-01-01 00:42:00+00:00,negatif
@ㅤaman,2025-01-01 00:32:45+00:00,positif
min mau tanya apakah ppnbm ini tidak akan merembet ke barang kecil takut nya lambat Laun barang kecil di ikutkan dalam ppn 12%,2025-01-01 00:20:20+00:00,negatif
tiba² banyak yg gabisa baca min🤣🤣,2025-01-01 00:17:52+00:00,negatif
🥰🥰🥰,2025-01-01 00:15:48+00:00,positif
"kira2 bakal ada efek domino nya gak min, yg menyasar ke bahan2 pokok",2025-01-01 00:06:36+00:00,negatif
"Admin mohon ijin saran: hasil pajak juga diberi perhatian khusus untuk orang sakit , difabel fakir miskin terlantar sangat banyak.",2025-01-01 00:03:38+00:00,negatif
"baru saja lewat fyp gue, beras kena PPN min !😭",2024-12-31 23:54:22+00:00,positif
"plis laa cape aku liat komen"", jadi warga indonesia yang lebih banyak pengetahuan, jangan jadi sdm yang rendah, disekolahin susah susah masa ga ngerti sistem gini☺️🙏",2024-12-31 23:37:00+00:00,netral
Yaallah untung gapernah koar2 soal ppn. karna simpang siur berita yang beredar sebelumnya. syukur😭,2024-12-31 23:18:41+00:00,negatif
"Banyak yg ambil momentum disini,terutama pengusaha..pajak belum naik aja dagangan yg mereka jual udah naek dulu di pertengahan desember😂",2024-12-31 23:18:39+00:00,negatif
Min pliss ini udah tgl 1 tadi aku mau isi token listrik 200 rb kayak biasa gaada potongan 50% kayak simulasi yg dijelasin min🥺,2024-12-31 23:18:16+00:00,negatif
"pak Prabowo saya coblos anda wkt pemilu, jangan bikin saya patah hati ya",2024-12-31 23:11:58+00:00,negatif
@bimo:2025 ganti rakyat🗿🗿🗿 presiden udah bener tinggal rakyatnya aja yg blm,2024-12-31 23:09:36+00:00,negatif
2025 ganti rakyat,2024-12-31 20:50:48+00:00,positif
selamat datang 2025 dan selamat datang juga era keluar uang lebih banyak,2024-12-31 20:27:25+00:00,negatif
penanaman modal ga di bahas min?,2024-12-31 20:07:54+00:00,netral
"min turunin rokok surya min, kemahalan soalnya😂😂",2024-12-31 20:06:43+00:00,positif
"sama aja min, nyatanya nanti cek aja di lapangan bener gak cuma barang mewah..?",2024-12-31 19:53:24+00:00,negatif
"Keren pak. Masyarakat kita aja emg kaga jelas banyak mau, banyak ngeluh tanpa baca informasi yg emg fakta alias menolak fakta, nuduh sana sini sangkut pautin hal2 gajelas.",2024-12-31 19:37:18+00:00,negatif
tpi ttp ae beras naik min di pasar beli,2024-12-31 19:37:05+00:00,negatif
Min aku jomblo,2024-12-31 19:29:55+00:00,positif
slamat tahun baru min:),2024-12-31 19:16:40+00:00,positif
"siap kasih kegrup kluarga seklian mau ku recal""lin pendukung abah 🗿",2024-12-31 19:11:56+00:00,negatif
@Fathul akbar amroini @Pica @N¥1985 send teros ke grup 🤭🤭🤭,2024-12-31 19:08:46+00:00,negatif
Sehat selalu bapak presiden ku❤️🫡,2024-12-31 19:08:13+00:00,positif
"Aku mah ga mau protes, pasti ada tujuannya juga untuk kebaikan negeri ini🙏",2024-12-31 19:00:45+00:00,negatif
turunkan harga gacoan,2024-12-31 19:00:37+00:00,negatif
Jogetin ajah oke gas oke gas🤡,2024-12-31 18:57:26+00:00,netral
"lawak sih rakyat nya pak tinggal dibenerin minim membaca cuma fomo lagi 🤭 jelas2 di caption tertera dengan jelas ppn yang masih 0% dan ppn yang naik,baca dengan seksama sebelum ngomen 🤭🤭",2024-12-31 18:52:51+00:00,negatif
"Saya gajian d potong 600k nyesek sih alasan nya pajak taunan,dan dari ribuan karyawan potongan nya beda beda ga merata",2024-12-31 18:50:55+00:00,negatif
bukanya setiap ada event bulanan pada naik?kaya natal lebaran puasa dll,2024-12-31 18:39:04+00:00,negatif
"bnyak yg gagal paham min🤣, maklum masyarakat skrng 🤣🤣🤣",2024-12-31 18:38:15+00:00,negatif
"mimin gerindra gk ada niatan kh buat ngurangin tuh harga barang elektronik
gua mau beli pc mau jadi gamer🤣🤣",2024-12-31 18:13:38+00:00,negatif
"Min i love you, semoga admin gerindra selalu dalam lindungan Allah dan sehat selalu.Salam dari warga daerah NTB,Lombok🤲🏻🇲🇨🤍",2024-12-31 18:11:21+00:00,positif
"Makasiii banyak min, penjelasan nya super lengkap. Semoga ga ada yg salah informasi lagi😭",2024-12-31 18:07:23+00:00,positif
"min, sarangbeoooo 🤏🫶",2024-12-31 18:00:44+00:00,netral
2025 GANTI RAKYAT,2024-12-31 17:54:34+00:00,positif
"wifi mnc naik tuh, udah dikirim edaran nya di Gmail. jadi 12%",2024-12-31 17:50:33+00:00,negatif
min ga taun baruan?,2024-12-31 17:45:31+00:00,netral
salam hormat BPK presiden selamat tahun baru 2025 sukses kabinet merah putih,2024-12-31 17:44:41+00:00,positif
min cape ga? tahun ini ganti rakyat aja yah?,2024-12-31 17:44:26+00:00,negatif
tapi ada edaran kenaikan ppn dari suplier barang untuk perusahaan saya,2024-12-31 17:39:13+00:00,netral
"undah di jelasin panjang lebar, sampe"" di ketik segitu banyaknya, masi aja pada ini itu ini itu, memang warga++",2024-12-31 17:30:12+00:00,negatif
TikTok kenapa jarang free ongkir ya min?,2024-12-31 16:57:37+00:00,negatif
komen ah siapa tau udah 1thun lebih disini🗿,2024-12-31 16:46:29+00:00,positif
"kalo yg sewa kapal pesiar boss utama indomaret gimana min?
Dalam hati boss indomaret: kok harga sewanya jadi naik ya(bergumam dalam hati)?, kalau begitu pemasukan saya juga perlu naik ini 😱",2024-12-31 16:45:08+00:00,negatif
"komen ah biar satu tahun lalu
gini kan min😅",2024-12-31 16:39:49+00:00,positif
komen ah biar 1 tahun yg lalu😹,2024-12-31 16:34:37+00:00,positif
"sbenarnya ini sudah sgt bijaksana
tpi org2 yg pny brang mewah pastiny jga ga mau rugi dg knaikan ppn 12%
smisal bos minyak goreng, ad bnyak aset dan barang mewah ppnny naik 12% alhasil mmutuskan untuk",2024-12-31 16:32:55+00:00,negatif
oke min info diterima. Saya perwakilan desa Cikande Kec. Jayanti akan menyebarkan informasi ini☺️👍🏻,2024-12-31 16:31:59+00:00,netral
"alah min terserah, mau bagaimana pun tetep jadi tukang bangunan, gak punya sawah dan kebon gak dapat bpnt dan pkh, sampai anak dua, malah yang dapat"" kebon cengkeh banyak sawah banyak,",2024-12-31 16:30:52+00:00,negatif
Min kultifasi udah sampe mana ?,2024-12-31 16:29:13+00:00,negatif
"hrsnya udh jls bgtt inii, tp knp ya di desa khususnya desa ku dan lingkungan rantau ku semuanya jadi naik bahkan sembako dan lpg (yg kutau) per januari naik, mungkin perlu ada perluasan berita lg",2024-12-31 16:28:38+00:00,negatif
dahla gaji ku tetap kenak 12% buat bayar anak Abah tak apala,2024-12-31 16:21:36+00:00,negatif
"apaan min di daerah saya cabe beli goceng dikit bgt sekarang, kata abangnya pada naek semuah buk",2024-12-31 16:17:57+00:00,negatif
mlh smua bhan untuk jualan naik semua 🤣🤣🤣,2024-12-31 15:59:17+00:00,negatif
udh pak jangan banyak-banyak nanti anak Abah makin panas🔥,2024-12-31 15:57:41+00:00,netral
"sehat selalu bapak,,,semoga dijauhkan dari orang² yg dzolim🤲😇",2024-12-31 15:53:31+00:00,positif
"pro n kontra pasti ada tp sy pribadi tetap berada di depan beliau karena mmg beliau org yg sgt komitmen,.",2024-12-31 15:49:27+00:00,netral
tidak pernah ada kata menyesal saya menitipkan suara sya ke bapak prabowo dan mas gibran dlm pemilu kemarin,2024-12-31 15:38:40+00:00,negatif
admin gerinda bales komen org akan menjadi 1 tahun yg lalu bener kan min,2024-12-31 15:37:15+00:00,negatif
"minnndraa🥰🥰 pokoknya terbaikk,, aku percaya bapak kita sudah berusaha yg terbaik buat rakyat Indonesia 🥰 sehat"" bapakku🫶🔥🥰",2024-12-31 15:35:11+00:00,positif
"kayu = 5th
ayam = 7th
300T = 6,5th
menyala negri ku",2024-12-31 15:27:47+00:00,negatif
"Sembako naik bukan karena ppn ya adik adik, di pantau tahun tahun sebelum nya, kalo tahun baru, atau ramadhan memang sudah begini, tunggu sampe selsai kalo masih naik baru ngejudge.",2024-12-31 15:27:42+00:00,negatif
halo min ini grab merchant resto makan ada pengumuman kalau januari mau naik ppn ke 12 % apa grab merchant sudah masuk barang mewah? terima kasih.,2024-12-31 15:26:47+00:00,negatif
"ppn mau naik
semua demi negara...saya hanya mohon pada negara tolong tetap utuh😊😊😊",2024-12-31 15:25:35+00:00,negatif
"Cuman caption Gerindra doang yang aing baca sampai selesai,Selain dari ini males 🤣
Sehat selalu Pak Prabowo Subianto 😍",2024-12-31 15:22:05+00:00,positif
ff atau ml nih min?,2024-12-31 15:15:46+00:00,negatif
ahhh yang bener min ini real atau madrid,2024-12-31 15:12:26+00:00,netral
jadi ngebayangin gimana kalo Abah yang jadi🗿,2024-12-31 15:09:12+00:00,negatif
"Min knpa crypto harus kena juga sih🗿, masak tiap hari bayar 12%",2024-12-31 15:06:46+00:00,negatif
min lop yu,2024-12-31 15:06:08+00:00,negatif
@......:komen ah biar 1thn yang lalu🗿,2024-12-31 15:03:10+00:00,negatif
min tolonglah subsidi bbm juga buat ojol . masa subsidi bbm cuma buat plat kuning/angkutan kota. kan driver ojol langsung kena potongan ppn dari setiap perjalanannya .,2024-12-31 14:29:58+00:00,negatif
"Harga air mineral aja naik, apalagi bahan pokok dipasar🥹 kami yg buka rumah makan di daerah kabupaten, susah utk menaikan harga makanannya, takutnya daya beli masyrakat semakin menurun.",2024-12-31 14:26:26+00:00,negatif
"tiket bus naek 30k cuy, kmrn ke Jogja dari Karawang 280k, padahal sebelumnya 250k, ga kebayang lebaran nanti berapa 300k mungkin bisa aja😂😂😂",2024-12-31 14:26:11+00:00,negatif
min harga normal gas yang ijo tuh berapa sih,2024-12-31 14:25:50+00:00,negatif
2025 ganti rakyat 🔥🔥,2024-12-31 14:25:21+00:00,positif
"Bapaaaaak jaga Kesehatan ya 🥺🙏🙏🙏🙏🫶
Trimakasih Bpk Presiden dan Kabinet Merah Putih 🙏🙏🙏🫶",2024-12-31 14:22:55+00:00,negatif
klo pajak mau bli game atau top up tetep kan? 🥺🙏,2024-12-31 14:22:29+00:00,negatif
minn tandaiiin aku bakal balik tahun depannn😗,2024-12-31 14:19:55+00:00,negatif
"selama masih ada rezeki buat beli ga masalah sebenernya..banyak yg jajan bakso melebihi harga beras aja masih mampu,cuma yaa gitu kadang2..buat kebutuhan pokok mah banyak yg perhitungan",2024-12-31 14:19:48+00:00,netral
"min tolong PKH orang tua saya diblokir cuma karna gara2 gak milih kepala desa yg sekarang 😭
gk cuma itu aja semua yang berbaur sama semua bantuan di blokir min udah 6 tahun 🥹
padahal kmi org susah😭",2024-12-31 14:18:29+00:00,negatif
admin gerindra gawe. demi menjelaskan ke masyarakat kita yg tercinta 🥰,2024-12-31 14:17:53+00:00,positif
"Kadang org org aneh, misal ada satu bahan/barang yg naik dikit semua langsung dinaikkan tidak terkecuali. Pas satu bahan itu turun, ga turun lg samsek, pdhal nilai tukar rupiah diluar ttp segitu, ga turun, tp barang didalam negeri tiap tahun atau tiap bbrp bulan ada aja penaikan. Tolong min ini ulah kartel atau gmn? Kek kontol ni kalo emg ada permainan kartel",2024-12-31 14:15:49+00:00,negatif
"tapi kenapa dipasar2 udah pada naik harga mindra, kmrn pas Natal aku belanja snack naik hrg kata penjualnya krn pajak naik 12%, ga bisa berkata2 lagi dah",2024-12-31 14:15:31+00:00,negatif
"BARANG MEWAHHHH RAKYATTTT🥳🥳🥳🥳,LOVE U PA WOWO🥰,tetep bisa beli gacoan ppnnya 11% kan ya 🥰",2024-12-31 14:11:37+00:00,positif
"Mendukung sepenuhnya kebijakan pemerintahan beliau , sing penting bahan pokok jangan awis awis . Harga murah masyarakat bahagia min",2024-12-31 14:06:18+00:00,positif
"minta loker lah min sama bapak. biar orang tua saya bisa pulang ke kampung dan gk bertahun-tahun mencari nafkah di negara orang terus..
loker sekarang pakai batasan usia min.",2024-12-31 13:56:31+00:00,negatif
min @gerindra capek ga? sehat sehat yaaa min :),2024-12-31 13:54:33+00:00,positif
"min,saya mau bertanya boleh? saya kan sempat berdebat sama ayah saya min,terus dia bertanya apakah hukum itu ada atau engga? saya jawab ada min,terus ayah saya jawab tidak ada,terus dia ambil contoh",2024-12-31 13:53:47+00:00,negatif
min kenapa harga kopi pada naik,2024-12-31 13:52:44+00:00,negatif
"cma tnyk ni,hrga internet naik ga yaa krna ppn ni",2024-12-31 13:52:25+00:00,negatif
aku selalu percaya kebijakan bapak prabowo 🥰,2024-12-31 13:52:04+00:00,positif
"tempat gw, penjual nasi udah naik mulai 1 jan 2025 😢",2024-12-31 13:51:34+00:00,negatif
harga RC sama UC pubg kena PPN 12% ga min ?,2024-12-31 13:50:05+00:00,netral
Myrepublic naik jadi 12%.. udah di info di email😭,2024-12-31 13:50:04+00:00,negatif
spotify ama netflix gimana min??,2024-12-31 13:50:01+00:00,negatif
"min, sapa aku min",2024-12-31 13:49:59+00:00,positif
Aku di listrik 2200 va bayarnya mahal bgt 2 bulan terakhir naikkkkk 😭 mengsedih,2024-12-31 13:49:14+00:00,negatif
"min mau beli petasan buat tahun baruan ga di izinin sama emak gua, gimana biar bisa mendapatkan izin min? 🙏",2024-12-31 13:48:46+00:00,negatif
sehat selalu ya min semoga gajinya naik 2× lipat😭💗,2024-12-31 13:48:34+00:00,positif
Naikin harga KARET pak presidenku🙏,2024-12-31 13:48:22+00:00,netral
"min saya mau kredit motor itu bagusnya ambil 1thn,apa seumur hidup",2024-12-31 13:36:46+00:00,negatif
sedia Jazz sebelum hujan min tpi harganya turunin 🥰,2024-12-31 13:36:06+00:00,negatif
"sabar min,yg sayang akan mengerti dan yg benci akan selalu dipandang salah.",2024-12-31 13:34:44+00:00,negatif
serius amat min 🗿,2024-12-31 13:30:37+00:00,positif
"semangat ya min, perjuangan mu sebagai admin saja berat dalam menghadapi masyarakat lejen ini🙂🙏
terimakasih min sehat"" min",2024-12-31 13:29:16+00:00,positif
"semangaat mindraaa🥰 terimakasihh bapakkk🥰 sayang bapak banyak banyak, jadi pengen peluk mindra😂",2024-12-31 13:27:51+00:00,negatif
komen ah biar 1thn yang lalu🗿,2024-12-31 13:27:30+00:00,positif
mantep min sini maen ku traktir ayam geprek,2024-12-31 13:27:11+00:00,positif
sudah d jelaskan dr awal dg gamblang oleh pak prabowo tpmsh sj byk yg slh faham dn menggoreng trs ...love bpk ku 🥰🥰,2024-12-31 13:21:17+00:00,negatif
maaf akuu gak dengerin bapa presiden malahh fokus sama komenannya😭😭😭😭,2024-12-31 13:21:08+00:00,negatif
turunin harga pajero min,2024-12-31 13:20:08+00:00,positif
"Min, udah makan? jangan cape - cape, yah. makasih udah menerima aspirasi rakyat.🫰🏻",2024-12-31 13:19:40+00:00,negatif
Semoga Bapak Presiden Bapak Prabowo bisa menjadikan Negara Indonesia menjadi Negara Makmur di tahun berikutnya 🩷❤️‍🔥🤲💪 aamiiiin,2024-12-31 13:17:43+00:00,positif
"Min salam dari petani tembakau, DARI PETANI UNTUK NEGERI🔥",2024-12-31 13:17:14+00:00,negatif
"min saya beli petasan cabe nitip sama emak, tp yg di bawain malah cabe 1 kg trus buat apaan ini yak 😭😭",2024-12-31 13:16:04+00:00,negatif
taun baru bakar jagung ga min,2024-12-31 13:15:05+00:00,netral
Capek banget jadi bapak ya 🥺,2024-12-31 13:13:13+00:00,positif
tinggalin jejak disini besok udah 2025👇👇,2024-12-31 13:12:49+00:00,negatif
"halo min salam dari Madura
#beccean sadejeh✌️",2024-12-31 13:12:45+00:00,negatif
Pulsa internet & layanan internet rumah (wifi) naik juga gak mindra?,2024-12-31 13:12:05+00:00,negatif
"ngopi yuk min, malem tahun baru nih😁",2024-12-31 13:11:02+00:00,positif
min nanti nonton kembang api pergantian tahun ga,2024-12-31 13:10:55+00:00,negatif
"Harga kebutuhan naikk karena nataru ✅
Nyalahin Presiden atas kebijakan ppn 12% ✅
Blm di baca, udh komen duluan ✅
Dasaarr anaakk Abaah, goreng teross...😌😌",2024-12-31 13:09:32+00:00,negatif
yeayyy akhirnya mindra comeback 🔥,2024-12-31 13:09:13+00:00,netral
Tahun baru puncak dingin min apa itu min?,2024-12-31 13:07:12+00:00,positif
komen ah biar 1thn yang lalu🗿,2024-12-31 13:07:06+00:00,positif
kemarin aku bikin konten kek gini bnyk juga ternyata rakyat kita yang minim akan literasi :(,2024-12-31 13:05:41+00:00,negatif
semangat pak 💪💪💪💪💪,2024-12-31 12:54:42+00:00,netral
komen ah biar satu tahun yang lalu😭😭😭,2024-12-31 12:54:35+00:00,positif
min kampung aku blm ada sinyal smpe skrng kasihan anak2 susah buat bljr online suka mati lampu dan hilang sinyal. ada wifi pake rame2 tp lemotnya minta ampun @gerindra,2024-12-31 12:54:13+00:00,negatif
"Assalamu'alaikum Admin Gerindra.. Mohon di Fikirkan Antisipasi buat Negara Indonesia.. Gimana kalau Negara Kita Seperti Los Angeles..
Ini Serius 🙏🙏",2025-01-21 11:25:25+00:00,negatif
min pilih ole romeny apa Rafael struick?,2025-01-20 22:40:18+00:00,negatif
min emang bener bulan puasa libur 45hari,2025-01-20 14:17:16+00:00,negatif
bismillah puwasa liburrr🙏,2025-01-20 12:40:13+00:00,positif
semangat terus bapak prabowo,2025-01-19 22:36:23+00:00,positif
min aku mau nanya tapi lupa mau nanya apa,2025-01-19 13:28:02+00:00,negatif
pak boleh gak Indonesia membuat peraturan ketat yang menjaga lingkungan contoh membuang sampah pada tempat nya🙏,2025-01-19 10:04:23+00:00,positif
min beneran resmi kan libur 45 hari selama bulan puasa?,2025-01-19 03:40:00+00:00,negatif
jadi libur gak admin?,2025-01-19 03:35:44+00:00,negatif
"min, jadi gak untuk libur 1 bulan penuh pas puasa nanti",2025-01-19 02:10:42+00:00,negatif
min tolong turunkan harga sepatu asic metaris,2025-01-18 17:42:08+00:00,negatif
min pas puasa libur gk?,2025-01-18 10:59:38+00:00,negatif
min orang setia game nya apa?,2025-01-18 08:54:12+00:00,negatif
min nanti puasa libur sekolah gak,2025-01-18 06:49:43+00:00,netral
min pilih Rafael struick atau marselino ferdinan?,2025-01-18 04:39:37+00:00,negatif
min tolong mts setiap hari sabtu libur lah min,2025-01-18 00:41:20+00:00,negatif
min aku kalah sama masa lalu nya 😌😭,2025-01-17 19:06:19+00:00,negatif
min sekolahan orang lain dapat makan gratis lah sekolahan ku kapan minnnnn??,2025-01-17 04:45:41+00:00,negatif
min inpo loker min😁🙏,2025-01-16 13:57:12+00:00,positif
pak makan gratis di daerah Jawa Tengah kabupaten Wonogiri SDN 3 nambang pak,2025-01-16 12:14:06+00:00,positif
Tolong harga tiket pesawat jawa-papua juga diturunkan pak 🥲. LDM dengan suami semakin berat karena memikirkan ongkos pulang,2025-01-16 00:54:37+00:00,negatif
admin kapan ke palembang,2025-01-15 20:08:07+00:00,negatif
"min saya kangen mama saya min, dia pergi ke arab pas 2022 Tapi pas 2023 hilang kabar min udah gak ada kabar sama sekali, keluarga juga gak ada yang tau",2025-01-15 18:22:30+00:00,negatif
min tolong turunin harga sepatu bola lightspeed reborn😭🙏,2025-01-15 13:40:27+00:00,negatif
min kerahkan bangsa indonesia buat ngelike postingan akuh awww,2025-01-15 11:02:18+00:00,negatif
"@Yuvens:min,Buka Makan Gratis Di Sekolah Reformasi Di Ntt
Min.Plisss ✌️🥰🥰",2025-01-15 07:19:30+00:00,positif
"di Sumut aja kab Dairi sampe detik ini gak ada programnya, entah di korupsi gak tau",2025-01-15 00:55:14+00:00,negatif
"min, minta tolong hilangkan razia rambut di sekolah🥺🙏🏼",2025-01-14 14:48:14+00:00,negatif
"minnn bisa ilangin cicak di muka bumi ini ga min, soalnya aku tkut bnget dahh",2025-01-12 13:55:17+00:00,negatif
woy min liburan pas bulan luasa😸😸😸,2025-01-12 12:42:10+00:00,negatif
puasa bener libur gak sih,2025-01-12 11:35:05+00:00,netral
min bulan puasa full libur 1bln?,2025-01-12 10:53:30+00:00,negatif
min turun kan harga montor CRF min 😭😭😭,2025-01-12 08:33:44+00:00,netral
min apa benar bulan puasa libur sekolah 1 bulan 🤩,2025-01-12 06:58:47+00:00,negatif
pak kami belum dapat makan gratis pak 😘😘🥰🥰😁😁🙂😆😆,2025-01-12 05:34:03+00:00,netral
"assalamualaikum...
😞 melihat orang lain mengambil bansos terkadang kita kepingin juga sperti mereka tapi, saya orang awam dan tidak mengerti soal digital jaman sekarang.. mohon di bantu bang'min???",2025-01-11 21:19:44+00:00,negatif
"bismillah, assalamualaikum,
kira kira saya berhak tidak untuk mendapatkan bantuan contoh salah satunya bansos. padahal saya berharap bisa mendapatkannya tapi saya sudah lama tidak mendapatkan..aceh",2025-01-11 21:14:24+00:00,negatif
min mau lapor jalan di kmpung saya udh berpuluh puluh tahun gapernah ke sentuh aspal ataupun cor cor an min jalannya hancur bgt dan gak layak di pakai min lokasi di Lamsel Palas Sukabakti rantau makur,2025-01-11 19:47:10+00:00,negatif
min turunin harga daimon fire fire 😁,2025-01-11 11:54:50+00:00,positif
min di tempat saya bahan pokok ikut naik semua,2025-01-11 01:32:38+00:00,negatif
pak saya belum dapet makanan gratis 😭di junti,2025-01-11 00:30:20+00:00,positif
min emang nya Indonesia keluar dari ASEAN ?,2025-01-10 08:33:40+00:00,negatif
SEKALI LAGII NAIK 12% CUMAN UNTUK BARANG MEWAH!!🆙🆙🆙🆙,2025-01-10 06:21:57+00:00,negatif
pak Prabowo cara fyp gimana😳,2025-01-09 15:07:00+00:00,positif
sperpart motor naik gk min?,2025-01-09 13:12:23+00:00,negatif
lapor ke sini boro2 ditanggapi kekirim aja gk bisa katanya korupsi mau dibrantas kirain gampang lapor disini padahal brikut bukti,2025-01-09 12:42:15+00:00,negatif
"pak kapan ada libur sekolah 1 tahun pak, cape sekolah mulu😭🗿",2025-01-09 12:35:46+00:00,negatif
bapak gua suka banget sama pak Prabowo jir sampe tiap hari pake baju pak Prabowo gk percaya? liat aja akun ya @kang bacot2 (Sihotang),2025-01-09 11:45:43+00:00,negatif
min lebih keren motor scoopy atau beat?,2025-01-09 08:41:24+00:00,negatif
pak tolong hilangkan razia rambut pak tolong 🙏🙏🙏,2025-01-09 08:38:39+00:00,negatif
pak tolong bawakan coach sty ke Indonesia lagi pak😭😭😭,2025-01-09 02:01:02+00:00,negatif
minn bisa ga jadikan sty coach lagiiii?,2025-01-08 22:41:51+00:00,netral
pak makan gratis nya mana kata nya bulan januari🙏🫶,2025-01-08 12:52:05+00:00,positif
@𝖇 𝖊 𝖊,2025-01-08 12:20:31+00:00,positif
min kasi saya uang 600rp dan saya akan bersedia di penjara selama 6menit,2025-01-08 07:12:38+00:00,negatif
pak tolong kembalikan STY😞,2025-01-08 05:52:59+00:00,negatif
"min, kemarin aku like video yg katanya kalo dilike ntar jam 2 dini hari uang datang kerumah ku, tapi ku tunggu smpe jam 12 siang kok ga datang-datang ya😔",2025-01-08 05:00:21+00:00,negatif
HILANGKAN RAZIA RAMBUT DI SEKOLAH!!!!,2025-01-07 14:25:07+00:00,negatif
pak tolong turunkan harga vario 160 biar nanti kalok saya ada uang saya gak cuma beli 1,2025-01-06 13:34:48+00:00,negatif
"pak ko sekolah saya belum di kasih makan gratis, di Rangkasbitung",2025-01-06 13:22:34+00:00,positif
min sekola gw kok belum ada makan gratisnya 🗿,2025-01-06 13:20:26+00:00,negatif
Ipong masuk indo kapan pak,2025-01-06 13:11:48+00:00,negatif
mana makan siang gratis yang kau janjikan pak,2025-01-06 12:28:39+00:00,positif
min plisss bikin aturan yang tegas untuk siswa atau siswi yang memanggil dengan menggunakan nama orangtua itu sangat merusak mental anak dimohon agar tidak di normalisasi kan😊😊😊,2025-01-06 12:22:42+00:00,negatif
makan makan gratis nya di skeolahh saya gak sampe,2025-01-06 12:13:11+00:00,negatif
"min,makan gratis ke desa dulu ini desaku pelosok",2025-01-06 11:51:21+00:00,netral
Min @gerindra tolong bantu gajih untuk guru honor yang belum sertifikasi.Kasian gajih hanya 200rb perbulan. Jangan sampai gajih org masak untuk program makan sehat lebih besar daripada tenaga pendidik,2025-01-06 11:51:07+00:00,negatif
pengen di sapaaaaaaaaaaaaaaaaaaaaaaaaaa😭😭😭😭,2025-01-06 11:18:07+00:00,positif
min disini blm ada makan gratis min 🙃,2025-01-06 11:12:51+00:00,positif
min makan gratis di Jateng kapan?,2025-01-06 10:56:32+00:00,negatif
min kapan makaan gratis🤔,2025-01-06 10:52:52+00:00,negatif
min kok di sekolah gue blum dapat makan siang gratis 😭😭(Palembang),2025-01-06 10:51:20+00:00,positif
@gerindra Tolong cepat selesaikan pembebasan lahan tol Betung - Tempino🙏🏻,2025-01-06 10:24:02+00:00,positif
"kayu = 5 th
ayam = 7 th
300T = 6,5 th😂",2025-01-06 10:12:43+00:00,negatif
pak kenapa kok sekolah saya kok GK ada makan gratis,2025-01-06 10:06:07+00:00,positif
gerinda g apa ye,2025-01-06 10:04:33+00:00,positif
pak kenapa kok sekolah saya kok GK ada makan gratis,2025-01-06 10:00:31+00:00,positif
min turunkan harga pesawat min jadi 2k 5pcs,2025-01-06 09:56:23+00:00,negatif
puasanya libur kaga min,2025-01-06 09:52:50+00:00,netral
min aku enggak gak lulus sekolah SMP 🥺,2025-01-06 09:51:31+00:00,negatif
min di Nusawungu ko belum ada makan gratis,2025-01-06 09:41:02+00:00,negatif
min udh 2025 wishlist stlh tau PPN ga jadi naik apaan nihh?,2025-01-06 09:26:14+00:00,negatif
pak prabowo yogyakarta belum dapet makan gratis.....,2025-01-06 09:13:10+00:00,negatif
cara dapetin mingyu gimana min?,2025-01-06 09:00:00+00:00,negatif
"min info loker buat tmbahan ,soalnya janda anak 2 min 😭",2025-01-06 08:55:19+00:00,negatif
pak sekolah saya kapan makan gratis nya pak ini udah bulan Januari pak kapan makan gratis nya pak😭😭,2025-01-06 08:54:12+00:00,negatif
pak presiden prabowo makan gratis nya belum sampai sini,2025-01-06 08:46:20+00:00,negatif
pak sd ku belom makan gratis,2025-01-06 05:53:26+00:00,positif
min kira² ramadhan libur 1 bulan ga,2025-01-06 05:41:17+00:00,negatif
min kata nya sekolah di indo dapet makanan gratis kok blum dapet sekolah kami,2025-01-06 05:19:24+00:00,positif
min kok gak ada makanan gratis🗿🙏,2025-01-06 05:15:03+00:00,positif
NKRI HARGA MATI🇮🇩♥️🥰,2025-01-06 04:51:02+00:00,positif
minn kenapa di sekolah saya belum dpt makan gratiss,2025-01-06 04:43:44+00:00,positif
min lebih kece madrit atau barca?,2025-01-06 04:00:35+00:00,negatif
"meminta Komisi II DPR RI Mendorong Kemenpan RB,BKN RI
1. Segera Sahkan RPP Manajemen ASN turunan dari RUU ASN NO.20 TAHUN 2023 dan meminta dal",2025-01-06 03:44:21+00:00,negatif
"turunin harga ppn lagi min, kesel saya kena ppn🗿",2025-01-06 03:36:59+00:00,negatif
"assalamualaikum admin gerindra,maaf ganggu waktunya😅oh ya saya mau tanya,emang bener ya bulan puasa kita libur 1 bulan pul.maaf cuman Nayak aja😅🙏",2025-01-06 03:28:09+00:00,negatif
knp sekolah di Mataram blm dapat makan gratis pak🙏,2025-01-06 03:19:47+00:00,positif
min tolong dong sodara saya yg kerja bangunan di ikn ga dibayar min . tolong dong dibantu@partaigerindra,2025-01-06 02:53:07+00:00,negatif
Sulawesi Barat kapan makan gratis nya pak?,2025-01-06 01:20:25+00:00,netral
min emang iya pak prabowo mau resmikan aturan anak dibawah 16 tahun ga boleh punya handphone?,2025-01-06 01:04:46+00:00,negatif
"tolong perhatikan pak.. dinas pendidikan dan kebudayaan .. masa cara kerja .. disdik bgtu jawaban y.. dana blum di ada anggaran ya.. aneh.. trus utk ap anak saya aktivasi dan tinggal tunggu pencairan aj hrus tunggu 1 tahun.. yg lain sudah pada cairr.. cuman anak sya yg blum... ada apa nih..
apa jngn jngn dinas penddidkan y / pihak bank y / juga pihak sekolah ya.. aneh",2025-01-06 00:41:27+00:00,negatif
"ijin.. itu anak saya dapat pip/kip sudah setahun kagak cair cair kenapa pak.. jngn blg sruh ke disdik udh..k keluarahan , pihak sekolah , pihak bank BRI jg sdh.. tingga tunggu pencairan aj blum jg cair , udah setahun lebih.. masa dinas pendidikan ngga bisa liat apa sdh aktivasi k bank sdh.. aneh.. tertulis dana belum masuk.. hadehh.. udh kya ngemis cuman 375ribu aj setahun.. cairr ya lama😏
tolong kerja y dinas pendidikan dan kebudayaan.. masa hrus nunggu setahun lbih blm cair",2025-01-06 00:37:07+00:00,negatif
"min,kata orang pak wowo bilang anak di bawah umur 16 tahun gk boleh pegang hp,apa benar min?",2025-01-05 23:37:18+00:00,negatif
VENOM,2025-01-05 22:30:50+00:00,negatif
"MIN LIBURKAN 1 BULAN PUASa
gw mau ke rumah bapak gw kAngen gw",2025-01-05 22:28:01+00:00,negatif
"🙏tolong tambak udang di indonesia di perhatikan lagi, agar seperti dulu indonesia dikenal sebagai export udang terbesar di asia tenggara. tambak pesisir contohnya sumatera,kalimantan itu banyak tenggelam kena air laut dan gagal panen. kami juga ingi di bangunkan semangat kami dengan fasilitas dari negara🥲 listrik saja siang masih mati harus pakai diesel",2025-01-05 20:03:38+00:00,negatif
"min, pinta tolong jangan ada lagi cerita bawang merah dan bawang putih di dalam tubuh pemerintahan sendiri, semoga di era Bpk prabowo ini, bisa mewujudkan ke adilan bagi seluruh rakyat indonesia kusus nya bagi kaum tenga honnorer yg sdh lama mengabdi, agar bisa di berikan hak yg sama antara pms&pppk",2025-01-05 17:58:03+00:00,negatif
min gimana tanggapan Mimin soal polisi yg tabrak mahasiswa trus meninggal tapi mahasiswanya yang jadi tersangka??,2025-01-05 17:40:29+00:00,negatif
min beneran puasa libur 1 bulan,2025-01-05 17:06:41+00:00,negatif
minn mie enggak ikut pajak kan 😭😭,2025-01-05 16:56:39+00:00,negatif
minn tanya bapakjj prabowooo nantiii kalo ramadhann liburrr yaaa biar lancarr ibadahhh puasa kuu🙏🙏,2025-01-05 16:15:32+00:00,negatif
min kenapa sikap cewe ku beda ya😢😢,2025-01-05 16:09:11+00:00,netral
min coba lihat akun bang @rhival jalan yang sering di lewatinya parah sekali,2025-01-05 16:08:54+00:00,negatif
"min ,puasa 2025 full libur 1 bulan kah?",2025-01-05 16:07:18+00:00,negatif
min emg iya nnti puasa libur 1 bulan?,2025-01-05 15:50:06+00:00,negatif
pak saya belum dapat makan gratis di sditattakwin,2025-01-05 15:18:01+00:00,netral
"apaan kmrin liat pimpinan pln bu sopo iku ngomong jare pln subsidi mengalami kerugian. Tapi anehnya pejabat"" pln pada kaya""",2025-01-05 09:25:41+00:00,negatif
min turunin harga zx 25r jadi 10k aja,2025-01-05 09:24:19+00:00,negatif
yg diperjualbelikan semua kena pajak kecuali oksigen alam 🤡 ALLAH MAHA BAIK,2025-01-05 09:05:14+00:00,positif
"pecah kaca
pecah gelas
lepas baca
harab balas
Assalamu'alaikum",2025-01-05 08:16:23+00:00,negatif
enak ya orang lain bisa tahun baruan . healing jalan jalan . sedangkan saya dirumah terus !!!!!!!!🔥🔥😈🔥🔥 MAAF GA ADIL 🔥🔥🔥,2025-01-05 08:07:32+00:00,negatif
pak turunin harga skincara pigeon donk 🙂,2025-01-05 07:54:03+00:00,netral
Minn emang bener yah kalau nanti uda bulan suci Ramadhan libur 2bulan,2025-01-05 07:42:38+00:00,negatif
min kapan makan gratis nya🙏🗿,2025-01-05 07:15:00+00:00,positif
"Min, di awal tahun pengen kayak orang"" sibuk packing orderan souvenir.
Up kan dong mindra @partaigerindra biar rame🥲",2025-01-05 06:29:50+00:00,negatif
pencarian ku prabwo pecat hakin yang di beri hukuman 6 5 thn,2025-01-05 04:48:58+00:00,negatif
Min identitas ku ada 2 trs ktp sama ijazah beda nama & tgl lahir udah usaha benerin sampe sidang tapi ditolak” aku yang disalahin padahal salah orang tuaa. Jadi ga bisa kerja & lanjut sekolah☹️,2025-01-05 04:16:41+00:00,negatif
min puasa libur 1 bulan ya?,2025-01-05 03:40:03+00:00,negatif
min kalo mau dia harus punya apa?,2025-01-05 03:30:43+00:00,negatif
pa turunin harga motor crf pa,2025-01-05 03:26:48+00:00,netral
"kayu = 5th
ayam = 7th
300T = 6,5th💀
menyala negri ku",2025-01-05 02:55:11+00:00,negatif
tutorial ganteng min,2025-01-05 02:00:38+00:00,positif
"@partaigerindra min turunin harga marlong, anak seimut dan selucu ini bertarung dengan harga marlong yg 40RB sekarang 😭😭😭😭",2025-01-05 01:54:59+00:00,negatif
"kayu = 5th
ayam = 7th
300T = 6,5th💀
menyala negri ku",2025-01-05 01:20:11+00:00,negatif
min tolong turunin harga Milo dong🗿👌,2025-01-04 22:36:56+00:00,negatif
"pak
tp biar bagaimanapun desas desus sudah menyebar,ojek online jg skrg naik LG tarifnya gara2 informasi yg sudah terlanjur ppn naik
tolong normalkan kembali",2025-01-04 22:23:41+00:00,negatif
4 januari 2025 . harga cabe di pasar Ciledug tangerang . tadi we beli 120rb/ kilo,2025-01-04 20:58:21+00:00,negatif
inpo cek khodam min🗿,2025-01-04 19:01:26+00:00,negatif
gerindra g nya apa? gercep!,2025-01-04 18:26:19+00:00,negatif
"Min aku tahun baru gak bisa keluar Krn gak punya pacar ,puny pacar sih punya tapi gak nyata cara bikin nyatanya gimana min",2025-01-04 17:33:24+00:00,negatif
"kayu= 5th
ayam = 7th
300T = 6,5th
menyala negri ku🔥🔥🔥🔥🔥",2025-01-04 17:23:48+00:00,negatif
min ini beneran libur sebulan puasa🙏,2025-01-04 17:18:14+00:00,positif
"Min, tolong coba itu ditengok pegawai BPJS pakenya asuransi, lah kita semua karyawan NKRI “WAJIB, KUDU, FARDU” pake BPJS. Udah gitu karyawannya sendiri bilang alasannya karena faktor kecepatan pelayanan. Mimin pake asuransi apa bpjs nih ??😩🙏🏻",2025-01-04 16:50:42+00:00,negatif
bulan puasa apakah libur min? tolong di jawab,2025-01-04 16:04:37+00:00,negatif
min bner ga puasa libur satu bulan?,2025-01-04 15:58:09+00:00,negatif
min dah 2025 turunin harga tiket dipapua please🥹💔,2025-01-04 15:15:21+00:00,negatif
"kayu = 5th
ayam = 7th
300T = 6,5th
menyala negri ku🔥🔥🔥",2025-01-04 10:27:33+00:00,negatif
min klo kasus penipuan pidananya ap? 😔,2025-01-04 09:49:29+00:00,negatif
min jadi libur bulan puasa nanti?,2025-01-04 08:10:25+00:00,negatif
"min, pecat hakim yang meng vonis 6,5 tahun, buat korupsi 300t, itu ga masuk di akal loh?",2025-01-04 07:38:29+00:00,negatif
min lebih mending mie ayam apa bakso,2025-01-04 06:43:01+00:00,negatif
"min, tolong ubahin dari siang ke malam mi,panas soalnya",2025-01-04 05:10:51+00:00,negatif
"min sampaikan ke bapak honorer daerah yg udah mengabdi puluhan tahun demi menjalankan kebijakan pusat sampai skng blm jelas nasip nya,gaji di bawah umr, masa muda dah habis,bpjs kesehatan tak ad😮‍💨",2025-01-04 04:49:31+00:00,negatif
alat pancing tak termasuk kan min 😂🔥🔥,2025-01-04 03:53:13+00:00,netral
"min, tolong dicek lgi pembuatan paspor, kenapa klo kita mau buat paspor kok antrianya panjang kadang sampai 3bln, tpi giliran pakai calo 3 hari sudah jadi, salahnya ini dimana ya😇",2025-01-04 03:33:04+00:00,negatif
bubarkn pinjol tutup semua legal ilegai ancamanny mau bunuh sekeluarga dan sdh sebarkn data tlng pak presiden yg korupsi triliunan hukumanya ringan km rakyat kecil mau di bunuh,2025-01-04 03:28:53+00:00,negatif
"min itu kenapa PLN listrik yg 2200VH, pnya saya gak dpet discon 50%? setiap ngisi selalu kena harga normal",2025-01-04 03:15:26+00:00,negatif
"sekolah diliburkan ga pas puasa?? soalnya kalo abis sahur nanggung mau tidur soalnya sekolah, tapi ngantuk bgt :(",2025-01-04 02:05:50+00:00,negatif
"min bulan puasa libur ? kalo libur Alhamdulillah soalnya pulang sekolah suka cape min , jadi kalo libur bisa istirahat sama ngelakuin kewajiban juga",2025-01-04 01:54:42+00:00,negatif
min fungsi polisi sekarang tuh apa? cape liat VT kasus polisi ga bener truss🗿,2025-01-04 01:50:47+00:00,netral
bener sih kmrn gua makan makanan di resto pajak ttp 10 prsn kok,2025-01-04 01:47:14+00:00,netral
min puasa libur ga?,2025-01-04 01:42:48+00:00,negatif
"min,tlg.lah bantu naikkan kasus pengadaan obat untuk masyarakat yg 2 bulan lagi mau kadarluarsa di pekanbaru riau min😞🙏",2025-01-04 00:46:32+00:00,negatif
min mau mie goreng ga?,2025-01-04 00:36:00+00:00,negatif
admin tlong gmna ini kok pph21 tmbah mnyala,2025-01-04 00:28:19+00:00,negatif
"pak Prabowo bsa k game2 judol dihps diindonesia,,SDH bnyk istri2 korban gra2 judol🙏😁",2025-01-03 22:15:24+00:00,negatif
min emg selama puasa sekolah libur?,2025-01-03 19:31:12+00:00,negatif
arti mimpi di kejar hantu cina yang lompat-lompat itu apa ya min,2025-01-03 18:32:10+00:00,negatif
mindra 🥺 gmana ya nasib honorer yg ikut pppk hasilnya cuma r3 tanpa L padahal dpt nilai yg lumayan 🥺🥺,2025-01-03 17:22:58+00:00,negatif
"kan UU PPN tidak mengatur PPN harus 12% tapi mengatur batas minimum dan maksimum PPN dari 5% sampai 15%,jadi Prabowo bisa menurunkan PPN sampai 5%,yang jadi pertanyaan kenapa harus dinaikkan?",2025-01-03 16:13:50+00:00,negatif
min cara gk mikirin masa lalu gi mna?? 🤭,2025-01-03 16:00:31+00:00,netral
baca caption guys.,2025-01-03 15:32:49+00:00,positif
min turunin harga ninja ss dong min 😭😭,2025-01-03 15:15:02+00:00,negatif
"selamat jadi presiden,eh itu makanannya gk di ke swasta in?",2025-01-03 14:37:53+00:00,negatif
kira2 tabung dari hrga 55 bakal dinaikkan brpayah sama pedagang 😭,2025-01-03 14:36:53+00:00,negatif
tolong pak hapus os d bumn,2025-01-03 06:24:56+00:00,negatif
min emang bener libur selama sebulan di bulan puasa plis jawab minn😔😔,2025-01-03 06:18:50+00:00,negatif
"Klo ada barang sembako yang naik, mungkin karena ada pedagang nakal kah min ?",2025-01-03 06:12:05+00:00,negatif
"min boleh cerita ngak ,agak panjang sih ,,
jadi gini min,
aku bingung min ,banyak banget bantuan yg lewat dari tahun ke tahun tapi aku ngk pernah dapat ,,, pernah ngadu di RT setempat ngak ada tindakan ,lapor ke RW katanya untuk bantuan tahun 2024 Desember sudah tutup .,pdahal tetanggaku rumahnya gedong semua tp sering dpat bantuan pas ditanyain jawabnya Sudah lama dapat bansosnya .berarti yg dipilih bansos RT RW keluarga nya dlu baru orang lain ,apakabar dengan almarhum ibu mertuaku yg janda dan menghidupi 3anak²nya dari masih hidup sampai meninggal gak pernah dpat bantuan apapun,pas minta akte kematian jawaban dari petugas balai desa ""lho ibunya tinggal disini"" astaghfirullah,,ngelos dada aku pak pak .. gila benerrr desaku,",2025-01-03 06:07:39+00:00,negatif
jadi gimana min Ramadhan besok beneran libur 1 bulan ga?,2025-01-03 05:41:42+00:00,negatif
"mindra biarkan pak prabowo aktif kan darurat militer. saya setuju biar lebih tertata negara inilah. karena kalau militer yg pegang negri ini pasti gak ada yg berani berbuat semena""😁😁",2025-01-03 05:36:24+00:00,negatif
"piring kotor aku numpuk, admin gerindra ngpain aja si!!!😡😡",2025-01-03 05:36:15+00:00,negatif
"kayu = 5th
ayam = 7th
300T = 6,5th💀
menyala negri ku",2025-01-03 04:52:19+00:00,negatif
Pnsran dibalik akun nya ini siapa,2025-01-03 04:51:17+00:00,negatif
"indonesia emas❎
Indonesia cemas✅",2025-01-03 04:48:14+00:00,positif
ppn naik kenapa minyak kita juga naik min? takut nya di salah gunakan min. tolong di tindak lanjuti,2025-01-03 04:47:07+00:00,negatif
baca ni anak abah,2025-01-03 04:32:30+00:00,negatif
"Tolong atensinya tambang galian c milik radik jaya dan dewi ratih ditindak menyebabkan polusi debu, jalan jadi licin menyebabkan kecelakaan, dump truck tidak ada penutup, tidak adanya pembersihan jalan, truck melebihi kecepatan yang cukup membahayakan masyarakat. tidak ada tanggung jawab oleh pt terkait dan meresahkan masyarakat
Gubernur jateng, bupati kendal, camat, kepala desa tidak ada fungsi sama sekali !!
Lokasi : kaliwungu selatan, kab. Kendal, jawa tengah",2025-01-03 04:18:25+00:00,negatif
"min ayam yg buang kotoran d teras tetangga masih berlaku egk min undang2nya, egk punya ayam tapi banyak tai kotok d teras 😩",2025-01-03 04:13:01+00:00,negatif
"pak presiden Prabowo,saya janda anak 3 mohon di hapuskan pajak 12% untuk para janda 🙏",2025-01-03 04:09:01+00:00,negatif
Pak itu kalo bulan Ramdhan asli libur 1 bulan muga aja asli,2025-01-03 03:24:22+00:00,negatif
"sehat panjang umur dan semoga pak prabowo tepat sasaran d setiap kebijakannya, aamiin",2025-01-03 03:22:28+00:00,positif
"Min Mavuika Gacor gak
mau gacha",2025-01-03 03:20:54+00:00,negatif
"token diskon 50% pembelian maximal udah cocok, tapi gosah berbatas waktu lah min, kami kaum mendang mending gak ada duit untuk stok beli maximal",2025-01-03 03:15:10+00:00,netral
"pisik bisa dirubah, materi bisa dicari, hukum di Indonesia bisa di beli",2025-01-03 03:08:38+00:00,negatif
kapan dapat makanan gratis nya,2025-01-03 03:02:41+00:00,positif
minnn kalau aku nge like video ini bisa bikin dia suka balik ga ke aku 😔🗿,2025-01-03 03:00:34+00:00,negatif
Iklan di tiktokshop naik jadi 12% 😭🙏🏻,2025-01-03 02:52:05+00:00,negatif
"min seblak yuk, laper nih, mimin ikut ngga ?",2025-01-03 02:34:45+00:00,negatif
"ah kurang jelas min caption nya,selanjut nya panjangin biar enak di baca🙏",2025-01-03 02:22:21+00:00,negatif
Alhamdulillah,2025-01-03 02:07:55+00:00,positif
"@kmljiyrwe ini yg asli, sblmnya agk keliru kyknya",2025-01-03 02:01:40+00:00,negatif
@bimo:2025 ganti rakyat🗿🗿🗿 presiden udah bener tinggal rakyatnya aja yg blm,2025-01-03 02:01:39+00:00,negatif
pengen deh punya duit 1jt ada solusi ga mindraaa?,2025-01-03 02:00:59+00:00,negatif
"Min aku top up di mobile legends kok kena PPN, emang top up diamond termasuk barang mewah?",2025-01-03 01:52:42+00:00,negatif
Min kapan UMR naik,2025-01-02 23:10:35+00:00,negatif
bahas bpjs lah min buat berobat kok dipersulit masak sekarang cmn boleh berobat dipuskes gk smua puskes lengkap alat nya,2025-01-02 22:35:06+00:00,netral
aq padamu pak,2025-01-02 22:20:35+00:00,positif
"mindra, gimana kalo perusahaan tidak memperpanjang kontrak kerja, tpi tidak mau membayar uang kompensasi, semoga di jawab,amin",2025-01-02 22:05:36+00:00,negatif
"Maaf Pak presiden yth, tolong angkat otomatis honorer yg sdh bekerja d atas 15 taun tanpa tes, dg pertimbangan pengabdian & Usia..... trm ksh honorer rakyat mu juga🙏🙏",2025-01-02 21:18:32+00:00,negatif
mie ayam kena ga yaa minn 😭😭,2025-01-02 19:12:37+00:00,positif
kasian yang udah gembar gembor Maslah ini gak tau nya ini hanya berlaku buat orang² kaya raya 😁🤣😅😂,2025-01-02 18:58:56+00:00,negatif
Gerindra a nya apa?,2025-01-02 18:51:47+00:00,negatif
minn aku kangen jogjaa😭😭,2025-01-02 18:43:11+00:00,positif
min nunggu indonesia lawan bahrain lama amat ya,2025-01-02 18:29:43+00:00,netral
"bahkan mereka yang ngehina Bapak tetap dapat listrik gratis dari Bapak Prabowo, sehat selalu ya Bapak🫶🏻🥹",2025-01-02 17:48:20+00:00,positif
"2025 stop menggalau, mending healing yu min😭",2025-01-02 17:45:56+00:00,positif
min emang bener puasa 2025 libur 1 bulan min?? 🙏🙏,2025-01-02 17:37:04+00:00,negatif
"min router di rumah saya mati trus ngereboot Mulu, gimana caranya min?",2025-01-02 17:35:57+00:00,negatif
"woy netizen budiman, naiknya itu 1% dan itu pun bukan utk kita rakyat jelata",2025-01-02 17:26:49+00:00,negatif
"ayo rakyat Konoha bekerja keras untuk kepentingan pemangku kekuasaan di negeri ini,negara merdeka TPI rakyat masih dijajah dgn kenaikan demi kenaikan setiap tahun",2025-01-02 17:08:16+00:00,positif
"pak terimakasih diskon listriknya , kami sangat bersyukur untuk keluarga yg dibilang yg pendapatannya sehari"" dibilang pas pasan🙏🏻🙏🏻",2025-01-02 16:47:50+00:00,positif
yooo jangan lupa masyarakat baca caption admin yang panjang dan rinci itu. biar ga miss informasi lagi😊,2025-01-02 16:41:04+00:00,negatif
gabut banget min balesin komen komen netizen😭😭😭,2025-01-02 16:39:14+00:00,negatif
"Tdinya wifi kena PPN juga 12%, eh dapet notif lagi gak jdi naik PPNnya👍👍",2025-01-02 16:29:05+00:00,negatif
Harga dipasar pada naik gila semuaa 😭,2025-01-02 16:22:40+00:00,negatif
"yang saya pengen lowongan kerja di PT² seperti tambang persyaratannya di permudah, utamakan skill ketimbang ijazah,biar bisa merata🙏🙏🙏",2025-01-02 16:15:28+00:00,positif
min tahun baru semua skolah libur selama 12 bulan bisa gak min🗿,2025-01-02 16:04:11+00:00,negatif
"tetap aja kena masyarakat kecil min karna PPN sejatinya kena di produksi, distribusi, dan promosi jdi ttp pengaruh di harga barang min apalagi di wilayah timur pasti lebih gila lagi naiknya",2025-01-02 15:56:09+00:00,netral
Nngkrng Dpn Indomaret Sambil Minum Golda Kena Pajak Ga min?,2025-01-02 15:49:17+00:00,negatif
beneran gk nieh min?,2025-01-02 15:42:23+00:00,negatif
cara cepet kaya gimana min?,2025-01-02 15:29:57+00:00,negatif
"sehat"" presidenku 💕 gak pernah sesayang ini sama presiden 😂💕",2025-01-02 15:25:03+00:00,negatif
"lucu deh min, teman teman ku yg dr awal percaya klo semua kena ppn 12%aq jelasin hanya untuk yg mewah dan bergengsi yg kena. tp ga percaya. pas admin gerindra posting alhamdulillah percya.😅",2025-01-02 15:21:27+00:00,negatif
min turun kan harga lightsped rebon,2025-01-02 15:16:56+00:00,negatif
min atau ga redenominasi uang Indonesia aja kan ppn juga naik 12% jadi biar seimbang aja plus kan uang Indonesia bakal jadi lebih menarik lagi dimata-,2025-01-02 12:03:53+00:00,negatif
sekian terima kasih pak🙏🏽,2025-01-02 12:02:20+00:00,netral
Terima kasih pak prabowo diskon listriknya sangat membantu masyarakat dengan era yang serba digital ini🔥🔥🙏,2025-01-02 12:01:22+00:00,positif
"yg bilang sembako naik krn ppn 12%, brarti lo kga paham trennya woy sembako tiap hari raya jg naek kelez 😅 liat aja tar puasa naik lg dah",2025-01-02 11:59:24+00:00,negatif
Info loker BUMN min@gerindra,2025-01-02 11:35:13+00:00,positif
"akun ff aku di suspend, mimin gerindra ngapain aja sih😠",2025-01-02 11:17:16+00:00,negatif
sembako turunin.. minyak telor dll pa.. mohon. ksian rakyat mu. ini sgala naik. pusing blanja warung . aap2 naik,2025-01-02 11:12:02+00:00,negatif
min. misal dapat dana pip sekolah SD negeri. apakah ada potongan untuk biaya untuk pengurus pip. soalnya di SD anak saya itu di pungut biaya adminisitrasi prngurusnya 112.000/siswa,2025-01-02 11:00:58+00:00,netral
min murahin harga hp min aku pengen ganti hp yg baru gk punya uang,2025-01-02 10:48:20+00:00,negatif
"Min ajak bapa prabowo ke Kalimantan Selatan, menghadiri haul Guru sekumpul di martapura malam senin tanggal 5 januari 2025 ini😊",2025-01-02 10:05:45+00:00,negatif
"fisik bisa di rubah,
materi bisa di cari,
hukum indonesia,bisa di beli 🗿",2025-01-02 10:03:34+00:00,netral
"mindra turunkan kejakgung nya min, ganti kejakgung nya sama mindra",2025-01-02 10:02:27+00:00,negatif
nahh gini baru jelas ada penjelasannya kemarin masyarakat pada bertanya-tanya dan hanya mengumpulkan berita hoax😗,2025-01-02 09:40:01+00:00,negatif
MasyaAllah sehat selalu presidenku💙,2025-01-02 09:33:43+00:00,positif
"min upah buru pabrik dari dulu sampai sekarang gak naik"" tolong🙏🙏minn😭😭",2025-01-02 09:22:54+00:00,negatif
hp midrange 5-7 jutaan berarti gak kena ya?,2025-01-02 09:02:47+00:00,negatif
reel pancing shimano kena pajak gak min ?,2025-01-02 09:02:24+00:00,netral
min Kawa Kawa pajaknya naik apa ga😁,2025-01-02 08:31:12+00:00,negatif
"beli es krim aja kenak PPN, belum lagi bensin",2025-01-02 08:25:40+00:00,negatif
min libur bulan puasa jadi ngga ya?,2025-01-02 08:12:37+00:00,negatif
WOY BIO CHEF ARNOLD UDAH NGGAK ADA😭😭,2025-01-02 08:09:57+00:00,netral
"fisik bisa di rubah, materi bisa di cari, hukum di Indonesia bisa dibeli.",2025-01-02 08:09:30+00:00,negatif
min gerindra kapan ini ada lowongan kerja dari pak prabowo itu pengen cpt cpt kerja😭,2025-01-02 08:07:03+00:00,negatif
percaya bgt pak prabowo gakmungkin menyengsarakan rakyat,2025-01-02 08:06:02+00:00,positif
min kapan pak prabowo ke sumatra barat😁,2025-01-02 07:55:19+00:00,negatif
rakyatnya komen pada ngawur min 😂,2025-01-02 07:51:34+00:00,positif
"ini baru namanya runcing ke atas tumpul kebawah..
alhamdulillah gak pernah nyesal dari dlu selalu pilih bapak prabowo.",2025-01-02 07:43:45+00:00,negatif
"minyak goreng, beras???",2025-01-02 07:37:23+00:00,negatif
"cek d lapangan min.token listrik udah naik nih!!
listrik barang mewah ya.?",2025-01-02 07:34:05+00:00,negatif
min kata nenek ku untuk BLT d perpanjang gk seh??,2025-01-02 07:32:42+00:00,netral
"kalian udh liat vt mahasiswa lagi dibagiin duit sblm demo mnolak ppn 12% patung kuda gk wkwkwkwkk real titel ""MAHASEWA"" 🤣 liat di akun NO DEBAT 😩🤣",2025-01-02 06:00:26+00:00,negatif
admin sekarang menguasai segala macam di negri konoha😭,2025-01-02 05:59:41+00:00,positif
"pedagang mesti tau nih biar ga dinaikin harga2 produk kebutuhan pokok, karna didaerah gue beberapa produk kebutuhan udh susah dicari karna diborong org2 pas akhir taun kmrin gara2 takut harganya naik 🙃",2025-01-02 05:43:41+00:00,negatif
Top Up kena pajak ya min? 😹,2025-01-02 05:37:35+00:00,positif
Min puasa nanti libur sekolah gak min??,2025-01-02 05:34:53+00:00,negatif
kenapa visi misi pas pemilu gx ada ppn naik 😂😂😂🤣🤣🤣😂😂😂,2025-01-02 05:23:52+00:00,negatif
ruu perampasan aset gimana min,2025-01-02 05:20:26+00:00,positif
gua yg like pertama. tandain kalau biru,2025-01-02 05:11:20+00:00,negatif
"Tolong pak bantuan pkh, beras dll nya mending dihapus aja pak, kasian yang gak dapet, yg dapet orang nya itu"" aja yang dapet keluarga dan besti"" nya orang desa aja. kasian yang lebih membutuhkan",2025-01-02 05:09:23+00:00,negatif
trimakasih banyak pak Prabowo..sehat selalu dan panjang umur pak..indah sekali kebijakan2 yang mengutamakan kesejahteraan rakyat 🥰. trimakasih para pemimpin yang amanah dan berhati nurani ☺️,2025-01-02 05:06:30+00:00,positif
"Kalian itu kalo gak paham mending diem , bukan nya terima kasih malah nyalahin mulu kerjaaan nya .. kalean aja yang jadi presiden kalo cuma mau nyalahin mulu",2025-01-02 04:59:30+00:00,negatif
real gajadi naik. gw kerja di indofood dicancel harga naik,2025-01-02 04:48:47+00:00,negatif
kenapa wifi ku malah ngasih pengumuman naik 12% ya😌,2025-01-02 04:38:28+00:00,negatif
"info cuy, alight motion premium yg mingguan kena 12%😹",2025-01-02 04:37:08+00:00,positif
mimin ko saya pasang ikalan sh*pee kena 12%,2025-01-02 04:35:09+00:00,negatif
"mindra, paket internet bulanan indosat, kenapa sekarang cuma per 28hari? kemarin per 30hari! apa kena dampak kenaikan pajak ini ya, min? minta tolong ditindaklanjuti, min. mayan selisih 2hari. 🙏🙏🙏",2025-01-02 04:33:39+00:00,negatif
"kapentingan rakyat ???
persetan dengan hal itu semua",2025-01-02 04:21:35+00:00,negatif
min aku kangen dia,2025-01-02 04:14:07+00:00,positif
"mungkin yg masih komen ngeluh ppn 12% itu kemungkinan ada 2 min, orang yg males baca atau memang mereka orang kaya yg punya barang” mewah, soalnya udah dijelasin dicaption jelasss bangettt kan",2025-01-02 04:07:23+00:00,negatif
oh berarti senjata di ep ep naik juga ya min,2025-01-02 04:02:45+00:00,negatif
"naikin pajak pastinya buat makan siang gratis, IKN dan gaji pejabat yang sangat besar itu😂",2025-01-02 03:58:36+00:00,negatif
"ekonomi lemah karena kredit nya mahal pakk..!!!
di thailand bunga paling besar 3% ada 1 % 2,25% skrg.
cari mentri jngn yg gblk,,karna menko adalah kuping dan mata nya presiden",2025-01-02 03:41:24+00:00,negatif
"nggak peduli kebijakan apapun, kecuali ubah persyaratan kerja di Konoha ini yang ribet, gaji GK seberapa, batas usia 25, yang umur di atas 25 ini disuruh mati, padahal lebih bnyak pengalaman.",2025-01-02 03:38:05+00:00,negatif
tahun apa ini min?,2025-01-02 03:36:09+00:00,positif
KNP DILAPANGAN GA SESUAI SEMUANYA JD NAIK TOLONG EVALUASINYA😕,2025-01-02 03:29:51+00:00,positif
izin post di sw min biar pda tau😔🤛,2025-01-02 03:27:44+00:00,negatif
mindra katanya listrik dpt diskon 50% tp kenapa malah bulan ini naik 😭😭😭😭,2025-01-02 03:26:25+00:00,negatif
"Satu langkah lagi tinggal harga BBM yg di turunkan sehingga jasa angkut pangan atau kebutuhan pokok,dapat stabil dan tidak melonjak mahal",2025-01-02 03:18:34+00:00,positif
"Kalau kata gua sih ada oknum yang memanas manasi jadi masyarkat ikut terpengaruh😌😌😌presiden nya udah bener eh malah kepancing sama oknum cari deh min,kmrn gw bela komnt ttg ppn gw di mki2",2025-01-02 03:14:27+00:00,negatif
"miin cek Dm yah. ditunggu min, secepatnya.",2025-01-02 03:14:10+00:00,negatif
Ngetiknnya panjang bgt min.,2025-01-02 00:18:21+00:00,netral
ganti rakyat aja Indonesia ni🗿,2025-01-02 00:14:48+00:00,positif
"cari kerja susah,gaji UMR yang bersaing dengan kenaikan biaya hidup yang apa2 serba mahal. dimana2 masyarakat ekonomi pada sulit,usaha2 banyak gulung tikar. semoga permasalahan ekonomi ini dapat segera membaik",2025-01-02 00:10:29+00:00,netral
pak presiden tolong barang semakin mahal seperti wortel tomat Mengkreng dan buncis semakin mahal pak satu waring pun tujuh ratus lima puluh,2025-01-01 23:59:13+00:00,negatif
Orkay2 pasti ga masalah sih ppn 12% karna mereka emg mampu. 😳,2025-01-01 23:59:11+00:00,netral
min enak jadi konten kreator tiktok atau youtube 🥺,2025-01-01 23:58:29+00:00,negatif
"tuh kan pak prabowo sebaik itu coyy, rakyat nya aja yang bermasalah😔",2025-01-01 23:53:49+00:00,negatif
min yg token 50% beli nya dimana,2025-01-01 23:29:33+00:00,negatif
aku ngerti. mksih pak presiden ku... mengerti rakyat,2025-01-01 23:17:17+00:00,positif
dengarkan itu kaum Abah dan kaum banteng yg suka bikin ga*uh di medsos. tetap semangat pak Prabowo Subianto 🥰,2025-01-01 22:43:36+00:00,positif
"pentingnya baca caption ya guyss biar ga salah paham jgan buru"" comment......😌
ngerti ORA...🗿🗿🗿",2025-01-01 22:23:25+00:00,negatif
kebijakan BPJS juga harus di singkronkan min dengan tenaga nakes yang melayani BPJS biar gak da miskom gitu kalian nakesnya jadi Doble job,2025-01-01 22:03:56+00:00,negatif
sabar ya min sudah berdebat dengan bocil fomo,2025-01-01 21:48:41+00:00,negatif
kapan makan gratis ya PK say ini dari lombok makn gratis ya kapan PK lama,2025-01-01 21:44:04+00:00,negatif
"Pagi MINDRA, Boleh kasi tau info loker buat operator exafator 🙏🙏, Presiden kita punya banyak tambang 🥺",2025-01-01 21:12:26+00:00,netral
Harga kelapa tua di tempatku sekarang 8 ribu. Padahal sebelumnya cuman 5 ribu. Kalau bulan Ramadan pasti naik lagi.,2025-01-01 20:41:34+00:00,negatif
BACA CAPTION YA PARA WARGA RI!!,2025-01-01 20:29:56+00:00,positif
"tapi min tetep we mun rame gini mah bahan pokok teh sok naraek ning, walaupun buat barang mhewwah doang, jangan sampe jadi kesempatan buat oknum-oknum jadi naekin minyak kita sama telor, beras dkk nya.. apalagi gaji suami teu ikutan naek apalaki buruh harian yg upahnya minim,, makin kacekek min 😭",2025-01-01 20:10:36+00:00,negatif
"min tolong bantu emak saya, janda puluhan tahun tp ga pernah dapat bantuan apapun Krn ternyata ada yg mendaftarkan sebagai ketua departemen pertanian🙏🏼",2025-01-01 19:41:14+00:00,negatif
kami sebagai petani rumput Laut memohon untuk menaikan harga rumput laut pak sudah 2 tahun kami menderita dengan harga🙏🙏@partaigerindra,2025-01-01 19:30:30+00:00,negatif
top up game naik juga kan? :(,2025-01-01 19:19:09+00:00,positif
harus kasih tau ibu gua yang garis keras pak anis 😅,2025-01-01 19:10:32+00:00,negatif
"baru juga habis masa training 3bln tpi sudah banyak yg nuntut,, heran dahh,, milih enggk nuntut iya🤣 sehat² pakk press💪🇲🇨",2025-01-01 18:53:04+00:00,negatif
min berarti alat rumah tangga kaya panci dll yang ada pajak nya engga naik jadi 12% kaan?,2025-01-01 18:51:57+00:00,negatif
presiden aing tea🥰,2025-01-01 18:37:40+00:00,positif
"min, ga terasa ya 12 Bulan lagi 2026.",2025-01-01 18:32:02+00:00,negatif
"yang sabar dan panjang umur admin 👌
gw yakin gajih u gede yg sejahtera jg syukuri 😂",2025-01-01 18:21:45+00:00,negatif
"iya min.
tpi setauku ppn naik ga cuma ke barang mewah,maaf min slh satu ny trmsk modal jualan itu naik min",2025-01-01 18:06:09+00:00,negatif
beneran dpt diskon listrik 50%🥰 makasihya pak mempermudah rakyat kecil🥰,2025-01-01 18:04:27+00:00,positif
"kenapa kelopak mataku sakit yah min?.aku tanya miminnya aja, soalnya kalau tanya sama mamakku pasti jawabannya,kalau gak kurang tidur ya kebanyakan main hp",2025-01-01 17:47:31+00:00,negatif
smngat admin gerindra,2025-01-01 14:42:32+00:00,netral
"percuma dijelasin, tetap salah dimata pembenci 😂",2025-01-01 14:40:55+00:00,netral
"admin gerindra ngapain aja sih? piring kotor numpuk, jemuran ga di angkatin🗿🗿.",2025-01-01 14:34:56+00:00,negatif
"tolong uu perampasan asetnya di genjot, percuma pajak ini itu kalo di makan koruptor 😭🙏",2025-01-01 14:30:24+00:00,negatif
"balik nama motor, bayar berapa min ?",2025-01-01 14:29:31+00:00,negatif
"mie goreng sedap udah naik 5k 1 biji min?
waduh kok gtu min:)",2025-01-01 14:15:26+00:00,negatif
"300T gmn woy, bagi2 in ke rakyat 🗿🗿",2025-01-01 14:14:26+00:00,positif
menyala wiii🔥🔥,2025-01-01 14:08:09+00:00,positif
@Real ID:min tolong ajuin permintaan libur sekolah selama puasa🙏🙏🙏☹️☹️☹️🤍🤍 (bantu sampe di notice dong),2025-01-01 14:00:42+00:00,netral
penasaran yg jadi Admin Gerindra. sepil ftonya min,2025-01-01 13:53:37+00:00,negatif
min nobar squid game,2025-01-01 13:50:32+00:00,negatif
"intinya setiap program pak Prabowo Subianto,saya mendukung dan mendoakan supaya berjalan dengan baik,karena pak Prabowo adalah manusia yang tulus dan pemaaf,hati pak Prabowo untuk rakyat ,jadi kita dukung setiap program pak Prabowo supaya Indonesia menuju Indonesia emas🔥🔥🔥💪💪",2025-01-01 13:45:19+00:00,positif
min tlong untk usg biar bs trcover bpjs udh mah sya ptong gji tiap bln stor bpjs gliran mo di pke buat usg ktnya gk trcover. gliran prksa di pkesmas alat usg nya rusak mnta rjukan gk bsa. usg mhal 😭,2025-01-01 13:42:50+00:00,negatif
anak abah : emmm bikin onar apalagi ya🗿🗿,2025-01-01 13:33:22+00:00,negatif
gw stel pidio ini dengan suara paling keras biar mak gw ga ngedumel soal ppn mulu,2025-01-01 13:30:31+00:00,negatif
"cob kak sini mampir ke mah abang kabupaten tulang bawang, tolong dong priksa lurahnya, masa ngga ada perubahan sama sekali",2025-01-01 13:12:06+00:00,negatif
min ko saya ga diskon listrik pascabayar nya malah naik nominalnya🥺 padahal berharap walaupun 50% sangat membantu min🥺🥺@partaigerindra,2025-01-01 12:53:33+00:00,netral
kok pajak diamond ML ikutan naik min 😭,2025-01-01 12:46:23+00:00,negatif
pak makan gratis nya kpn🥰,2025-01-01 12:44:44+00:00,positif
"min,inpo pengin jualan rame😳",2025-01-01 12:36:05+00:00,positif
mantap mindea detail banget,2025-01-01 12:26:15+00:00,negatif
mantab pak wo.. 🥰,2025-01-01 12:26:06+00:00,netral
ternyata begini rasanya punya presiden yg peduli dg rakyatnya 🙌🏻,2025-01-01 12:23:46+00:00,negatif
pajak kndraan yg 66prsen jadi gak pak,2025-01-01 12:22:24+00:00,negatif
Ayo tolong bilangin manufaktur sampe grosir biar barang stok ga naik.,2025-01-01 12:17:22+00:00,negatif
Min bagusan motor nmax atau pcx,2025-01-01 12:16:50+00:00,negatif
"PAAA .. SEHAT"" YA PAK 🥰 APAPUN KEPUTUSAN BP AKU G PRNAH KOMPLEN. .doa ku untuk bp tiap solat bp sehat"" ya 😭😭smga suatu saat bs ktmu bp🥰😭",2025-01-01 12:13:20+00:00,negatif
Tinggal nunggu banding aja nichhh min☕👍🏻,2025-01-01 12:11:57+00:00,negatif
baru tau pendukung abah masi aj iri hati di 2025 😹😹😹,2025-01-01 12:07:15+00:00,positif
presidenku keren 😍,2025-01-01 12:03:24+00:00,positif
Anying top up di ml naik anjirr😹😹,2025-01-01 10:01:37+00:00,negatif
ganti presiden ajalah lagi ngelawak ni orang,2025-01-01 09:48:49+00:00,negatif
"pak suami saya guru honorer kemenag madrasah ,mohon supaya bisa daftar pppk di Thun ini🙏",2025-01-01 09:46:48+00:00,positif
Min gimana sama perusahaan yg melakukan phk tapi tidak memberikan uang pesangon sesuai dengan masa lama pekerja bekerja di perusahan tersebut??,2025-01-01 09:42:26+00:00,negatif
"Min, Susu bubuk bayi dan Pampers kena PPN 12%.. 🙏",2025-01-01 09:27:43+00:00,negatif
"Yng aneh2 jgn di leden mimin,
Udah pasti itu anak abah yng ngarepin nasi garatis juga🤣🤣",2025-01-01 09:23:02+00:00,negatif
tolong yg demo simak dulu penjelasan pak Prabowo..main demo2 aja kalian..kalian kan mahasiswa udah kuliah .. seharusnya paham lah kan..😁😁,2025-01-01 09:21:58+00:00,negatif
"tadi saya bilang liat ini krna bapakku prabowo ini token kita Doble isinyaa,",2025-01-01 09:02:06+00:00,negatif
"Liat aja efek dominonya, syukur2 para pedagang gk ngambil kesempatan ini buat naikin barang2 jualannya",2025-01-01 08:56:01+00:00,negatif
yg jdi vtuber ga kena ppn kan bang? V:,2025-01-01 08:47:09+00:00,negatif
2025 semoga rakyat sejahtera dan makmur dan keadilan bagi rakyat pak prabowo cita cita rakyatmu pak 🥺🥺,2025-01-01 08:46:17+00:00,positif
emang juga yg byk koar2 demo ppn 12% org2 KAYA!,2025-01-01 08:39:39+00:00,positif
"geram bengett liat komentar, 2030 ganti rakyat aja dah",2025-01-01 08:38:16+00:00,negatif
"bner bg ini, kmren blom resmi aja tiba2 harga panci aing ansuran nya udh naik aja 12%🤣🤣
pda manfaatin bgt momen bginian",2025-01-01 08:37:48+00:00,negatif
"anak abah mana mau baca caption sepanjang ini min, mereka tau nya komen komen dan komen😭",2025-01-01 08:37:36+00:00,positif
"min boleh dong usulin untuk biaya kontrakan di jakarta di turunin,kita sebagai anak rantau kerja capek capek di jakarta 10℅ dari gaji uda habis buat bayar kontrakan..",2025-01-01 08:29:04+00:00,negatif
anak abah msh jga gkngerti🙏🙏🙏,2025-01-01 08:11:11+00:00,positif
tapi obat2an juga udah naik 12% pak😭,2025-01-01 08:07:50+00:00,negatif
admin pontek,2025-01-01 08:06:40+00:00,positif
min tp beras minyak kebutuhan pokok semua ikut naik😭😭😭,2025-01-01 08:06:26+00:00,positif
"aku share ke story wa ah, biar pendukung sebelah yg komplain nya luar biasa itu bisa liat.",2025-01-01 08:02:43+00:00,netral
kocak sama orang yang koar koar tapi -literasi,2025-01-01 07:56:08+00:00,netral
kali ini admin gerindra benar benar detil menyampaikan deskripsinya agar tidak ada lagi abah abah yang sinis terhadap pmerintah pak bowo bravo!!,2025-01-01 07:44:26+00:00,negatif
Tapi banyak yg udah nangkep “PPN naik jadi 12%” nya itu loh,2025-01-01 07:38:32+00:00,negatif
orang tulus hobinya apa min,2025-01-01 07:32:44+00:00,negatif
makan gratis nya mana wok😡,2025-01-01 07:32:37+00:00,positif
Ya in,2025-01-01 07:28:24+00:00,positif
"Pa udah dibatalin kenaikan pajak nya juga,tapi rakyat bapa gatau berterima kasih pa,masih pada ngeyel,bilang pemerintah bobrok dll,kenapa ya rakyat Indonesia gtu banget😭sedih ya Allah..",2025-01-01 07:27:55+00:00,negatif
Yokk warga indo lebih suka baca lagi biar ga salah sangka🗿,2025-01-01 07:26:09+00:00,negatif
lets gooooo,2025-01-01 06:13:43+00:00,positif
macam tak betull🗿,2025-01-01 06:09:42+00:00,netral
"GALAK
SAMA RAKYAT
JINAK SAMA
KORUPTOR",2025-01-01 06:09:29+00:00,negatif
"apakah bisa di percaya, kasus kemaren aja belum selesai🙂",2025-01-01 05:56:33+00:00,negatif
Mimin udah ngetik panjang lebar eh masyarakatnya males literasi 😭,2025-01-01 05:54:35+00:00,netral
Kakakku kerja di Perusahaan di tambang Amnt . Katanya gaji nya kurang krna kena PPN 12% Pdhal gajinya gak nyampe 4jt potongannyan sampe 600rb,2025-01-01 05:47:51+00:00,negatif
"min aku gedek sama saudara2ku,bikin sw bakar2 caption tulisanya welcome 2025 welcome ppn 12%,trus saya ss komen mimin trus saya tulis sw aman?dia malu gk ya min",2025-01-01 05:47:46+00:00,negatif
semua sekrng malah mahal ....yg miskin tambah miskin yang tambah kaya ...gmn ini pak,2025-01-01 05:46:37+00:00,negatif
"Setelah masalah ini, golongan ternak orang stress parkir air malah berubah haluan fitnah Jokowi korup😹😹😹",2025-01-01 05:40:50+00:00,negatif
"min,katanya ppn 12% hanya untuk barang mewah? kok mau bayar wifi kena ppn 12%🥺 @Agung Surahman @gerindra",2025-01-01 05:40:41+00:00,negatif
"Mana nihh anak2 Abah yg kerjanya ngeluh doang dri jauh hari kmrin, pada ngilang kah🗿",2025-01-01 05:39:13+00:00,negatif
"terimakasih pada mahasiswa yg rela turun kejalan,para K-POP dan buat netizen yg udah TTD petisi yg sampe ratusan ribu orang 🥺",2025-01-01 05:36:42+00:00,negatif
"min mau nanya,aku beli paket 2 hari lalu kok kena ppn 11% ya? padahal paket internet 😞😞",2025-01-01 05:35:22+00:00,negatif
"Apaan cuma barang mewah, Indihome gua udah naik 20rb",2025-01-01 05:32:27+00:00,negatif
Selamat Tahun Baru buat Bapak Presiden kami juga Buat seluruh Team Admin Gerindra. 2025 Menyala 🔥🙏🏻🥰,2025-01-01 05:30:01+00:00,positif
"@botanikitchencoffee woiii orang yang berwawasan tinggii, denger nii. hilangin dulu anti lu ke bapak, dengerin ini!!",2025-01-01 05:27:44+00:00,negatif
Bursa efek indonesia kena juga 12% 🗿,2025-01-01 05:25:59+00:00,positif
min sekarang cari kerja susah karena banyak aturan yang gak sesuai dengan logika yaitu syarat syarat masuk ya,2025-01-01 05:25:21+00:00,netral
@ameliasnh baca dan dengerin baik baik,2025-01-01 05:24:05+00:00,positif
Temen gua ada yg anak abah kan posting2 naik ppn 12% padahal dia gak tau njir yg di kenakan ppn yg mana aja😂,2025-01-01 05:22:02+00:00,negatif
"mau kasih masukan ajh, pengangguran di indonesia hampir 80%. kenapa ngga bkin lpangan kerja sperti cntohnya kita kan kaya emas berlian,carikan tempat tambang emas trus di olah oleh negara untk rakyat",2025-01-01 05:19:55+00:00,negatif
internet aja udaaa naik pajak nya lol,2025-01-01 05:19:22+00:00,negatif
obat juga kena kah min? soalnya saya sales distrbutor obat dari perusahaan sudah mengumumkan per 1 januari 2025 ppn 12%,2025-01-01 05:17:47+00:00,negatif
"GINI MIN, SAYA KEMAREN DIKIRIMIN KENAIKAN HARGA PRODUK AJINOMOTO YANG DIKARENAKAN KENAIKAN PPN INI, MEMANG PRODUK AJINOMOTO BARANG MEWAH? KALOK MAU BUKTI SAYA SIAP KASI BUKTI",2025-01-01 05:17:08+00:00,negatif
menyala presidenku 🔥🔥🔥,2025-01-01 05:12:24+00:00,positif
"ya smga Aja bener buat barang mewah...
jngan aja nanti seiring waktu berjalan tau naik smua..
soalnya PEJABAT KITA PINTER NGIBULIN RAKYA..
karna ini yg naik ppn dri 11% ke 12%",2025-01-01 05:09:50+00:00,negatif
Pak Prabowo banyakin loker dong 🥺🙏🏻,2025-01-01 05:07:08+00:00,positif
"min knp kur ku gk lunas"" yaa😌 capek banget ngangsurnya,padahal gk ikut makek uangnya 😩",2025-01-01 04:56:48+00:00,negatif
Apakah untuk pembelian unit mobil di bulan Desember akan di kenakan PPN dan opsen min.??,2025-01-01 04:54:01+00:00,negatif
"pak saya mau tanya nenek nyuri kayu buat kehidupan penjara 5 tahun & Denda 500 JT Kok korupsi negara 300 T Penjarah cuma 6,5 tahun & Denda 1M Sih Bisa dijelaskan pak 🗿",2025-01-01 04:52:36+00:00,negatif
min tolong berantas korupsi,2025-01-01 03:28:52+00:00,negatif
wifiku ikut naik pak wkwk. tapi pasti itu oknum yg memanfaatkan situasi 😂,2025-01-01 03:27:43+00:00,netral
"berarti ppn 12% hanya akan dikenakan pada barang dan jasa yang dikenakan ppnbm, dan untuk barang yg tidak kena ppnbm Artinya ppn nya tetap 11%, dan untuk barang pokok 0%, begitu kah? @gerindra",2025-01-01 03:25:41+00:00,negatif
@Ars noh lu liat sendiri aja bang. males gw ngejelasin k orang sakit hati. 🗿,2025-01-01 03:18:23+00:00,negatif
"please mindra...
kayanya harus ada edukasi secara mendalam terkait kenaikan ppn 12% ini.",2025-01-01 03:17:28+00:00,netral
t t tapii harga listrikk PLN knp ikut naik juga min? harga inc 12%😭 Listrik juga kebutuhan dasar dari Rakyat. Ya emang sih 2bulan Diskon 50% tp rakyat ga hidup dengan 2 bulan😭,2025-01-01 03:13:34+00:00,negatif
"min uda min, ah kesell bangun bangun liat gaji gajiku turunnnnnnnn gajiku turuunnnnnnnnn grgr pajaakkk KECEWAAA!!!",2025-01-01 03:13:24+00:00,negatif
Mau beli token PLN aplikasi PLN mobile nya eror trus dari pagi tadi min mana token udah menjerit cuman mau pastiin dpt diskon atau gak sih 😭,2025-01-01 03:11:21+00:00,negatif
Pakkk😭😭😭🥺🥰 sehat terus ya Pak...🥰🙏 panjang umur... saya percaya Bapak yg presiden terbaik dan akan selalu memberikan yang terbaik bagi rakyat🥰,2025-01-01 03:08:49+00:00,positif
emang hanya presiden Prabowo sih yg mementingkan rakyat ❤️,2025-01-01 03:08:07+00:00,negatif
coba post di twitter😏😏,2025-01-01 03:07:54+00:00,positif
WAHAII MANUSIA PINTAR TOLONG CERMATI DAN BACA CAPTIONN!!!,2025-01-01 03:04:05+00:00,positif
min galau nih,2025-01-01 03:02:51+00:00,negatif
"bapakkk sehat sehat ya pak, pasti capek bgt🥺",2025-01-01 02:58:31+00:00,negatif
I LOVE YOU SEKEBON PAKKKKK,2025-01-01 02:57:27+00:00,positif
tapi min ko tarif tagihan wifi saya ikut naik PPNnya saya dapat emailnya @megavisionid,2025-01-01 02:57:10+00:00,netral
"sabar min sabarrr, emang gitu kadang-kadang anak abah, goreng sana sini 😭😭",2025-01-01 02:56:52+00:00,negatif
"token listrik diskon 50℅, aku langsung isi 600 ribu.. bisa di pake 3 - 4 bulan itu🤣🤣 alhamdulillah.. awal tahun langsung berburu diskon token.. Terimakasih pak🙏",2025-01-01 02:54:31+00:00,negatif
"tiket pesawat bisa turun ngga min🥺? th 2021 masih solo -bth 800k, thun 2022 - sekarang dah 1.8 klo lebaran 2.3",2025-01-01 02:53:51+00:00,negatif
Ganti rakyat aja lah min 2025 ni😌,2025-01-01 02:53:12+00:00,positif
"Berarti secara garis besarnya
Barang/jasa kebutuhan pokok akan tetap 0%
Adapun yg 11% akan tetap berlaku dan tidak ada perubahan,
Sementara untuk yg kenaikan 12% hanya untuk barang/jasa mewah.
Gini bener kah?",2025-01-01 02:50:01+00:00,negatif
"walaupun udah di jelasin dari pemerintah, tetap selalu ada pedagang yang selalu pake kalimat *kan ppn naik, jadi harganya naik* jadi sebenernya,yang main harga pengepul ke pedagang,pedagang ke pembeli",2025-01-01 02:46:06+00:00,negatif
kalo beli hp iphone 15 gimana ? kena juga gak 😅😭,2025-01-01 02:44:28+00:00,negatif
"admin gerindra yang gemoyy, yang sabar yaa buat ngadepin orang yg selalu nge tag mimin ttg triliun triliun kalo sabar rejekinya lancarr",2025-01-01 02:43:54+00:00,negatif
"gula aja satu karungnya sudah 860 ribu, sebelumnya 820ribu brrti ada kenaikan 40 disini, kami sebagai warung kecil kena dampaknya maka dari itu barang jualan kami pun kami sesuaikan dengan modal pasar",2025-01-01 02:43:05+00:00,netral
😹,2025-01-01 02:41:35+00:00,positif
alhamdulillahhhhhhh. terimaa kasihhh pak prabowoo,2025-01-01 02:40:13+00:00,negatif
kalo dm ff kena pajak ga min?,2025-01-01 02:34:36+00:00,negatif
"Ppn naik hanya d barang tertentu, tapi terkadang akan jadi permainan pasar kasian org perdesaan perdesaan kadang sembako dll pada naik, harus adanya sidak dll",2025-01-01 02:33:12+00:00,negatif
Alhamdulillah dari awal gapernah menghujat 🤏 sangking percayanya sama pak prabowo,2025-01-01 02:31:50+00:00,positif
indomi masih 3000 kn,2025-01-01 02:06:10+00:00,negatif
GULA PAJAKIN PLISSS,2025-01-01 02:05:58+00:00,netral
"astaga gua telat satu tahun buat komen min, btw Happy New Year 😌",2025-01-01 02:04:44+00:00,positif
tapi min kenapa mie instan kopi dan santan naik harga ditempat saya,2025-01-01 02:03:02+00:00,netral
"sehat terus yaa pak,bapak harus kuat dan sabar menghadapi rakyat2 bapak ini🫶🫶🫶",2025-01-01 02:02:43+00:00,positif
@geraldvincentt bahas mas,2025-01-01 01:59:50+00:00,netral
amanlah ya min klo buat anak kost huhuyy🥰,2025-01-01 01:59:49+00:00,positif
sumpah pada ga liat sampe akhir gitu langsung komen dasar fomo,2025-01-01 01:57:54+00:00,positif
mantap min harus di tulis detail buat para netizen yang gagal paham😁,2025-01-01 01:57:21+00:00,negatif
iya bagus.. klo rakyat ngk koar2.. bkl tetep naik utk smua..,2025-01-01 01:56:13+00:00,negatif
Min… di 2025 Utk Satgas Stanting tiap provinsi dan daerah sudah tidak diperpanjang kontrak nya…. Pengabdian nya Selesai begitu saja.. #Penganguran meraka Min #Mohon BantuanSolusi🥺,2025-01-01 01:55:16+00:00,negatif
@HayAlea ngko nek nang psar rehone mundak alesan ppn kari njawab wonh rasido munggah ppn og hoo alesan ae🤣🤣,2025-01-01 01:53:48+00:00,negatif
"yg komen ppn naek sembako naek , beras mana yabg di angkut pake jet hah ?",2025-01-01 01:53:39+00:00,negatif
nah gitu dongg,2025-01-01 01:53:38+00:00,netral
Bapak sehat selalu yaa.. apapun yg terjadi bapak tau yg terbaik untuk rakyat.,2025-01-01 01:52:28+00:00,positif
Min g bisa di copas aja infonya mau tak buatkan story aja selama berbulan2 biar mrka PAHAM nanya melulu nnti ke aku😂,2025-01-01 01:49:07+00:00,negatif
"Yuk, +62 tingkatkan literasi kalian. 😘",2025-01-01 01:47:31+00:00,positif
Awoakwowkoak detail banget captionnya😭🙏🏻,2025-01-01 01:47:29+00:00,netral
"min, semalem bakar bakar dimana min? ora ada info ini 😁",2025-01-01 01:45:58+00:00,negatif
@virgo♍ @Bubble beeew,2025-01-01 01:45:09+00:00,positif
"adminnya dah ngetik panjang lebar eh masih ada aja yang ngetik ""barang lain kaya sembako pasti ikut naik""😭😭😭",2025-01-01 01:44:17+00:00,negatif
baca caption nya nohhhh😏😏,2025-01-01 01:44:09+00:00,positif
yang kemaren protes langsung ganti nama akun😭😂,2025-01-01 01:42:58+00:00,negatif
captionnya jelas bgtt🔥😍,2025-01-01 01:42:50+00:00,positif
Pliss baca caption ya teman teman🥰,2025-01-01 01:41:19+00:00,positif
"Berarti yg kemaren2 demo itu orang2 kaya semua yg minta ""Tolak kenaikan PPN""😂",2025-01-01 01:41:10+00:00,negatif
intinya masalah apapun prihal apapun kita harus sabar nanti juga ada penjelasan dri presiden jangan terburu buru karena presiden bnyk urusan ga bisa lngsng semua tangan dia cuma 2 semangat bapakk 🫶🏻,2025-01-01 01:40:45+00:00,negatif
apaan njirr semua barang naik,2025-01-01 01:40:33+00:00,negatif
min mau nanya knp ya saya dapet bantuan beras dari pemerintah yg diambil ke desa tapi kemalamaan gk bisa diambil trs bsok nya di ambil trs. petugas nya bilang udah ada yg ambil udah 2 kejadiany,2025-01-01 01:39:59+00:00,negatif
@akbarprmn01 te jdi kabeh naek eyy,2025-01-01 01:38:04+00:00,negatif
mampir yuk para kakak ke akun ku ✨,2025-01-01 01:15:01+00:00,positif
HRSNYA KMRN GW BORONG ESKRIMMMMMM😠😠😠😠😠,2025-01-01 01:14:08+00:00,negatif
min mama ku tinggal d ladang bambu gak kerja bapak ku gak kerja karena faktor usia tpi dri aku kecil sampe sekarang gak dpt bantuan klaim bantuan kayak beras gtu d mana klaimnya? tpi semua yg saudaranya kerja d lurah dapat agak heran sih cuman ya gtu lah min,2025-01-01 01:11:59+00:00,negatif
"heran SDM indo rendah sekali, apa apa informasi tidak dibaca cermat..
fomo dan tidak di pelajari dengan benar..
Semoga anak muda bangsa ini tidak ikutan fomo dan bisa memilih mana informasi yang benar dan salah.
bijak menggunakan teknologi itu penting.
sehat sehat terus pak Prabowo dan orang baik lainyaa💗",2025-01-01 01:11:17+00:00,negatif
gk heran lagi ini warga indonesia paling bar² bjirr,2025-01-01 01:03:56+00:00,negatif
"@WickedWoohoo:soalnya kementerian & presiden infonya beda, menurut DJP di KT-03/2024 barang yang naik itu bukan barang mewah, tapi menurut presiden barang mewah.",2025-01-01 01:03:41+00:00,negatif
"kalo argumennya ""halah sembako juga naik"" ingat ya guys belakangan ini ada natal, tahun baru, awal puasa, yg mana semua org butuh sembako, kembali pada hukum permintaan, harga akan cenderung naik jika permintaan tinggi, itu kenapa harga sembako selalu naik",2025-01-01 00:57:16+00:00,negatif
@AL,2025-01-01 00:55:47+00:00,positif
@🐳 amam cuy,2025-01-01 00:55:24+00:00,positif
AKU LIAT KOMEN YG MERASAKAN SENGSARANYA PPN NAIK ITU KITA KITA YG BENER BENER MERASAKAN,2025-01-01 00:53:58+00:00,negatif
semangat bapak jendralku. banyak angin topan menerjang tp kau tak gentar🔥,2025-01-01 00:51:16+00:00,positif
"min gmn nih ak janda anak 1 umur setaun, orang lain kemaren PD dapet bansos kok ak gadapet ya min, daftar di apk cek bansos pun gabisa alamak masalahnya UMR di kotaku cm 2.1 sedangkan harga"" jual",2025-01-01 00:50:59+00:00,negatif
"WOI BACA INI SEMBAKO NAIK ITU MEMANG SETIAP TAHUN DAN HARI BESAR ITU DAH BIASA, APALAGI MUSIM HUJAN GINI BANYAK PANEN GAGAL. DAN PRESIDEN TU NGAJARIN BUAT MEMAKMURKAN UMKM KALO KALIAN BELI DI MALL",2025-01-01 00:49:08+00:00,negatif
@bimo:2025 ganti rakyat🗿🗿🗿 presiden udah bener tinggal rakyatnya aja yg blm,2025-01-01 00:44:43+00:00,negatif
"aku tinjau dari komenan yg ngerasain ppn naik itu ya kita kita yg bnr bnr ngerasain, yg setuju sama kenaikan ppn semua berdasarkan opini pribadi njir, mirip buzzer",2025-01-01 00:42:21+00:00,negatif
"logam mulia (LM) emas antam/ubs, termasuk barang mewah gak minnn ?",2025-01-01 00:41:31+00:00,negatif
berapa nanti hakim diakhirat hisab nya😑,2025-01-01 00:39:38+00:00,netral
"🥺🥺🥺 makasih pak🙏, maafkan org2 yg kmren kurang sabar 🙏",2025-01-01 00:39:20+00:00,negatif
DENGAR & BACA TUH!!! AHH DEMO DOANG LU BISANYA!!,2025-01-01 00:38:48+00:00,negatif
"Gapapa saya setuju² aja pajak naik 12%. Cuma balik lagi ke rakyat kaya Rumah Sakit gratis, Sekolah gratis, pembangunan jalan merata, udah gak ada lagi jalan yg bolong² lah.. GIMANA BISA GA??",2025-01-01 00:37:26+00:00,negatif
tuhkan ppn 12% buat yang sultan sultan aja jirr,2025-01-01 00:36:45+00:00,negatif
MOTOR YAMAHA NIO BARANG MEWAH APA BUKAN MINDRA???,2025-01-01 00:33:17+00:00,negatif
dan yap warga X tidak akan melihat video ini😌🙏,2025-01-01 00:26:05+00:00,negatif
@ponitac @greg.kevin @ikansepat @jms. @matchaaaa,2025-01-01 00:24:31+00:00,negatif
terlalu banyak yng digoreng dengan pajak 12% :((,2025-01-01 00:22:08+00:00,negatif
"Tapi lu mikir gakkk, ini bakal berdampat sama kenaikan harga barang dan jasa lain yg ga termasuk kategori mewahhh",2025-01-01 00:21:16+00:00,netral
Min hari ini gue ulang tahun.. gamau tau bls pake vt 🫵,2025-01-01 00:21:09+00:00,positif
"yang koar2 nya malah orang yang gapunya kategori barang2 di atas, yang pada punya diem2 ajaa ademm ayem",2025-01-01 00:20:03+00:00,negatif
min bio mewakili banget kalo mimin bukan avatar kali yaa 😭,2025-01-01 00:19:09+00:00,negatif
"dari tahun ke tahun mau dari presiden siapapun juga ada saja yg menggoreng seperti telur dalam kuali yg salah....
bumi bulet,bukan lonjong aplgi jajar genjang,dikira gemblong...hehehe",2025-01-01 00:17:11+00:00,negatif
"Tolong di tonton sampai habis, dan di baca keteranganya sampai selesai ya.",2024-12-31 23:23:43+00:00,negatif
"min klw soal gaji dan kesejahteraan bagi pekerja ART secara pribadi yang gajinya masih minims banget / pun lewat yayasan yang potongannya besar di awal itu gimana min ,",2024-12-31 23:22:44+00:00,positif
"terimakasih ya buat admin untuk pemberitahuan barang"" apa saja yg naik ppn nya, sy sebagai IRT yg awalnya merasa was-was karena blum ada kepastian tentang kenaikan ppn ini akhirnya merasa lega skrng.",2024-12-31 23:21:48+00:00,negatif
"Guys, kalian tolong jangan malas baca caption nya ya☺️",2024-12-31 23:16:45+00:00,negatif
"ganti rakyat aja min, susah bener di suruh literasi😞",2024-12-31 23:16:24+00:00,positif
"untuk pemerintah tolong di sidak pasar pasar seperti bahan pokok, sudah banyak yg di naikan harganya 😭🙏🏻",2024-12-31 23:13:22+00:00,negatif
"prinsip mah selagi bekerja punya uang y beli, kalo g y udh jangan memaksakan intinya y kerja keras aja g ush cacicu toh dri dlu semua² naik jg kalian masih bisa makan masih hidup sampe skrng, banyakin rasa syukurnya jangan ngeluh wae",2024-12-31 23:12:37+00:00,netral
Untung Magnum filter gak naek lagi,2024-12-31 23:11:15+00:00,negatif
mega korupsi pak perhatikan uga☺️,2024-12-31 23:10:28+00:00,positif
"serius mau tanya, saya kerja di perusahaan manufaktur dan mengurusi invoice dr para supplier. Apakah pembelian bahan baku untuk suatu perusahaan naik jd 12%? karena dari bulan desember awal",2024-12-31 23:08:53+00:00,negatif
"ada baca beberapa makanan naik mengatasnamakan pajak naik, bahkan pembelian yang menggunakan qris ada yg menghitung pajak, itu gimana min? contoh, pabrik besar kue mengumumkan harga naik karena pajak",2024-12-31 23:08:36+00:00,negatif
tapi pin saya ada email dari tiktok ppn naik jadi 12%,2024-12-31 23:05:12+00:00,negatif
"terimakasih bnyak min dan pak prabowo smngat terus bekerja untuk indonesia dan rakyat indonesia untuk lebih baik dan maju lagi. semoga admin sehat pak prabowo juga sehat2, pokoknya sehat2 orng baik dan yg punya hati nurani yg pro rakyat yg adil. semoga tetap amanah selamat dunia dan akhirat aamiin 😇😇",2024-12-31 23:02:19+00:00,positif
min lu kalo diajak main ml tetep softspoken kgk?,2024-12-31 22:58:15+00:00,negatif
"Assalamualaikum Min,,Selamat pagi selamat tahun baru,,Sehat selalu yang sabar ngadepin Netizen ya 🥰🥰🥰",2024-12-31 22:57:54+00:00,positif
"SEHAT TERUS YA PAK🙏🥰 BIAR BISA JADI PRESIDEN 2 PERIODE 💙
AMIN🥺🤧",2024-12-31 22:57:15+00:00,positif
Sekedar info min harga beras sama telur di pasar naik padahal bukan premium 😭 tolong disidak lagi min harga barang pokok di pasar-pasar,2024-12-31 22:56:24+00:00,negatif
noh dengerin kmrn yg heboh mslh ini,2024-12-31 22:56:20+00:00,negatif
min copot hakim yang vonis 6.5 tahun,2024-12-31 22:53:57+00:00,negatif
"Mindra,,jangan naik"" ya,capek nnti,,",2024-12-31 22:53:51+00:00,negatif
pak prabowo Terbaek emang dah singkat padat jelas gak kyk dia yang bertele tele dan berujung tidak🙂,2024-12-31 22:46:50+00:00,negatif
ok kita liat kedepan ny semga mmng gak ada pengaruh buat rakyat miskin ..krn klo smpe berpengaruh gimn nasib merka yg di bwh gris miskin..,2024-12-31 22:46:17+00:00,netral
"ka mnta tolong smpaikan supaya psr dn kewirausahaan offline lainnya bs rame sprti dlu sblm adanya online,soalnya kasian sm bp ku ekonomi ny turun drastis sring 3 h ga laris,sring jg sehari dpt 10 rb🥲",2024-12-31 22:44:09+00:00,negatif
min didaerah saya grosir toko2 sembako jajanan udh ngasih list harga kenaikan per 1 januari 2025 katanya dampak dr kenaikan pajak 12% .... gimana tuh? harga juga gak kira2😭 awas aja kalo emang ada oknum yg menaik2kan karena masyarakat tidak semua paham😭😭,2024-12-31 22:44:07+00:00,negatif
min harga diamond mobile jend naik gak min?,2024-12-31 22:40:27+00:00,negatif
mantap min penjelasan di caption lengkapp biar ga terjadi lagi kesalahpahaman yang akhirnya bisa menjadi kontra,2024-12-31 22:39:40+00:00,netral
"pada minim literasi jirr, ga minim lgi sih tpi pada males literasi",2024-12-31 22:38:54+00:00,netral
Skincare juga naik 🥺,2024-12-31 22:29:02+00:00,negatif
harga kendaraan yg tadinya 28juta thn 2025 jdi 30jta😭,2024-12-31 22:28:55+00:00,negatif
"percayalah jika hidup masih di persulit itu tingkah bawahan presiden, dan presiden juga ga tau permainan di bawah, tp rakyat yg selalu menyalahkan presiden,
contoh kecil : ""makanan gratis masih di mintai uang"" (itu masih contoh kecil)",2024-12-31 22:26:01+00:00,negatif
"wahai masyarakat yg ganteng dan tidak sombong, mohon dibaca captionnya sampai habis biar ga ada lagi kesalahfahaman
untuk harga barang yg sebelumnya udah naik ppn nya 12%, itu cuman akal""an-",2024-12-31 20:42:56+00:00,negatif
@none,2024-12-31 20:41:19+00:00,negatif
"Yah padahal tadi pagi temen gua udh bikin story kalo besok bangun tidur langsung kena 12%, mau ketawain boleh ga si?🤣🤣",2024-12-31 20:35:18+00:00,negatif
"gas poll pak presiden..
yg nolak"" ppn naik itu pasti orng"" yg punya bnyk usaha dan kendaraan mewah, kita masyarakt jelata mah serahkn sepenuhnya kepada bapak presiden🔥",2024-12-31 20:32:40+00:00,negatif
"tolong harga telur 1 kg di kampung ku sudah 36 RB min ,, menjerit aku kaum anak kos😫😫",2024-12-31 20:25:41+00:00,negatif
min kalo konser bts termasuk kena pajak gak nanti 🥰,2024-12-31 20:19:40+00:00,positif
sembako ko jadi ikut naik ya?? contoh telor yg tadi ya sekilo 26 ribu sekarang jadi 34 ribu itu ko bisa naik ya 😭😭 duit pas pas an 100 ribu gak ada artinya 😭😭😭😭,2024-12-31 20:19:23+00:00,negatif
"trimaksih pak prabowo saya dpet kelebihan pengisian token listrik.. apa yg bapak janjikan subsidi token benar"" rill
sehat selalu",2024-12-31 20:18:08+00:00,positif
lucu rakyat Konoha banyak tuntutan ke presiden tapi pajak naik ke 12% persen udh di goreng goreng kalian pikir negara tidak membutuhkan anggaran kinerja yg akan dijalankan tidak membutuhkan anggaran,2024-12-31 20:17:49+00:00,negatif
logikanya kalau emang cuma buat barang mewah kek jet pribadi dll kenapa naeknya cuma 1 % ? naekin aja 75% toh mereka kaya 🤷,2024-12-31 20:15:12+00:00,negatif
"apakah Indonesia ini bisa jd negara maju? sedangkan rakyatnya aja SDM nya miris, lihatlah japan, japan bisa jadi negara maju karena rakyatnya SDM nya tinggi bukan ngandelin pemerintah doang.",2024-12-31 20:12:48+00:00,negatif
"tapi liat aja pasti ada oknum oknum yg beralasan karena PPN naik 12%. nah kalo kejadiannya seperti itu bisa dilaporkan atau tidak? dan kalo bisa, dilaporkannya kemana?",2024-12-31 20:11:36+00:00,netral
Nah gini dong pak pres biar lebih jelas gitu,2024-12-31 20:11:06+00:00,netral
"Banyak oknum mengatasnamakan PPN naik imbasnya k mna², baru dengar PPN naik jadi 12% bensin yg semula ny di jual 13rb tiba-tiba naik jadi 15rb bahkan ad yg jual 20rb yg membuat orng2 krisis Bensin",2024-12-31 20:09:20+00:00,negatif
"yg gak suka beliau bakal tetap nyinyir apapun kebijakannya, karena mereka hanya melihat dari sudut pandang negatifnya saja😊 @Ika wahyuanti putri",2024-12-31 20:04:20+00:00,netral
"gaji mimin naik 12% juga g sih, upah ladenin warga 😁",2024-12-31 20:03:52+00:00,negatif
malu ga si yg kmrn koar²🤣🤣,2024-12-31 20:03:48+00:00,negatif
"pulsa hp naik cuy. tadi nya beli 50rb bayar 51rb, jdi bayar 52.500. 😂🤣",2024-12-31 20:02:02+00:00,negatif
"@gerindra kalau bisa bansos/pkh di ilangin aja, di ganti supsidi bahan pokok makan dongg, disini ngga adil yg dapet bansos org berada semua",2024-12-31 20:01:41+00:00,negatif
bapak ku @piapio🍩🥧,2024-12-31 20:01:25+00:00,positif
"min, klasemen Manchester united naik atau turun min? sekarang lagi turun klasemen min😁",2024-12-31 19:56:54+00:00,negatif
min 😭😭😭😭😭 aku capek 🤌,2024-12-31 19:56:03+00:00,positif
"min,tlg sidak jalan2 yg blom di aspal karna daerah pekanbaru khususnya garuda sakti km.1 panam msh ada jln yg blom di aspal.",2024-12-31 19:50:29+00:00,negatif
@🐣faya fad🥺,2024-12-31 19:49:48+00:00,positif
min aku dari 2025🗿,2024-12-31 19:45:44+00:00,negatif
"Alhamdulillah semoga harga"" dipasar kembali normal",2024-12-31 19:45:25+00:00,negatif
diksasi paham g tuh🔥,2024-12-31 19:45:11+00:00,netral
"Kalo sampe ada yg naikin harga barang pokok mengatasnamakan PPN 12%, liatin aja video ini",2024-12-31 19:44:12+00:00,negatif
pak makan gratis pegimana ini urusannya,2024-12-31 19:41:43+00:00,positif
"wifi naik min,, pmbayaran iconnet naik 12%",2024-12-31 19:37:39+00:00,negatif
Mindra sampek jelasin nulis panjang bnget biar masyarakat paham 😭 sehat2 mindra. Kalau ga ada yg paham jngan d jelasin lagi min,2024-12-31 18:50:11+00:00,negatif
kemarin beli larutan kaleng sama susu beruang udah naik 1000rupiah di warung gak tau naikya kenapa padahal masi 29desember 2024,2024-12-31 18:49:52+00:00,negatif
"Coba nanti ditunggu, apa semua sinkron, kadang penjualnya juga nakal 🗿",2024-12-31 18:49:23+00:00,negatif
mulai hari ini 😁😁,2024-12-31 18:46:47+00:00,positif
min tapi saya kerja di toko ya kan ada tuh ada seles wings prodak nya seperti mama lemon ke gitu ikut naik min per jam 2 siang,2024-12-31 18:46:25+00:00,negatif
bagaimana dengan Qris 🗿 ?,2024-12-31 18:45:54+00:00,netral
mimin gerinda gk di kenakan biaya sekalian juga kena ppn 12 %?,2024-12-31 18:45:40+00:00,negatif
"Min, Susu Bubuk Formula, Pampers, Peralatan Bayi naik PPN 12%... Kok Beda ama info ini???, Pabrik2 info naik PPN 12% ini keperluan bayi loh...😨😨😨",2024-12-31 18:45:27+00:00,negatif
omon omon pelanggar ham,2024-12-31 18:42:02+00:00,negatif
presiden terbaik🔥🔥,2024-12-31 18:40:50+00:00,positif
min pusing amat ya lihat negara konoha ini,2024-12-31 18:40:34+00:00,netral
"eh bentar, aku mau nanya, presiden itu kalo di istana kerja nya apa ya?, soal nya kalo aku males' an mama ku bilang, ""kamu itu males' an gak mau kerja pekerjaan rumah, presiden aja kerja"" 🗿🙏",2024-12-31 18:39:10+00:00,negatif
"GA NGARUH, HARGA UDAH NAEK, KALIAN TELAT. orang udah ganti harga, pelaporan, pengumuman, harusnya dari awal kalian ubah. Makasih anak2 Abah yg udah lantang sejak awal. Good job.",2024-12-31 18:37:46+00:00,netral
"pasti cape jadi admin gerindra, hebat bgt min👏",2024-12-31 18:37:42+00:00,netral
sip👍,2024-12-31 18:37:30+00:00,positif
IQRO guys itu mindra udah ngejelasin di caption 😭😭,2024-12-31 18:35:21+00:00,negatif
"min turunkan admin online shop min
si oren berkisar antara 2,50%–8,50%.
si ijo 1,00%–10,00%
si biru 4,25%–10,32%.
si market baru malah paling kecil
belum termasuk campaign promo lain - lain",2024-12-31 18:33:54+00:00,negatif
minra sini aku bikin sate banyak banget,2024-12-31 18:33:53+00:00,negatif
"udh ampe seniat itu untuk ngasih tau biar pada paham, tp ttp aj warga ny mls baca 🗿",2024-12-31 18:33:44+00:00,negatif
anak abah udh paham belum nih?,2024-12-31 18:29:54+00:00,negatif
gua kirim link ini ke twitter langsung dirujak min😭,2024-12-31 18:29:50+00:00,negatif
tetap aja di daerah kalimantan naik semua barang...barang pokok pun naik 😭 min...,2024-12-31 18:28:38+00:00,negatif
semangat terus miminn 🔥🔥🔥,2024-12-31 18:27:33+00:00,positif
"Jangan malas baca ya, tingkatkan minat baca biar ga asal komentar. Kalau masalah sembako pada naik, PPN 11% kemaren juga udah pada naik, mungkin ada beberapa faktor yang bikin naik harga sembako ...",2024-12-31 18:27:20+00:00,negatif
min kalo yang jual bbm kaya pom mini ada kenaikan gak?,2024-12-31 18:27:17+00:00,netral
"Pada bilang kalo udah ada penjual barang/jasa yang jalanin ppn 12%, berarti mereka ga jelas, harus dikasih tau atau dilaporin karena kan ini aja naik di awal tahun tapi udah banyak aja yang curi start duluan.",2024-12-31 18:24:35+00:00,negatif
min turunin harga top up valorant,2024-12-31 18:23:27+00:00,positif
"min saya juga mau 1 triliun, gapapaaa di penjara 6,5 tahun 🗿",2024-12-31 18:21:53+00:00,negatif
"min gw lagi galau, mau tahun baruan malah kena shift malam",2024-12-31 18:21:02+00:00,netral
"Barang dan jasa mewah yaaa pak, tapi ini mulai tgl 1 brang"" harian sembako udah mulai kena ppn 12% jga nih. Salah satunya di pt wings. Barang yg mana yg dimaksut ppn",2024-12-31 18:20:47+00:00,negatif
caption yang sangat bagus!,2024-12-31 17:47:04+00:00,positif
"kocakkk udh pada koar” ppn 12% ppn 12% taunya, cailahhh xixixi",2024-12-31 17:46:36+00:00,negatif
minn kembang api tadi naik,2024-12-31 17:45:52+00:00,negatif
tpi bahan bangunan jd naik,2024-12-31 17:45:42+00:00,negatif
min aku pengen tau apa tanggapan pak Prabowo tentang mau kerja di luar negeri dan udah kerja di luar negeri 😔😔😔😔😔,2024-12-31 17:45:23+00:00,negatif
Kado spektakuler pak prabowo di penutup tahun ini menyala presidenku😎,2024-12-31 17:45:23+00:00,positif
mindra bubur ayam naik gak??,2024-12-31 17:44:58+00:00,negatif
"haiii minn, semangat terus minn, jangan pikirkan hujatan netizen yaa minn😻😻😻",2024-12-31 17:44:06+00:00,negatif
min tadi ikut main petasan ngga 💥,2024-12-31 17:43:46+00:00,netral
"budayakan literasi plss, komplen” doang tp minim literasi, mslh harga pada naik ya lagian ini taun baru kan udh biasa dari dulu juga, lebaran pada naik, taun baru pada naik, auk dah",2024-12-31 17:43:13+00:00,negatif
budayakan baca ya rakyat pintar🙏,2024-12-31 17:43:00+00:00,positif
"pabrik2 pakan dgn omset miliaran naik gak ppnnya?
awang2 an saja si, pabrik ppn naik ↗️- harga pakan pasti dinaikkan↗️- ikan ikut naik harganya↗️. 😂",2024-12-31 17:42:55+00:00,negatif
kok di supermarket barang udh naik juga terus makan direstoran juga kena ppn 12%?,2024-12-31 17:42:39+00:00,negatif
"mindra, gini min, masalahny ya ada sebagian rakyat yg pemilik warung atau apalah kita bilang oknum rakyat ajalah, ini biasany klo ad info kek gini tuh pasti mereka bermain dan menaikkan harga seolah olah dikenai pajak sm pemerintah, meskipun yg kek gini tuh sebagian aja",2024-12-31 17:42:04+00:00,negatif
saran saya tolong sidak semua produk kebutuhan dan sayur karena budaya indonesia tuh apapun yang naik semua ikut naik,2024-12-31 17:39:38+00:00,negatif
pokoknya pak prabowo terbaik🥰,2024-12-31 17:37:41+00:00,positif
Thank you min 🥰,2024-12-31 17:37:22+00:00,positif
serius nih Min saya bayar pajak motor yg harusnya jatuh temponya januari ku bayar desember malah naik pajaknya? 😢,2024-12-31 17:36:55+00:00,negatif
🥰🥰,2024-12-31 17:36:10+00:00,positif
TAHUN BARU SEMANGAT BARUU🔥🔥🔥🔥🔥🔥 MEMBARAAA🔥🔥,2024-12-31 17:35:20+00:00,positif
awas boong,2024-12-31 17:35:18+00:00,netral
"cape ya jadi mindra, sesekali harus liburan minn😭😭",2024-12-31 17:33:42+00:00,negatif
"Terima kasih Bapak Prabowo, Pemerintahan & Gerindra sudah membatalkan PPN 12% 🫶🏻😻😍",2024-12-31 17:33:40+00:00,negatif
"Alhamdulillah.
Bissmillah di tahun 2025 bnyak proyek local maupun ekspor yg deal, hakkul yakin, kun faya kun, man jadda wa jadda.",2024-12-31 17:32:30+00:00,negatif
"Admin lagi Lembur lagii gaesss😭
kemarin bertapa di mana kamu min",2024-12-31 17:31:56+00:00,netral
"mindra sibuk bangetttt
selamat tahun baruu yaaa, ayuk bakar² jagung di rumahkuuuu💗",2024-12-31 17:30:11+00:00,negatif
"mari kita liat saja snowball effect dan domino effect, kita liat skema pak Prabowo membendung itu karna pasti banyak distributor yg memanfaatkan ketidaktahuan masyarakat (distributor curang/mafia)",2024-12-31 17:29:14+00:00,negatif
"BUDAYAKAN MEMBACA ""CAPTION"" SEBELUM KOMENT NGAWUR 😁🙏",2024-12-31 17:28:36+00:00,positif
"#dengar,baca,pahami,",2024-12-31 17:28:32+00:00,negatif
"semangat pak prabowo, bapak ini Cinta banget sama rakyat Indonesia saya yakin bapak akan mati""an mensejahterakan rakyat Indonesia ❤",2024-12-31 17:28:31+00:00,positif
wifi termasuk barang mewah apa gak ya?,2024-12-31 17:07:23+00:00,positif
min 2025 min bagi duit🗿,2024-12-31 17:07:05+00:00,netral
"Stimulus 38,6 T lalu apakabar yg 300 T ? 😂😂😂",2024-12-31 17:06:03+00:00,negatif
selamat tahun baru min🗿🤟🏻,2024-12-31 17:04:39+00:00,positif
Min pembelian pupuk sawit saya kena 12% apakah ini jenis barang mewah ?,2024-12-31 17:02:04+00:00,negatif
"netizen alay banget, ntr Mimin Gerindra jadi dingin ga mau balas komen lgi🥺",2024-12-31 17:01:37+00:00,negatif
Kalo yang ga paham coba baca dulu caption nya 😭,2024-12-31 17:01:09+00:00,negatif
"wkwkwwk mana yang kemarin pada repot gonjang-ganjing ngomong, ""SALAHIN WARGA 02 KARENA PPN NAIK."" 🙉",2024-12-31 16:59:05+00:00,negatif
@partaigerindra adminnya cewe/cowo?,2024-12-31 16:58:50+00:00,negatif
kalau ada sembako di naikan pelaporan nya dimana yg di tabel itu ppn 0 % .,2024-12-31 16:58:23+00:00,negatif
wani balesi komen2 ng twitter ora min?,2024-12-31 16:56:40+00:00,negatif
"gw sih ga peduli min mau naik 15% jg,tapi ya dibenahi dulu hukumnya yg amburadul, kepolisian yg tdk mengayomi,birokrasi yg jlimet dan korupsi yg merajalela. sebagai timbal balik dari pemerintah terhadap rakyatnya.",2024-12-31 16:55:37+00:00,negatif
"Tuhan maunya 2,5%
Tapi negara nyuruh 12%
🔥🔥🔥",2024-12-31 16:55:20+00:00,negatif
"mohon maaf melenceng
saya mau tanya sebenarnya uang bansos seperti pkh, blt dan sembako yg di berikan pemerintah kepada rakyat
""RAKYAT"" seperti apa yg berhak mendapatkan bantuan itu",2024-12-31 16:53:43+00:00,negatif
saham minuss terus aja kena ppn😭,2024-12-31 16:52:51+00:00,negatif
midra kata kakek gw sebernarnya BBM gak boleh disubsidi? emang bener,2024-12-31 16:52:04+00:00,negatif
tips ganteng pick Hero apa pak,2024-12-31 16:51:59+00:00,positif
"Baca anj, biar g salah phm klian semua, mana ni yg kemarin koar2",2024-12-31 16:51:53+00:00,negatif
min harga Nike Air zoom turunkan,2024-12-31 16:51:40+00:00,negatif
"Min kalau kita udah sayang, terus dia nya enggak? kita harus ambil keputusan gimana min? coba masukan nya min?",2024-12-31 16:50:19+00:00,negatif
Minnn...butuhh jamu gaa biar kuat ngebales pertanyaan kitaa.....🥰🥰🥰,2024-12-31 16:49:54+00:00,negatif
"tolong dibaca sampe akhir ya caption nya jgn ngamuk ngamuk dulu,apa yg ga naik,apa yang naik,klo sembako naik mah biasa weh tahun baru/lebaran tuh",2024-12-31 16:49:26+00:00,negatif
"pd males bgt baca njiir
lelah syekaliii bacain koment neti yg pd ggl faham 😫",2024-12-31 16:48:38+00:00,negatif
Pak gaji saya pajaknya gede banget😩 bisa sewa kost sebulan,2024-12-31 16:48:13+00:00,netral
"Dari awal gua udah paham maksud bapak, cuma rakyat pembencinya aja yang bloon bloon",2024-12-31 16:47:49+00:00,negatif
Halo min😁🙏,2024-12-31 16:47:30+00:00,positif
"mao nanya min, pemerintah serius gak berantas korupsi? karena selama ini hukumannya selalu mencederai akal sehat , gak ada efek jeranya sama sekali min",2024-12-31 16:45:47+00:00,negatif
"ekonomi sulit ,ppn malah naik , pejabat semakin kaya , masyarakat ikut paksa",2024-12-31 16:45:23+00:00,negatif
tolong naikan gaji mindra 😭😭😭 capek banget ya min hadapin org kayak mereka 🗿,2024-12-31 16:44:51+00:00,negatif
"komen lah,biar satu tahun yg lalu",2024-12-31 16:44:18+00:00,negatif
"tiap hari ketemu sama orang² yang gak faham tentang kenaikan 11% ke 12% dan hanya teruntuk barang terntentu, dan aku gak bakal bosen juga buat jelasin ke mereka yang gak faham arti nya kenaikan 12% itu",2024-12-31 16:22:25+00:00,negatif
Mending tutup kebocoran2 mineral dan batubara nilainya ribuan trilyun,2024-12-31 16:20:32+00:00,negatif
min saya ulang tahun ni 31-12-1993 kasih kado min😌,2024-12-31 16:17:18+00:00,positif
berarti top up epep ga kena ?,2024-12-31 16:14:30+00:00,positif
Lahh semuanyaa naikk termasuk naik darah😔,2024-12-31 16:14:10+00:00,negatif
yg g paham dan slalu menyalahkan pemerintah pasti penyusup 😋😋🤣🤣,2024-12-31 16:13:45+00:00,negatif
megavision udh ngirim email tuh kalo tagihan naik karena ppn naik jadi 12% 🙄,2024-12-31 16:12:34+00:00,negatif
min lu menguasai elemen kehidupan kan?🥰,2024-12-31 16:10:27+00:00,positif
@Lunkiii suki liar @uwong˗ˋˏ🐟ˎˊ˗#BLOH @◌⑅⃝●♡⋆♡𝓃𝒾𝒶𝓃𝒶♡⋆♡●⑅⃝◌ @evan aja lah  akhirnya PPN 12% hanya berlaku untuk barang-barang mewah,2024-12-31 16:09:49+00:00,negatif
"min abis nunjukin video ini, gua dikunciin di kamar mandi",2024-12-31 16:09:37+00:00,negatif
itu yang korupsi 400t ga di protes apa gmn,2024-12-31 16:09:27+00:00,negatif
Kasus korupsi diberesin dlu pak. Tuh koruptor sama hakim2ny pada nyengir2 di sidang mempermalukan hukum. Jgn sampek nambah pajak cuman buat nambah ladang bagi koruptor!,2024-12-31 16:09:07+00:00,negatif
udh paling bener ganti rakyat 😂,2024-12-31 16:08:58+00:00,positif
paling atas praivet jet 😝😝😝,2024-12-31 16:07:32+00:00,positif
"pak,, saya berdoa'a agar bapak sehat terus, saya percaya kepada bapak sepenuhnya. Always dukung bapak 😍😍😍",2024-12-31 16:07:22+00:00,positif
"Uang 100rb udah enggak ada artinya, yg dulu kelihatan mewah sekarang bisa beli ternyata b aja, tandanya tanpa kita sadari perekonomian orang"" semakin baik daripada dulu cuma daya beli mereka juga tinggi. Makanya kita enggak kaya"" dan selalu merasa kurang. Semoga naiknya PPN juga diimbangi peningkatan ekonomi masyarakat",2024-12-31 16:07:02+00:00,negatif
ayolah tiktok hadirin fitur emot untuk likenya dong gw mau ngeekspresikan keadaan gw juga disini😭,2024-12-31 16:06:25+00:00,netral
"tolong di klarif soal omongan prabowo mengenai kebun sawit min, haha lucu bgt itu, emang cocok pak anies kasih nilai 11/100. hanya daun? LOL KOCAK LAWAK",2024-12-31 16:06:04+00:00,negatif
min enggk thun bruan tah????,2024-12-31 16:05:00+00:00,negatif
"kami warga Kalimantan Barat ngk mengeluh pak dengan kebijakan bpk, intinya harga sawit naik terus aja pak😅👍🏻",2024-12-31 16:04:44+00:00,negatif
"Masya Allah sehat² buat admin gerindra dan pak prabowo, yang mau ngeladenin rakyat² nya",2024-12-31 16:03:53+00:00,positif
"BACA BAIK BAIK NETIZEN INDONESIA, YAALLAH MINIM LITERASI BANGET",2024-12-31 16:01:26+00:00,netral
"min , aku buat snap wa banyak yg ngamok🤣",2024-12-31 15:59:41+00:00,netral
"tenang, mie instant ga naik jd ga usa dema demo dema demo....macam betul aja klean.....kyk besok mo beli kapal pesiar aja. ,sarapan aja msih air putih aja sok ngerti dema demo dema demo",2024-12-31 15:58:56+00:00,negatif
kenyataannya banyak yang disamaratakan untuk kenaikan PPN min.. karena sistem berantai saling mempengaruhi 🥺,2024-12-31 15:58:56+00:00,positif
"Admiiin, pph saya sampe 200rb lebih min 😭😭😭 uang jajan seminggu itu",2024-12-31 15:57:27+00:00,negatif
lho kok bisa🗿,2024-12-31 15:57:08+00:00,positif
Penggunaan QRIS ikut naik g mindra 🙃,2024-12-31 15:54:30+00:00,negatif
ketoprak 🤤,2024-12-31 15:54:05+00:00,positif
"min untuk penyelenggara penyedia jasa telekomunikasi minta apakah masih 11% atau 12% min,",2024-12-31 15:53:55+00:00,negatif
"ttp min walau buat brng mewah, smwnya ikut naik",2024-12-31 15:08:41+00:00,negatif
min main pubg gk,2024-12-31 15:08:13+00:00,netral
mahluk 16% dan mahluk 24% akibat SDM rendah atau kelebihan SDM yang tinggi 😂😂. kok dgn ini tdk paham juga??😂,2024-12-31 15:08:01+00:00,negatif
"min bantu bilangin ke pak presiden prabowo dong, mohon untuk terus di pantau harga pangan di pasar, takutnya harga dinaikan alasan PPN naik",2024-12-31 15:07:48+00:00,negatif
hore Indomie kagak naik wkwkw 😹,2024-12-31 15:07:35+00:00,negatif
"politikus pdi noh min yaang bikin salah paham, mengarah ke provokasi",2024-12-31 15:07:10+00:00,negatif
bakar bakar apa min malam nih?,2024-12-31 15:07:06+00:00,negatif
"min mau tanya, distributor yg jual sembako, obat2an snack dll, ko malah ikutan naik ya apa barang2 itu termasuk barang mewah, SERIUS NANYA😁",2024-12-31 15:06:32+00:00,negatif
@anzuuuu. edukasi,2024-12-31 15:06:32+00:00,positif
"Terima kasih Presiden engkau sebagai pemimpin kami selalu mengutamakan kepentingan rakyat kecil, kita rakyat Indonesia akan selalu dibelakangmu!",2024-12-31 15:06:27+00:00,positif
Semangat min 💪🏻,2024-12-31 15:06:24+00:00,netral
"Min, tolong dong tegur perusahaan dan pedagang yg ikut2 an naikin harga dgn alasan pajak naik 12% 😭 Ini banyak bgt pedagang yg nakal, pdhal dagangan nya ga termasuk barang PPnBN 😭😭",2024-12-31 15:06:00+00:00,negatif
yg kemaren² mana nih wee,2024-12-31 15:04:50+00:00,negatif
halahh Cakap aja😂,2024-12-31 15:04:35+00:00,negatif
yey,2024-12-31 15:04:01+00:00,netral
"Masalahnya masyarakat awam pada naikin harga barang2, gegara dengar berita PPN naik",2024-12-31 15:03:42+00:00,negatif
Beli jam tangan CASIO kena ppn 12% tidak?,2024-12-31 15:02:16+00:00,negatif
Min kalo listrik mati y disalahin petugasnya atau gajinya y kecil?,2024-12-31 15:01:07+00:00,negatif
ternyata yg heboh adalah anak abah 🗿,2024-12-31 15:00:20+00:00,netral
agak laen isi komenya pada ga sekolah keknya soalnya pada asal bikin kesimpulan aja ama cuma modal ngetik ama ngikut standar tiktok tanpa tau informasi yg jelas,2024-12-31 14:59:43+00:00,netral
"gua gak nolak PPN (ya mau gimana lagi ya) tp saya berharap uang pajak jgn di korupsi. apalagi kemaren si harv£y moe1s merugikan negara sampe 300T cuma 6,5th penjara.
gua juga mau di penjara kalo gitu",2024-12-31 14:59:06+00:00,negatif
"naik semua pak, coba turun ke lapangan...rakyatmu menjerit",2024-12-31 14:58:14+00:00,negatif
tetep salah cek anak abah mah@Fajri.Z @dhaffa azhar @ko @akbaar,2024-12-31 14:58:02+00:00,negatif
Lahh kalo barang impor gmna?,2024-12-31 14:55:14+00:00,negatif
"yg masih nyinyiirrr.. niiihh d jelasin sejelas2nya sma Mindra.. sma Pak Pres... masiiihh ajaaa ada yg slaah kaprah...
emang bnar siih kalu pembenci udh dsar hatinya busuk.. smngat trs Mindra. 😭😭💪",2024-12-31 14:54:45+00:00,negatif
coba ppn itu diturunin..pasti rakyat bahagia dan bisa makmur...bukannya dinaikin bos.. itu duit dr semua tambang kmn?????!,2024-12-31 14:54:40+00:00,negatif
"Mindra @partaigerindra tolong di jawab pertanyaan saya yaaa min🙏
mindra kenapa setiap mau beli bensin ke SPBU harus pakai barcode!?
dan bensin cari nya jg langkah susah dan ngantri nya ramai bener!",2024-12-31 14:52:24+00:00,negatif
yeyyy topup ml ga kena ppn,2024-12-31 14:51:47+00:00,positif
@It’s me dini,2024-12-31 14:51:18+00:00,positif
"kasian bgt yang kmrin pada heboh bikin story ig, wa nyinyir pak prabowo,kena ulti wkwk.abisnya nelen berita mentah2 siii,sabar kek nunggu penjelasan yg valid dlu knp si elahh",2024-12-31 14:51:17+00:00,negatif
"min , tidurnya nyenyak gak tiap hari ??",2024-12-31 14:37:10+00:00,negatif
"dah pada diem kan min yg kemarin koar""😁😁😁",2024-12-31 14:37:08+00:00,negatif
"min, kemaren temenku marah² debat sm aku. katanya pabrik itu barang mewah. jadi kebutuhan rumah tangga ikut naik, bisa gitu ya?? kesel bgttt jelasin ke temenku😭",2024-12-31 14:36:55+00:00,negatif
komen gw hampir setahun,2024-12-31 14:36:28+00:00,negatif
Nih min yg ngeyel gara2 pajak 12% 😩 @Sate Padang Mahsyar,2024-12-31 14:36:26+00:00,negatif
awas aja kalau transfer uang kenak ppn,2024-12-31 14:36:22+00:00,negatif
menyala pak🔥,2024-12-31 14:36:05+00:00,positif
"min aku lihat di VT ada mahasiswa yang demo tarkait PPN 12%, buat apa coba demo ini aja udah di jelasin terkait hal tersebut secara detail loh,ampun dah belum cari tau pasti malah gegabah buat demo😕",2024-12-31 14:36:02+00:00,negatif
sehat selalu pak,2024-12-31 14:35:57+00:00,positif
Tapi adek gua kerja dialfa udah dipotong ppn12% bulan 12 ini gimna dong @gerindra,2024-12-31 14:35:52+00:00,negatif
min turun kan harga sepatu ortuseight solar🙏🗿,2024-12-31 14:34:59+00:00,positif
"Sehat sehat pak prabowo. min aku mau nnya, kan ada info tentang token listrik disc 50% khusus di bulan Januari dan februari thn 2025 yg daya listriknya 2200V kebawah itu benar min...?",2024-12-31 14:34:49+00:00,negatif
@saif17 @MangRan dengar,2024-12-31 14:34:37+00:00,negatif
ABAH=HAMA.,2024-12-31 14:34:34+00:00,negatif
di setir netizen😹😹😹,2024-12-31 14:34:19+00:00,positif
"min,da tahun baruan bakar ayam min",2024-12-31 14:31:45+00:00,positif
allhamdulillah,2024-12-31 14:30:56+00:00,positif
"semangat teros pk prabowo....saya yakin dengan janji janji bapak...dan saya mengikuti saran bapak sedikit bersabar untuk satu tahun kedepan.
walaupun keadaan saya sendiri dlm keadaan menderita 💪💪💪",2024-12-31 14:30:55+00:00,negatif
"saya Do'a kan semoga bapak sllu di beri kesehatan dan panjang umur pak..
bapak 🫰🫰🫰🫰🫰",2024-12-31 14:30:49+00:00,positif
"yg naik itu PPnBM yaa,okayy",2024-12-31 14:30:30+00:00,negatif
baca Caption dan dengar secara jelas Bapak Menjelaskan. jangan asal Komentar. Semangat Terus Pak!!!,2024-12-31 14:30:01+00:00,positif
di tempat kerja gua (jualan aki) mulai besok tgl 1 2025 udah naik ppn nya.,2024-12-31 14:29:51+00:00,negatif
koruptor gmn nih kabarnya?? konoha dilawan. asal ada fulus hukum bisa dibeli dgn lancar dan damai. gmn rakyat mau sejahtera kalo kotuptor msh merajalela. buahahaha. 😅😂,2024-12-31 14:29:41+00:00,negatif
"begini lah presiden kita selalu menjaga ke makmuran rakyat ya, sebagai masyarakt, jangn selalu mwnghujat,liat dulu kinerja yh nyata dan bukti.jangn sampe termakan di adu domba oleh golongan yg suka ngomong omon2 gua pilih 02 dari hati tidak ada paksa an .gua pilih 2 priode jokowi tp setelah beres dari tugas yh pilih prabowo .karna gua cari info pak prabowo dengan data yg lengkap tidak dengar dari kubu sebelah .karna kita harus tau pilihan kita harus tau latar belkng yh dan pendidikan yh terutama kejujuran dan pekerja keras ..tulus untuk rakyat,dari rakyat untuk rakyat .",2024-12-31 14:29:31+00:00,negatif
"Min, malam ini bakar apa?",2024-12-31 14:29:19+00:00,negatif
Selamat Tahun Baru min @partaigerindra 2025 cariin jodoh dong🥰🥰,2024-12-31 14:28:38+00:00,positif
kalau pada faktanya di lapangan terjadi kenaikan di luar yg dilist di caption tindakan pemerintah apa ya min??,2024-12-31 14:27:46+00:00,negatif
admin gak tahun baruan kahh?,2024-12-31 14:27:05+00:00,netral
"komen ah biar 1 tahun yang lalu""😹😹😹",2024-12-31 14:26:02+00:00,negatif
tinggal tunggu tanggal mainnya 🔥,2024-12-31 14:25:51+00:00,netral
@leo🦁,2024-12-31 14:18:46+00:00,positif
😍,2024-12-31 14:18:42+00:00,positif
"tapi 3 hari sebelum malam tahun baru bahan pokok mahal khusus nya cabe rawit merah, tomat, bawang,😭",2024-12-31 14:17:58+00:00,negatif
Joran Daido Naik gak min?,2024-12-31 14:17:00+00:00,negatif
kita liat nanti di tahun 2025 apakah kebutuhan pokok naik atau nggak,2024-12-31 14:16:32+00:00,negatif
min 300t masa dipenjara 6.5 thn sih? gak fair,2024-12-31 14:16:04+00:00,negatif
Banteng min biang keladi nya🗿,2024-12-31 14:15:47+00:00,netral
Min katanya Magic Chess pisah dari ML ya?😅,2024-12-31 14:15:30+00:00,negatif
"sibuk bener emg admin kita we, tapi dia lebih pekak dari pada pacar lu mantan lu, kek bisa di andalkan aja cepet aja beritanya jadi masyarakat kesini mulu, kuat2 min 2025 lebih beragam lagi",2024-12-31 14:15:13+00:00,netral
"gausah pada kaget, kek baru tinggal di Indonesia aja 🥰",2024-12-31 14:14:59+00:00,positif
"min surat resminya mana, karena sdh banyak notif masuk di email saya kenaikan ppn12 termaksud indihome, alfamart, alfamidi dan tagihan lainnya, oke min",2024-12-31 14:13:53+00:00,negatif
komen ah biar jadi 1thn yg lalu SM barang kli di sapa admin gerinda min beliin hp dong buat belajar 😇😇😇😇😇,2024-12-31 14:13:08+00:00,negatif
Prabowo p nya apa?,2024-12-31 14:12:55+00:00,negatif
"Min, maen coc ga?",2024-12-31 14:12:39+00:00,negatif
nih nih baca buat yg kmren tantrum² wkwk!! klo msih ada yg g pham dn protes kebangetan sihh g ngerti lagi 🤣,2024-12-31 14:12:09+00:00,negatif
mau kalian pilah pilah it PPN di lapangan auto naik semua boss ...😅🤣🤣,2024-12-31 14:11:55+00:00,negatif
tapi sembako naik min 😭 buset dah telur sekilo 30 ribu pdhl itu prohe paling murce 😭,2024-12-31 14:11:12+00:00,negatif
oke gasss,2024-12-31 14:10:55+00:00,netral
intinya aq yakin Indonesia akan lebih baik dan sejahtera di pimpin beliau,2024-12-31 14:10:26+00:00,netral
Pak saham Tambang Indonesia tolong 100 persen milik kita pak apa lagi di papua itu abis emas kita di karuk USA 🥹,2024-12-31 14:10:00+00:00,negatif
"Besok pasti admin gerindra makin sibuk krn pd curhat kenaikan, pdhl yg naikin bkn pemerintah tp penjual sendiri karna panik 🤣🤣 sabar ya min terima curhatan",2024-12-31 14:09:37+00:00,negatif
"Min tolong dong SM di copot aj , dia definisi perampok berseragam , cek min DJP & DJBC isinya rampok semuanya tpi di SM diem diem bae , dri zaman SBY SM smpe sekrng kebijakan g pernh condong ke MC",2024-12-31 14:09:35+00:00,negatif
mindra sehat sehat yaa🥰,2024-12-31 14:09:24+00:00,netral
min kenapa malem ini rame banget yaaaa ? info nya min ndraawww🔥,2024-12-31 14:09:07+00:00,negatif
Baca caption yang kemarin bilang semuanya naik karena PPN 12% pahami dulu baru koar😏😂,2024-12-31 14:07:42+00:00,negatif
malem taun bru klo g punya pacar enaknya ngapain min?,2024-12-31 14:06:59+00:00,negatif
"minn gimana caranya naikin berat badan,gen ectomort?",2024-12-31 14:06:52+00:00,negatif
tahun baru mau ngapain nih min??,2024-12-31 14:06:46+00:00,negatif
min kalo biaya Nikah kena pajak ga ?,2024-12-31 14:06:25+00:00,negatif
rempah rempah termasuk ga min???,2024-12-31 13:52:01+00:00,negatif
Tapi barang2 toko semua naik jadi 12% dari semua vendor,2024-12-31 13:52:00+00:00,negatif
stempel piring anti lunturnya kakak🥰🥰🥰,2024-12-31 13:51:45+00:00,negatif
"min 2026 aku pengen bgt nonton konser BTS, tp tabungan masih 13 rebu ,,,mau nambahin gak ???",2024-12-31 13:51:38+00:00,negatif
min do'a in tahun depan rejeki keluarga ku melimpah ruah 🤲🤲,2024-12-31 13:51:38+00:00,positif
slip gaji jadi kena pajak nggak min?,2024-12-31 13:51:35+00:00,negatif
"pikiran kita slama ini naiknya 12% ternyata naiknya cuman 1%, berrti ada oknum pejbat politik yg sengaja membdohi kta sebagai masyarakat awam yg tdk mau masyarakatnya cerdas, terma ksi bpk prabowo🥰🥰",2024-12-31 13:51:25+00:00,negatif
"Min bahan bahan frozen food untuk seblak kok mau naik jg min,janganlah min kami gak bisa naikan harga toping seblak kami 🥹tp kami belanja mau di naikan ,udh harga kencur sama bawang putih naik min karna mau tahun baru🥺",2024-12-31 13:51:21+00:00,negatif
min kenapa bumi bulat? barangkali dijawab juga😂🗿,2024-12-31 13:51:19+00:00,negatif
min kapan gaji naik,2024-12-31 13:51:15+00:00,negatif
Min 2025 info loker min,2024-12-31 13:51:10+00:00,netral
"selamat Menyambut Tahun Baru 2025 Mindra, semangat baru harapan baru,semangat bekerja,mengabdi dgn tulus untuk negeri... salam hangat dari warga Yogyakarta🥰",2024-12-31 13:51:00+00:00,positif
Aku percaya pak Prabowo yakin.🥰,2024-12-31 13:50:40+00:00,positif
makasih min infonya☺️,2024-12-31 13:50:08+00:00,netral
min selamat tahun Baru,2024-12-31 13:50:07+00:00,positif
"coba info gadis apa janda yang mau terima apa adanya mindra🤪😄
love sekebon buat pakpres gemoy🔥🫰",2024-12-31 13:49:48+00:00,positif
biaya nikah naik juga ga min?,2024-12-31 13:49:43+00:00,negatif
Motor naik juga min ? baguslah toh gue ga pernah bayar pajak motor 😆,2024-12-31 13:49:42+00:00,negatif
SIM jadi seumur hidup min,2024-12-31 13:49:38+00:00,negatif
"Min, bener deh banyak harapan untuk bapak agar negara ini sejahtera, kek bener2 pengen stabil ini negara, dan ga tumpul ke atas runcing ke bawah (lagi)",2024-12-31 13:49:35+00:00,positif
tiket konser jangan d naek.n yah pajak y,2024-12-31 13:49:33+00:00,negatif
"Min, dapet kabar dari sales2 PBF semua obat, otc dan alkes per 1 januari dinaikin katanya karena ppn naik 😭. Masa mau sehat mahal beli obat ya. Ini udah dijelasin 12% cuma barang dan jasa yg mewah tapi udah pada mau naikin harga aja.",2024-12-31 13:49:30+00:00,negatif
min pak dateng ke nikahanku yaa 🙏,2024-12-31 13:49:26+00:00,netral
kenapa toko online sudah di kenakan 12% jadi admin onlinenya menang banyak padahal belum di resmikan tapi sudah berjalan,2024-12-31 13:49:25+00:00,negatif
"min, lagi bakar ikan nih mau ikutan ngga? 😅",2024-12-31 13:49:16+00:00,negatif
"mindra, bumil pengen coklat🥺🥺🥺",2024-12-31 13:49:14+00:00,positif
kuota gimana naik gak min,2024-12-31 13:49:11+00:00,negatif
top up game kena ppn 12% gak?,2024-12-31 13:49:09+00:00,positif
Min aku gaada yang ajak tahun baruan :),2024-12-31 13:49:08+00:00,positif
min tauu gaa?,2024-12-31 13:49:02+00:00,netral
“semuanya diam”,2024-12-31 13:41:06+00:00,positif
cuma bisa kerja kerja aja saya urusan negara ini saya serahkan ke pak prabowo walaupun saya tdk memilih bapak kemarin mandat sudah ada dj tangan bapak saya yakin semua keputusan yg bapak keluarga semuanya untuk kesejahteraan rakyat,2024-12-31 13:41:06+00:00,netral
"udahh dikasi penjelasan sepanjang itu dibaca dulu ya saudaraku sebangsa dan setanah air , jangan cuma mencela pemerintah yang baru berjalan ini okee",2024-12-31 13:40:50+00:00,negatif
min kasih kata kata untuk motivasi tahun baru,2024-12-31 13:40:41+00:00,positif
"kasih paham min,karena netizen indo ini mudah termakan berita mentah",2024-12-31 13:40:26+00:00,negatif
"min gmna yang kasus timah, tolong min sampaiin ke bapak kita harus tegas buat para koruptor",2024-12-31 13:40:25+00:00,negatif
permudahkn snbp sya min 🗿,2024-12-31 13:39:42+00:00,netral
"Min Gerindra beri aku mainan LEGO donk . LEGO tahu gak min , mainan edukasi 😁🥰",2024-12-31 13:39:41+00:00,positif
Miris gw liat komen. Coba tebak mreka rakyat yg mana 24% or 16 % ? sok merasa paling mngerti politik sistem lembaga aja gk tau. sok merasa komen2 pajak2 naik yg buat pajak naik itu pdhal awlny dari siapa cba. Kalau anda mau pindah ngara silahkan aja kalian rakyat yg cmn mmbwa wabah di indonesia!!!,2024-12-31 13:38:56+00:00,negatif
"aku screenshot deh caption admin ,soalnya pengikut instaku pada pendukung abah😩",2024-12-31 13:38:32+00:00,negatif
Min malem tahun baru masih kerja ?,2024-12-31 13:38:23+00:00,negatif
panjang umur bapak ku sayang 🩵🩵🩵,2024-12-31 13:38:07+00:00,netral
"makasih pak, ini info terbaik untul awal tahun 🥹🙏🏻💗",2024-12-31 13:38:00+00:00,positif
"sehat2 bapak .... pokoknya cm minta bapak sehat, panjang umur. aku pndukung bpak dr 2014.",2024-12-31 13:37:56+00:00,positif
aku like aja pak. gak usah d denger sampai akhir. dah percaya 100% soalnya. 🔥,2024-12-31 13:37:42+00:00,positif
Menyala bapak presidenku 😎,2024-12-31 13:36:53+00:00,positif
Min malam tahun baru kemana?,2024-12-31 13:36:50+00:00,negatif
kebab naik gak min,2024-12-31 13:36:46+00:00,negatif
baca tuh caption 🗿,2024-12-31 13:36:29+00:00,positif
Sabar min lu kena hujat anak banteng😂😂,2024-12-31 13:36:27+00:00,negatif
"terimakasih bapak Prabowo, tetap menjalankan undang-undang, tapi tidak membebani rakyat ♥️♥️",2024-12-31 13:36:02+00:00,negatif
Min Vario LED old apa LED new?,2024-12-31 13:36:01+00:00,netral
Mimin apa kabar 😊👏,2024-12-31 13:35:59+00:00,positif
Min pengen ketemu,2024-12-31 13:35:47+00:00,positif
min klo mau beli hp/laptop juga terdampak ga ?,2024-12-31 13:35:28+00:00,negatif
"min naikin harga jual gabah padi petani dong, kasian sama bandarnya di murah murahin terus🙂🙏",2024-12-31 13:35:28+00:00,negatif
"percuma min ngetik panjang panjang yang iri tetep iri , semangat ngab owo🥰",2024-12-31 13:34:29+00:00,netral
"min, malam rajab nicccc🤗",2024-12-31 13:33:31+00:00,negatif
@pik4suuu @D monggo,2024-12-31 13:33:24+00:00,negatif
sabar mindraa 🗿🙏 emang sesusah itu ngeladenin orang don 90 yang tau nya cuman nunggu hasil tapi kurang aksi,2024-12-31 13:33:20+00:00,negatif
selamat tahun baru min semoga pak presiden dan staf sehat selalu dan Indonesia makin maju di 2025😊,2024-12-31 13:21:06+00:00,positif
"merugikan negara 300T penjara 6,5 tahun, sebelum menjabat seperti singa, sudah jadi presiden jadi meong.. omon omon",2024-12-31 13:20:41+00:00,negatif
Capek bnget jadi mindra 🥹,2024-12-31 13:20:36+00:00,negatif
Semangat mindraaa🥰,2024-12-31 13:20:25+00:00,netral
ko orang2 pada hoki yah komenya di blsiin🗿,2024-12-31 13:20:10+00:00,negatif
"tolong itu yg cuman fomo² aja di baca cp nya, yg bilang pak prabowo diem aja, lah ini kan beliau sedang membantu masyarakat dengan menerapkan PPN 12% hanya untuk barang mewah.",2024-12-31 13:19:59+00:00,negatif
"anak abah udh terlanjur sakit hati iri dengki, makanya pada suka menjelek"" kan pemerintah skrang🗿🤣",2024-12-31 13:19:55+00:00,negatif
PAK TURUNKAN HARGA MOTOR FIZR AMA VELEK VND HARGA CARBON JUGA TURUNIN HARGA MOTOR ZX25 HARGA NYA DURUNUN JADI 11JT AMA HARGA SEPATU JORDAN,2024-12-31 13:19:55+00:00,negatif
💖💖💖,2024-12-31 13:19:30+00:00,positif
"min saya belum kalender 2025,adakah stok buat saya?",2024-12-31 13:19:12+00:00,negatif
Untuk paket internet kena pajak 11% kah?,2024-12-31 13:19:11+00:00,negatif
hallo min aku dari 2024,2024-12-31 13:18:39+00:00,positif
Info harga sawit per kilo d daerah kalian,2024-12-31 13:18:35+00:00,positif
"perumpamaan BBM naik otomatis semuanya bakalan naik , tpi semoga mampu membeli dan membayarnya aamiin",2024-12-31 13:18:17+00:00,negatif
kok tagihan bulanan aku udh naik min 😭 yg asal nya 506k jadi 529k,2024-12-31 13:18:16+00:00,negatif
manggang apa ini mlm mindra?,2024-12-31 13:18:13+00:00,negatif
Min mayor Teddy mana kangen🥺🥰🥰,2024-12-31 13:18:12+00:00,positif
Tahun baruan ngapain min?,2024-12-31 13:17:57+00:00,positif
"moga pak prabowo bisa lebih mensejahterakan rakyat,jgn hanya ASN dan Perusahaan saja..iya kn min @gerindra",2024-12-31 13:17:10+00:00,negatif
"CAPTION NYA DIBACA GAISS, JGN MALAS BACA!!! UDAH JELAS BGTT PLISSS",2024-12-31 13:17:07+00:00,negatif
"Min istirahat min, bakar jagung di puncak",2024-12-31 13:16:55+00:00,netral
Happy New year admin 🎉🎉,2024-12-31 13:16:42+00:00,positif
Min Pinjam 100K buat tahun baru🙏,2024-12-31 13:16:40+00:00,positif
"dengerin tuh, emg bener2 ye netizen ini😤 yg sabar ya mindraku yg sabarnya seluas samudra🤍 @gerindra",2024-12-31 13:16:39+00:00,negatif
min ganteng nggk gue,2024-12-31 13:16:37+00:00,netral
komen ah biar 1 tahun lalu🗿,2024-12-31 13:16:17+00:00,positif
"min,malam tahun baru enak ny ngapain?",2024-12-31 13:16:05+00:00,netral
Min awal tahun ini aku lahiran loh🤍,2024-12-31 13:16:01+00:00,positif
Min gk pernah libur kah?,2024-12-31 13:15:43+00:00,negatif
"info manggang"" sblm taun baru",2024-12-31 13:15:21+00:00,positif
Semoga sehat selalu Bapak ❤️❤️❤️,2024-12-31 13:08:30+00:00,positif
min minta tolong jadikan saya sebagai ketua MPR,2024-12-31 13:08:25+00:00,negatif
istirahat dulu min sambil ngopi,2024-12-31 13:07:57+00:00,netral
pak turunin harga pajero sport 😅☺️,2024-12-31 13:07:45+00:00,positif
"Semangat min, aku tau mimin kuat karena harus bisa menguasai element kehidupan hhe",2024-12-31 13:07:45+00:00,positif
sapa dong min😁,2024-12-31 13:07:29+00:00,positif
"malam ini bakar"" apa min?",2024-12-31 13:07:26+00:00,negatif
min tolong bantu untuk pedagang asongan🥺😭yg butuh modal seperti saya🙏,2024-12-31 13:07:08+00:00,positif
turunin harga velg vnd dong min🗿,2024-12-31 13:06:39+00:00,negatif
"ppn naik,nambah enak yg punya pangkat buat korupsi",2024-12-31 13:06:22+00:00,negatif
Ongkir ojol kapan naik nya min 😭,2024-12-31 13:05:44+00:00,negatif
Min malem tahun bru ngapain,2024-12-31 13:05:43+00:00,negatif
ayok min maen di rumahku kita bakar sosis😁😋,2024-12-31 13:05:40+00:00,positif
min ko lama lama dia jadi asing sih 😭😭😭knp coba min ?,2024-12-31 13:05:20+00:00,negatif
@kaiii🦋🐺,2024-12-31 13:05:14+00:00,positif
malem tahun baru bakar apa minn,2024-12-31 13:04:29+00:00,negatif
"capek jelasin ke orang"" pembenci, sekali benci mah tetap ajh selalu salah",2024-12-31 13:04:13+00:00,negatif
min ayoo nonton ndx di kemayoran?🗿,2024-12-31 13:04:02+00:00,negatif
"gak ada habisnya omon omon si owo ini, tetap Anies yang lebih cocok jadi pesinden terbalik",2024-12-31 13:03:49+00:00,negatif
min harga cabe kok murah,2024-12-31 13:03:42+00:00,netral
min gocap ada gocap min,2024-12-31 13:03:23+00:00,negatif
min nanti jam 00.00 ngumpul di facktroy yah min,2024-12-31 13:03:16+00:00,negatif
"Apapun Kebijakan yang diambil selalu lihat ke bawah, RAKYAT RI 🇲🇨",2024-12-31 13:03:10+00:00,positif
jangan lupa turun atas FAKTORY:),2024-12-31 13:03:02+00:00,positif
"min semoga pak prabowo liburin kita selama bulan puasa ya min, kaya jaman pak gusdur dlu",2024-12-31 13:02:51+00:00,negatif
min kenapa kks di berhentikan?,2024-12-31 13:02:40+00:00,negatif
"harusnya tambang di pajakin dong, cukai rokok juga😂😂",2024-12-31 13:01:55+00:00,netral
Baru Upload Min?,2024-12-31 13:01:28+00:00,netral
HI KAK BANTU REPOST JUALAN PAPA AKU YU🥺JUALAN PAPA AKU SEPI KARNA DI SANT3T LAGI.RAMEIN YU GUYS SUPAYA ABANG AKU BISA BEROBAT KE RSJ LAGII🥺🥰MAKASIH YA KAK🥰🥰🥰,2024-12-31 13:01:25+00:00,negatif
min bawang kok mahal kali,2024-12-31 13:01:23+00:00,netral
😁,2025-03-28 12:28:13+00:00,positif
maaf min saya salah emoji,2025-03-28 00:48:59+00:00,negatif
Pengadaan komputer di pemda kena pakak 12% pdhal anggaranx g seberapa.,2025-03-26 20:41:33+00:00,negatif
"💯%TNI /POLRI harus di AWASI langsung:
1. Presiden membentuk Badan Pengawas yang bisa menginfokan kepada presiden (tiap hari/waktu bisa lapor )
2. POLISI MILITER mencari bukti & saksi",2025-03-25 12:09:17+00:00,negatif
"bantu dan tolong palestina
#FREEPALESTINE🇵🇸🇵🇸
#SAVEPALESTINE🇵🇸🇵🇸
#ALLEYESONRAFAH🇵🇸",2025-03-25 11:44:45+00:00,negatif
"Baik bapak untuk kesejahteraan rakyat.
Sekarang bagaimana dengan uu perampasan aset rakyat motor/mobil bila 2thn mati pajak akan dirampas apakah tidak membebani rakyat pak 😊😊🙏",2025-03-23 10:03:14+00:00,positif
pak hentikan ruu TNI kami tidak mau terulang seperti rahun lalu dan negara ini akan punahhh kw sebagai presiden mohon dengar perkaraan rakyat,2025-03-22 11:27:44+00:00,negatif
"#TolakRUUTNI
#TolakRevisiUUTNI
#PeringatanDarurat
#IndonesiaGelap
#TolakDwifungsiABRI",2025-03-22 03:03:57+00:00,negatif
wasekjend gerindra hutang sama sy gak byr niy.. namanya Andy R Wijaya.. tolong dong min... 250 juta lho,2025-03-21 13:03:49+00:00,negatif
"Malam Min....Min maaf mau tanya kenapa ya di Desa Tedakisa, Kecamatan Aesesa, Kabupaten Nagekeo, Provinsi NTT masih belum dialiri listrik PLN, padahal jarak ke ibu kota tidak jauh?",2025-03-21 11:45:48+00:00,negatif
Cpe2 komen cek dm tpi gk pernah di respon sakit kan min @gerindra,2025-03-20 14:56:09+00:00,negatif
jd ini tuh hanya utk yg mewah².. jangan salah paham dulu ygy..,2025-03-20 00:42:40+00:00,negatif
"katanya gas elpiji 3 kg bkal murah,,wehh ternyata masih mahal + langka lagi😏",2025-03-17 07:23:16+00:00,negatif
mantap 🥰🥰🥰,2025-03-15 01:40:10+00:00,positif
👍👍👍🥰🥰🥰,2025-03-10 16:18:40+00:00,positif
"kalau anak abah
kalau abak pasukkan barisan sakit hati
barisan sakit hati mana tau dia
dia taunya sebagai
PROVOKATOR DI TIKTOK",2025-03-10 06:47:15+00:00,negatif
"udh dijelaskan kek gini, tp msh aja ada yg ngeluh pajak naik. dan gongnya lg yg ngeluh menengah kebawah, yg blm tentu 1tahun sekali naik pesawat😭",2025-03-07 23:46:08+00:00,negatif
"SILA KE-2 TIDAK BERLAKU UNTUK HONORER, BUKANKAH BEGITU TUAN/PUAN@gerindra ☺️",2025-03-07 23:23:08+00:00,negatif
apaannn semua pada naik bahan sembako naik semuaaa sayur mayur behh mahallll .... tapi upah harian tetep aja segitu ga ikut naik😩,2025-03-07 20:33:14+00:00,negatif
❤,2025-03-06 16:13:03+00:00,positif
🥰,2025-03-06 00:23:09+00:00,positif
😁,2025-03-05 17:56:26+00:00,positif
bapa presiden bantu sy buat byr kontrakan rumah sy ga prnah dapet bansos pdhl sy orang ga punya,2025-03-05 06:43:28+00:00,negatif
SKUYYY JOKI TUGAS,2025-03-04 11:47:37+00:00,netral
sekrng udh bnyk mafia tanah dan korupsi,2025-03-04 08:41:35+00:00,negatif
hancur dunia diindonesia bnyk korupsi. daerah luar negri kga ada korupsi .pak klau bnyk korupsi bkrn ada bencana alam dunia cumn sementara pak .,2025-03-04 08:41:12+00:00,negatif
"Min harga gula turunin dong, tiap tahun naek terus, 2023 awal2 masih 12.500, terus kemarin naik jadi 17.500, sekarang naik lagi jadi 18.500, saya UMKM omset gak seberapa, tapi bahan2 pada naik",2025-03-02 04:59:26+00:00,negatif
@pitry 🗣️🤳:ya allah panjangkanlah umur bapak presiden kami yaitu bapak prabowo subianto😇,2025-02-14 06:04:35+00:00,positif
"Harga emas ditekan lagi pak presiden prabowo biar daya beli masyarakat naik, sedangkan harga jual komoditas pertanian belum stabil, pendapatan dimasyarakat makin sulit.",2025-02-13 18:33:40+00:00,negatif
"info loker min, perbanyak lowongan kerja diindonesia ini banyak orang nganggur termasuk saya",2025-02-13 18:01:56+00:00,negatif
min angsuran saya nunggak ko bunganya juga ikut naik,2025-02-13 12:35:48+00:00,negatif
Pak presiden gaji DPR pangkas saja. Ganti ke gaji guru honorer pak karena guru honorer lebih pantas mendapatkan gaji naik yg sudah mencerdaskan anak bangsa dengan ikhlas,2025-02-12 18:11:33+00:00,netral
Miinnn temen2 ku dirumahkan 😭,2025-02-12 13:16:10+00:00,netral
"Semoga komen saya d baca, tolong banget inimah pemerintah bikin marketplace sendiri saja soalnya makin kesini makin gajelas peraturan marketplace. Kalopun ada keuntungan dr mp kan bisa jd masuk ke pemerintahan juga. Banyak kok orang indo yg pinter masa ga bisa bikin marketplace sndri.",2025-02-12 04:28:49+00:00,negatif
semangat min,2025-02-12 01:24:47+00:00,negatif
min kenapa sty dipecat,2025-02-11 16:48:18+00:00,netral
🌸,2025-02-11 12:59:14+00:00,positif
minnn tolong bilang pak bowo dong mahuuu mudik nih bocilnya 4 tolong turunkan harga pesawat pas romadhon yaah,2025-02-11 12:35:55+00:00,negatif
maaf mau tanya buruh yg umr emang kena pph 21 gak sie...mana umr w blm naik 2025😭😭,2025-02-11 10:44:56+00:00,negatif
min pengen diberi hadiah sih,2025-02-11 07:44:41+00:00,negatif
bubur ikan lele dia dan aku beda dimensi le aku harus apa min?😭,2025-02-11 07:18:19+00:00,negatif
tolong aq min,2025-02-10 14:10:32+00:00,negatif
min puasa jadi libur sebulan gk min,2025-02-10 13:26:20+00:00,negatif
"kawal smpe tuntas Harvey jgn smpe bebas cepat , bnyak pengalihan berita biar masyarakat lupa koruptor 271 T 🥺 takutnya tau2 lepas dari pemberitaan,& di bebaskan",2025-02-10 11:08:16+00:00,negatif
"Assalamualaikum MINDRA
IZIN MELAPORKAN .. MASALAH GAS LPG 3 KG KHUSUSNYA DI KOTA PADANGSIDIMPUAN SUMATERA UTARA MENCAPAI 25 RIBU SAMPAI 35 RIBU..MOHON DI TINDAK MINDRA TERIMA KASIH ...",2025-02-09 09:17:09+00:00,negatif
jangan salahkan kami klo kami yg di rumahkan jadi begal dan pencuri dimana2 pak karna kami honorer mau di rumahkan.pengangguran dimana2.,2025-02-08 17:23:47+00:00,negatif
@Rehan Sah:mangkin kesini presidennya mangkin bahaya kah cari makan aja di pindahkan ke Nusa Kembang yg korupsi Masi bisa santai goyang2 kaku,2025-02-08 14:05:35+00:00,negatif
ganti rakyat min udah like,2025-02-08 10:41:41+00:00,positif
😇,2025-02-08 06:14:26+00:00,positif
Tips Ganteng Pake Motor Apa Pak?,2025-02-06 14:17:11+00:00,positif
😁,2025-02-06 05:52:58+00:00,positif
😁,2025-02-02 17:56:30+00:00,positif
@gerinda ..tolong cek dana pip untuk sekolah SMP/Mts daerah Jombang Jawa Timur pak🙏,2025-02-02 14:12:31+00:00,negatif
"listrik dari januari kemaren ngisi 50 dapat 70rb 😁 ,Terimakasih diskonnya alhamdulilah, masalahnya anakku banyak barang pribadi, mobil mewah ,pesawat,kereta api,punya kebon dinasourus lagi 😭😭😭 gmna takut kena sidak aq",2025-02-02 14:04:34+00:00,negatif
"dibantu tabur garam di awan Semarang min, guna mengurangi intensitas hujan dan banjir. Sebelumnya banyak berita BNPB tabur garam di awan, dibantu lagi kegiatan tsb di bulan ini min",2025-02-02 12:43:48+00:00,positif
awas pak serangan balek gibran....penjarakan Mulyono...,2025-02-02 08:46:27+00:00,netral
pak ilangin razia rambut dari sekolah,2025-02-02 05:44:05+00:00,negatif
"@fauzun216:Min tolong hilang kan ukur tinggi badan untuk tes PNS ijazah SMA,krna yang kurang tinggi pendidikan & kurang tinggi badan yg pgen jadi PNS ngak bisa daftar @gerindra",2025-02-01 16:57:58+00:00,negatif
assalamualaikum admin..gas 3 kg gimana ini..,2025-02-01 14:19:45+00:00,negatif
tolong pak firalkan bu carinah yang rumahnya sekarang di gusur dan gk punya apa apa sekarang,2025-02-01 13:16:45+00:00,positif
min knp gaji militer naik yg asn lain di potong😭,2025-02-01 12:41:42+00:00,negatif
pak hilangin razia rambut dari sekolah,2025-02-01 10:35:45+00:00,negatif
"Mauu ceritaa dikitt nih minn, saya habiss perpanjang kontrak kerjaa untuk 1 th kedepaan, dan perjanjian kalo februari ini naik gaji sesuai keputusan presiden, eh samaa pabriknya malah dibuat sistem borongaann😭",2025-02-01 05:40:49+00:00,negatif
🥰,2025-02-01 02:40:21+00:00,positif
ngaco ngaco,2025-01-31 21:36:08+00:00,negatif
"menye menye ,ga ada perubahan sedikitpun",2025-01-31 21:29:37+00:00,netral
min katanya gaji guru di naikin kok ga ada kebanyakan janji manisny tapi ga ada buktiny😏,2025-01-31 11:48:55+00:00,netral
plis libur sebulan,2025-01-31 10:16:15+00:00,netral
pak tolong donasi buat anak yg viral dinias,2025-01-31 07:53:37+00:00,negatif
Min 🥺 shopee paylaterku di bbol orang🥹🥹🥹apa benar bisa pemutihan hutang piutang pak prabowo,2025-01-31 03:00:12+00:00,negatif
"yg naik ppn, susu anak juga ikut naik😌",2025-01-31 01:42:24+00:00,positif
Min foto ijazah sekolah negeri emang membayar ya?,2025-01-31 00:10:42+00:00,negatif
Min bgus mana motor staylo atau vario gen 2,2025-01-30 17:25:02+00:00,negatif
min kok wacana saja.. perangkat jadi PNS.. jalur tes oke lah. kalau gak ya minimal siltap perbulan lah min,2025-01-30 17:23:21+00:00,negatif
"Pak tolong bantu daerah Napasundali pak..
Belum ada akses jalan yang baik dari dahulu...
Juga akses jaringan.
Listrik baru masuk di tahun 2020 setelah periode Jokowi",2025-01-30 15:42:33+00:00,positif
"""hanya intansi dinas sosial maling korupsi di INTANSI dinas sosial yang kebal hukum jabatan naik jadi maling di kab Kutai timur""..",2025-01-30 15:07:34+00:00,negatif
pakk tolong pasang giant sea wall,2025-01-30 12:29:10+00:00,negatif
"Min mau minta tolong sudah 2 bulan gaji kami parah interpreter di PT Mega translation (vendor nya KCIC) belum di bayarkan
Selamat sore. Saya minta izin menginfokan karena berdasarkan pertemuan terakhir, pihak MSN ingin menginformasikan pahit&manis nya mengenai pembayaran gaji kepada interpreter.
Untuk saat ini sepertinya kami blm bisa untuk menurunkan cicilan gaji desember 2024 maupun gaji januari 2025.
Mohon maaf atas ketidaknyamanannya, semoga bisa diterima dengan baik oleh interpreter lain karena kami sudah terus mengupayakan kepada pihak KCIC mengenai pembayaran ini.
Dan jika sudah ada pembayaran dari pihak KCIC, maka akan langsung dibayarkan kepada para interpreter. Namun saya tidak bisa memastikan kapan waktu pencairan gajinya🙏🏻
Saya memiliki bukti bukti Nya, tapi para Kedua pihak outsourcing dan KCIC mengabaikan semuanya",2025-01-30 11:49:05+00:00,negatif
"kalo masih begini aturan nya, masyarakat jdi malas buat bayar pajak",2025-01-27 12:52:20+00:00,negatif
"saya heran sama orang2 yg bikin aturan perpajakan ini,bukan nya mempermudah masyarakat malah mempersulit,padahal mau bayar pajak,bukan mau minta jatah pajak ke negara",2025-01-27 12:51:26+00:00,negatif
♥️,2025-01-27 11:20:19+00:00,positif
makan gratis lauknya batu,2025-01-27 10:13:36+00:00,positif
ambil alih ojol jadi mitra bumn . potongan nya kami ikhlas buat membantu program makan bergizi . dari pada di tindas oligarki . dnger nih min woi,2025-01-27 08:45:02+00:00,negatif
siltap Perangkat Desa kapan naik pak?,2025-01-27 08:08:17+00:00,negatif
min kenapa Mimin itu juga mimin,2025-01-27 06:49:52+00:00,positif
pakk turun kan harga skintifik lahh😭😭🙏🏻,2025-01-27 04:25:17+00:00,netral
Pak top up in ff saya pak,2025-01-27 03:14:41+00:00,positif
eh boleh sapa gk😭😂,2025-01-27 02:18:15+00:00,netral
pak makangerati di lombok kapan,2025-01-27 01:27:47+00:00,negatif
Tapi cargo naik,2025-01-26 23:19:03+00:00,netral
😅,2025-01-26 15:03:25+00:00,positif
min mbg di wilayah ku kok blom ada yg dapet ya min 😁 ini hampir akhir bulan Lo 😁,2025-01-26 10:48:01+00:00,negatif
"Hallo assalamualaikum min🙏
Maaf saya mengganggu waktunya
Semoga pesan saya di baca dan tersampaikan kepada yg terhormat pak prabowo🙏🙏
Min saya tinggal di desa pelosok di provinsi sumatra selatan,,salah satu keluarga saya di ajak kerja sama untuk program makan gratis sebagai tukang masak,dengan iming² gaji yang besar,,tapi yang mengganjal keluarga saya atau kakak saya di suruh membayar dulu sebesar 7 juta lebih katanya uang tersebut untuk biaya transportasi jika di adakan perkumpulan dengan pemerintah,dan kemungkinan malam ini mereka datang dan katanya mau menjelaskan program tersebut,mohon min kami hanya rakyat kecil 🙏🙏
Terimakasih semoga pesan saya di baca dan tersampaikan oleh pak prabowo",2025-01-26 09:02:10+00:00,negatif
minn kalau kita suka trs diya nya gk suka giman min?,2025-01-26 08:32:54+00:00,negatif
"min, kira2 mau bikin proposal bangunan baru untuk TK yg bisa cepat masuk ada gak ya min, kami muridnya banyak, bangunan cuma 1, dibagi 2 rombel, kami TK di Gambut, Bantu Hirang, Kab. Banjar, kalsel",2025-01-26 03:21:28+00:00,negatif
kami sebagai petani garam mohon di fikirkan untuk harga garam,2025-01-25 23:28:39+00:00,netral
"@call me rahmat:min kami minta pertolongan nya tanah kakak kami @sarmaintan digarap sama mafia tanah, tepatnya di Rokan hilir dibangkopusako😭😭😭😭😭😭😭😭😭😭",2025-01-25 15:45:31+00:00,negatif
pak tolong buatkan sumur bor dikampung saya,2025-01-25 12:44:08+00:00,positif
"ass,wr,wb..sehat sllu panjang umur pak presiden ku Prabowo Subianto salam dari Sumedang 🙏🙏",2025-01-25 10:47:39+00:00,negatif
pak libur kan semua murid murid di indonesia yang ingin beribadah tenang tanpa merasakan pikiran di sekolah😔😔,2025-01-25 10:23:38+00:00,positif
Alhamdullilah gerinda libur 1 bulan yes,2025-01-25 10:15:07+00:00,negatif
😁,2025-01-23 05:39:55+00:00,positif
🥰,2025-01-23 05:30:10+00:00,positif
MIN TOLONG LAH INI CORETAX MAU BUAT FAKTUR PAJAK EROR TERUS DAN LOADING JELEK BGT CAPEK BGT AKU EMOSI TIAP HARI AKU 😭😭,2025-01-23 05:09:04+00:00,positif
🥵,2025-01-23 05:08:23+00:00,positif
min turunin harga rx king peredam min,2025-01-23 04:56:58+00:00,positif
cuman pengen di sapa semoga di baca oleh ahli surga amin ya awloh,2025-01-23 04:41:16+00:00,negatif
Dulur dulur mau tanya? sekolah an smpn 3 Tanjunganom nganjuk jawa timur minta sumbangan per murid 400 buat bangun paving jalan apakah wajar?🙏🙏🙏,2025-01-23 04:15:12+00:00,negatif
pak saya suka sama salah satu rakyatmu,2025-01-23 04:01:16+00:00,positif
🥰🥰🥰,2025-01-23 03:50:01+00:00,positif
😁,2025-01-23 03:26:08+00:00,positif
"@Mommyof2RnJ: min tolong min, daerah teman saya , di ansang darit, kalimantan barat ,banjir , sampai atap rumah , ini termasuk banjir terbesar yg pernah ada d desa darit , sampai skrg tidak ad evakuasi dan bantuan dr pemerintah setempat , biasanya pun bantuannya sebulan baru ada",2025-01-23 02:52:08+00:00,negatif
min jdi lbr g min,2025-01-23 00:20:41+00:00,netral
mindra minta tolong jalanan d Jombang d perbaiki 😭😭😭,2025-01-22 23:44:15+00:00,netral
min belum dapat makan siang gratis min sekolah mi mataul Anwar ilhami mauk Tanggerang Banten,2025-01-22 23:27:13+00:00,negatif
💋,2025-01-22 20:43:01+00:00,positif
😳,2025-01-22 17:31:52+00:00,positif
min kok makan gratis nya blm sampai,2025-01-22 16:43:11+00:00,positif
pagar laut min.,2025-01-22 16:31:02+00:00,negatif
min bulan puasa libur apa enggaakk minnn,2025-01-22 16:30:29+00:00,negatif
"Jika makan siang gratis sudah berjalan. saya harap untuk papua pedalaman yang di dahulukan. itu saja harapan saya untuk pak prabowo, harab di bls pak, walaupun sklh yg lain kelihatan tidak bagus, tapi di mata orng Papua itu sklh yg sangat bagus 😳",2025-01-22 15:50:12+00:00,netral
"tolong pinjol ilegal seperti ""amancepat"" diberantas pak. sangat meresahkan dalam hal pengancaman dan intimidasi",2025-01-22 15:48:25+00:00,negatif
🥰🥰🥰,2025-01-22 15:33:55+00:00,positif
😇,2025-01-22 15:24:57+00:00,positif
min tolong benerin wasit fc mobile,2025-01-22 15:00:33+00:00,netral
271T gimana kabarnya min,2025-01-22 14:49:33+00:00,netral
Piye kabare KARTIKA BARA dengan KPRI KANKEMENAG KAB. BANJARNEGARA saiki?,2025-01-22 13:58:51+00:00,negatif
"min, dagangan seblak sama nasi uduk aku sepi. di karena kn aku ngurusin ibu mertua yg sakit dn sudh sepuh. 😔",2025-01-22 13:33:55+00:00,negatif
yang penting kami rakyat kecil yg ada di perkampungan pecicilan di pegunungan @gerindra susah sandang pangan susah cari kerja jangan mahal sandang pangan yg sehari² di butuhkan itu aja min🙏🏻🥺,2025-01-21 23:39:21+00:00,positif
😭,2025-01-21 23:22:03+00:00,positif
😁,2025-01-21 23:22:00+00:00,positif
🤲,2025-01-21 23:21:19+00:00,positif
😅,2025-01-21 23:06:10+00:00,positif
😁,2025-01-21 22:15:51+00:00,positif
🥰,2025-01-21 21:12:03+00:00,positif
"tolong Spil link judol yg sudah di blok sejak pemerintahan bpk Prabowo, biar sy buka saat ini juga, beneran kena blok atau berita selama ini hanya HOAX saja🙏🙏🙏",2025-01-21 18:58:24+00:00,negatif
😅,2025-01-21 16:51:48+00:00,positif
min pilih alya atau mahiru ?,2025-01-21 15:53:57+00:00,negatif
"tolong di selidiki min. ds sumberpoh, kec maron, kab Probolinggo, jawa timur. ini mati lampu terus, dari jam 2 tadi mati lampu, sampai sekarang gk hidup""",2025-01-21 15:48:57+00:00,negatif
"min, knp judi online ga bisa diberantas? apakah polisi tidak mampu ya min?",2025-01-21 15:08:35+00:00,negatif
😳,2025-01-21 15:02:32+00:00,positif
😭,2025-01-21 14:51:51+00:00,positif
😔,2025-01-21 14:28:28+00:00,positif
"min minta tolong saya untuk madura kab bangkalan kec tanah merah desa jangkar akses dari marjumi ke utara terus gak ada perbaikan dan untuk kepala desa jangkar yg gak pernah ganti calon saya mau buat surat"" dipersulit dan lelet lama nunggunya dan banyak juga korupnya min tolong di selesaikan biar semua nya lancar🙏🙏",2025-01-21 14:22:59+00:00,negatif
WOIIIIIII KENAPA GA JADI LIBUR 45 HARIIIIIIIIII,2025-01-21 14:08:49+00:00,negatif
😅,2025-01-21 14:01:49+00:00,positif
min libur puasanya sudah resmi apa belom nih min??,2025-01-21 13:53:26+00:00,negatif
min mau sepeda min,2025-01-21 13:20:15+00:00,negatif
😳,2025-01-21 13:17:56+00:00,positif
😳,2025-01-21 12:56:44+00:00,positif
hobi yang paling seru adalah?,2025-01-21 12:42:58+00:00,negatif
😁,2025-01-21 12:35:39+00:00,positif
pakkkkkk tolong bantu saya kena scam sudh bnyk korban,2025-01-20 22:43:44+00:00,negatif
pak tolong ganti harga motor jadi murah,2025-01-20 22:15:54+00:00,netral
🥰,2025-01-20 20:15:55+00:00,positif
min tolong cek desa saya pada gak bner nih,2025-01-20 18:33:18+00:00,negatif
😭,2025-01-20 17:55:17+00:00,positif
MENTERI DIKTI SAINTEK TOLONG DI PECAT/ RESUFLE,2025-01-20 17:50:51+00:00,negatif
min tukeran akun boleh 😊,2025-01-20 16:45:28+00:00,netral
@dwiii or uwii: min cara lapor gimana yah😭🙏🏻,2025-01-20 16:39:42+00:00,negatif
🥰,2025-01-20 16:33:44+00:00,positif
kenapa rokok naik terus 😂,2025-01-20 15:31:14+00:00,negatif
PERMATA8** TOLONG DI TANGKAP OWNERNYA MIN,2025-01-20 15:25:28+00:00,negatif
PAK MAIN ML APA EPEP BAGUS MYA,2025-01-20 15:19:15+00:00,netral
😁,2025-01-20 15:15:56+00:00,positif
min aku pengen dia ngejar balik,2025-01-20 15:05:19+00:00,negatif
🙏,2025-01-20 15:01:21+00:00,positif
min tolong hilangkan razia rambut,2025-01-20 14:55:04+00:00,negatif
"MIN turunnin persib dong dari pucuk, soal nya gak turun turun 😆.....",2025-01-20 14:42:14+00:00,negatif
pak/bu yg terhormat pkh saya sudah 3 th ga cair2..saya sudah lapor ke pendamping kata.y double data apakah bisa d aktifkan lga?dan sekarang bpjs pbijk saya di nonaktifkan..pak/bu saya punya anak balita dan SMP..mohon bantuan nya terimakasih @gerindra,2025-01-20 14:42:07+00:00,negatif
🥰,2025-01-20 14:36:41+00:00,positif
😁,2025-01-20 14:33:45+00:00,positif
min 2025 puasa libur ya min,2025-01-20 14:23:59+00:00,negatif
min turunkan DP rumah,2025-01-20 14:21:07+00:00,negatif
min sehat min,2025-01-20 14:15:13+00:00,positif
pak turunin harga sembako deerah kalimantan selatan😭,2025-01-20 14:15:04+00:00,netral
liburrrrrrr🥹,2025-01-20 14:14:36+00:00,positif
persija GK min,2025-01-20 14:03:41+00:00,netral
jadi libur gak bulan puasa,2025-01-20 13:58:03+00:00,negatif
mana sekarang sekolah gak ada zonasi lagi kalo prestasi gw gak nyampe ke sekolah bagus gimanaaa 😭😭 rumah gw jauhhhhh 😥😥😥,2025-01-20 13:55:26+00:00,netral
pak Wowo liburin songggss🗿😭😭😭 plisss😑,2025-01-20 13:54:58+00:00,positif
🙏,2025-01-20 13:51:07+00:00,positif
jangan hapus honorer,2025-01-20 08:17:54+00:00,positif
😂,2025-01-20 08:13:03+00:00,positif
kpencet ya allah😭,2025-01-20 07:56:44+00:00,positif
min puasa ga jadi libur yaa,2025-01-20 07:28:05+00:00,negatif
"liburr dong pakk, cape gw liat orang pada godin di sekolaan, ada juga yg bolos",2025-01-20 07:12:31+00:00,negatif
😳,2025-01-20 06:47:56+00:00,positif
@Fanzz💥:sini kumpul yg belum dapet makan gratis 👇,2025-01-20 06:41:08+00:00,positif
🗿,2025-01-20 06:35:04+00:00,positif
minn kalo kake jeuz di dunia nyata ada ga yaa biar enak minta kaliannya😁,2025-01-20 06:20:16+00:00,netral
😭,2025-01-20 06:02:59+00:00,positif
😌,2025-01-20 06:00:35+00:00,positif
😹,2025-01-20 05:54:17+00:00,positif
naikin harga beras 😇,2025-01-20 05:50:15+00:00,negatif
pa gimana cara dia kembali lgi🥰🥰,2025-01-20 05:45:45+00:00,negatif
min bisa gak bikin bulan romadan libur sekolah??,2025-01-20 05:43:40+00:00,negatif
kenapa sekarang warung lalapan mau di kenakan pajak min?,2025-01-20 05:38:05+00:00,negatif
min turunin harga roko esse,2025-01-20 05:34:02+00:00,negatif
ppn naik tapi honorer hanya paruh waktu??? ini bener min?,2025-01-20 05:33:43+00:00,negatif
min. bantu saya balikan sama pacar saya min,2025-01-20 05:23:14+00:00,negatif
🥰,2025-01-20 05:18:32+00:00,positif
😁,2025-01-20 05:18:32+00:00,positif
😭,2025-01-20 04:25:41+00:00,positif
Pa trima ksih ramadan libur 45 hari sampai lebaran klo ga libur ank ank sd kasian harus lemes dlm keadaan puasa otak harus mikir dlu saya kecil jaman pa presiden suharto sama libur jg,2025-01-20 03:41:25+00:00,negatif
😁,2025-01-20 03:39:53+00:00,positif
🥰,2025-01-20 03:38:02+00:00,positif
😭,2025-01-20 03:26:00+00:00,positif
pak saya kena tipu investasi lactalis runch. tolong kami pak,2025-01-20 03:24:42+00:00,netral
🥰,2025-01-20 03:14:59+00:00,positif
😔,2025-01-20 03:05:25+00:00,positif
makan gratis mana,2025-01-20 02:55:25+00:00,positif
min puasa libur kagak😁,2025-01-19 12:28:22+00:00,positif
min bulan puasa libur ga sih,2025-01-19 12:11:12+00:00,negatif
😭,2025-01-19 12:09:41+00:00,positif
pakkk jadii gakkk liburr 45 harii,2025-01-19 12:04:33+00:00,negatif
😁,2025-01-19 11:52:15+00:00,positif
😭,2025-01-19 11:49:26+00:00,positif
😁,2025-01-19 11:49:07+00:00,positif
"gimana ini min, dengan kenaikan pajak 12% kog semua kebutuhan pokok rakyat kecil ikut naik semua? tolong kasih solusi buat rakyat kecil",2025-01-19 11:48:31+00:00,negatif
🥰,2025-01-19 11:31:49+00:00,positif
😭,2025-01-19 11:31:20+00:00,positif
😞,2025-01-19 11:30:55+00:00,positif
pak makan gratis nya kapan pakk,2025-01-19 11:30:33+00:00,positif
😁,2025-01-19 11:25:29+00:00,positif
😁,2025-01-19 11:16:50+00:00,positif
🥰,2025-01-19 11:16:50+00:00,positif
puasa libur kgk min??,2025-01-19 11:14:00+00:00,negatif
🥰,2025-01-19 11:09:04+00:00,positif
😳,2025-01-19 11:08:24+00:00,positif
🥰,2025-01-19 11:03:36+00:00,positif
♥,2025-01-19 11:01:12+00:00,positif
min tau gk motor impian ku dari huruf k,2025-01-19 10:58:08+00:00,negatif
pak anak ganteng main apa,2025-01-19 10:56:34+00:00,netral
🥰,2025-01-19 10:56:12+00:00,positif
😳,2025-01-19 10:51:48+00:00,positif
pa makan siang disekolah udah gratis tapi kapan makan gratis ayam nya🙏☺️😁,2025-01-19 10:42:20+00:00,negatif
pa libur ya jadi ga pa,2025-01-19 10:40:29+00:00,negatif
min bulan puasa libur aja,2025-01-19 10:35:59+00:00,negatif
🥰,2025-01-19 10:35:09+00:00,positif
😘,2025-01-19 10:30:05+00:00,positif
🥰,2025-01-19 10:27:45+00:00,positif
🥰,2025-01-19 05:40:29+00:00,positif
pak tolong liburkan sekolah di bulan puasa🙏🙏,2025-01-19 05:33:37+00:00,positif
😁,2025-01-19 05:16:42+00:00,positif
🥰,2025-01-19 05:14:52+00:00,positif
😳,2025-01-19 05:14:38+00:00,positif
😍,2025-01-19 05:14:09+00:00,positif
🥺,2025-01-19 05:10:21+00:00,positif
"Maaf tidak sependapat dengan tulisan yang ada di sini , dikatakan ikan tidak di pajak , tapi di PNbp",2025-01-19 05:09:21+00:00,negatif
🥰,2025-01-19 05:01:02+00:00,positif
🤩,2025-01-19 04:54:12+00:00,positif
😁,2025-01-19 04:52:55+00:00,positif
😳,2025-01-19 04:52:33+00:00,positif
😁,2025-01-19 04:49:01+00:00,positif
😞,2025-01-19 04:41:59+00:00,positif
😁,2025-01-19 04:41:37+00:00,positif
🥰,2025-01-19 04:29:56+00:00,positif
😫,2025-01-19 04:28:40+00:00,positif
min jadi libur gk bulan puasa?,2025-01-19 04:27:22+00:00,negatif
❤,2025-01-19 04:25:59+00:00,positif
pakk di kalimantan gk ada di kapuas gk ada makanan bergiji gk pak tolong pak,2025-01-19 04:23:43+00:00,negatif
😁,2025-01-19 04:20:20+00:00,positif
🥰,2025-01-19 04:19:56+00:00,positif
"pak maaf melenceng, kampung saya tanjung balai karimun kep riau, banyak sampah tepi jalan pak saya lihat beberapa hr tampa ada ngangkut🙏🙏
blh kah Bpk menegur pemerintah setempat dsni",2025-01-19 04:18:35+00:00,negatif
bener gk min bulan puasa libur 1 bulan??,2025-01-19 04:12:35+00:00,negatif
pa jadi libur 1 bulan,2025-01-19 03:57:13+00:00,negatif
🥰,2025-01-19 03:54:42+00:00,positif
"min banyak kan lagi tembaganya min,dan naikin lagi harga nya",2025-01-19 03:50:52+00:00,negatif
♥,2025-01-19 03:44:46+00:00,positif
🤤,2025-01-19 03:43:22+00:00,positif
😳,2025-01-19 03:39:19+00:00,positif
🥰,2025-01-18 23:03:53+00:00,positif
kalian harus lihat vt terbaru gua,2025-01-18 22:54:15+00:00,positif
😁,2025-01-18 22:40:04+00:00,positif
"PABRIK RAKSASA YG JUAL LANGSUNG KE CUSTOMER SEMESTINYA PERLU DIKASIH PERATURAN..JANGAN PPN SAJA
BISA MATI DISTRIBUTOR..SUPLAYER..AGEN DAN TOKO KELONTONG.
CONTOH WINGS OFFICIAL..UNILEVER OFFICIAL..DLL",2025-01-18 22:31:25+00:00,negatif
😁,2025-01-18 22:28:57+00:00,positif
😔,2025-01-18 22:28:55+00:00,positif
🥰,2025-01-18 22:27:26+00:00,positif
Min turunkan harga paketan Uma racing🥰,2025-01-18 22:23:07+00:00,positif
😭,2025-01-18 22:16:07+00:00,positif
😁,2025-01-18 21:50:55+00:00,positif
😢,2025-01-18 21:33:04+00:00,positif
😔,2025-01-18 20:10:19+00:00,positif
😭,2025-01-18 20:04:04+00:00,positif
😁,2025-01-18 19:39:09+00:00,positif
😁,2025-01-18 19:06:10+00:00,positif
🤲,2025-01-18 19:03:55+00:00,positif
😁,2025-01-18 18:58:01+00:00,positif
"Pak tolong bantu selamatkan suami saya dan kawan2 nya sekitar puluhan orang yg sekarang terlantar di Kamboja, karena ingin di buang dari company scam, dan gajipun tidak di bayar, gak tau sekarang mereka bisa tdur nyenyak apa bisa makan di sana tolong bantu pak, ini nomor suami saya masih bisa di hubungi untuk saat ini, tapi gak tau kalo nanti +62 812-6709-3311 🥹🥹🥹🙏🙏🙏🙏",2025-01-18 18:54:47+00:00,negatif
minn top upinn epep min id=10312664984,2025-01-18 18:39:10+00:00,positif
😁,2025-01-18 18:18:36+00:00,positif
Fiz r termasuk barang mewah kah minra,2025-01-18 18:02:56+00:00,positif
🤩,2025-01-18 17:34:35+00:00,positif
min belom dapat makan gratis nih☺️,2025-01-18 17:29:13+00:00,positif
"kasih ku 300 terliun jika tidak di miskin kan dan hukumnya cuma 6,5 tahun",2025-01-18 17:29:00+00:00,negatif
😁,2025-01-18 17:18:45+00:00,positif
❤,2025-01-18 17:06:51+00:00,positif
😭,2025-01-18 17:06:18+00:00,positif
Min liburkan kami 1 bulan penuh atau kami mogok sekolah se indonesia 😈😏,2025-01-18 17:00:55+00:00,negatif
🥺,2025-01-18 16:55:41+00:00,positif
😁,2025-01-18 16:22:37+00:00,positif
min lebih keren mana motor crf sama beat?,2025-01-18 10:56:25+00:00,negatif
mimin tolong buat pemerintah cover lasik pake bpjs😭😭😭 yg bermata minus di indo udah buanyak & pengen lihat normal lagi🙃🙃🙃🙃,2025-01-18 10:51:34+00:00,negatif
min..aku di jdi in plampiasan sma diaa..tpi aku jdi in dia pacar ke dua ku..gpp kan minn?,2025-01-18 10:47:35+00:00,negatif
"min, jadilah libur 1 bulan full, ya ya ya yah plis 🤗🤗",2025-01-18 10:32:11+00:00,negatif
di sekolahan Rafatar ada makanan ber gizi gratis gak,2025-01-18 10:31:06+00:00,positif
min turunin harga nmax new,2025-01-18 10:26:49+00:00,positif
min ilangin matematika dong bikin pusing,2025-01-18 10:26:48+00:00,negatif
🥰,2025-01-18 10:15:46+00:00,positif
😁,2025-01-18 09:36:50+00:00,positif
"ini admin ramah banget,, orang toxic di ladenin.. pake ramah lagi 🔁",2025-01-18 09:36:40+00:00,negatif
☹️,2025-01-18 09:21:31+00:00,positif
😁,2025-01-18 09:17:56+00:00,positif
🥰,2025-01-18 09:14:41+00:00,positif
min tolong wancana woterboom seindah mungkin di Kalimantan timur,2025-01-18 09:09:30+00:00,negatif
🥰🥰🥰,2025-01-18 09:08:21+00:00,positif
min musna kn narkoba saya benci sama bapak saya makai terus,2025-01-18 09:05:58+00:00,negatif
"min di sekolah ku belum kebagian makan gratisnya, baru kebagian senam sehat nya😭🙏",2025-01-18 08:57:15+00:00,positif
"pak prabowo,kami belum dapat pak🥺",2025-01-18 08:48:53+00:00,netral
gajadi liburrrr niiiii 😞,2025-01-18 08:38:42+00:00,negatif
liburin aja sekolah dari pada mokel di sekolah,2025-01-18 08:24:28+00:00,positif
pak Prabowo tolong sekali jangan coret Rafael straick dari pemain bola timnas U-23 dia banyak yng dukung timnas semoga di baca amin🤲🤲🫶,2025-01-18 07:40:51+00:00,negatif
@b aja:ramadhan kasih libur cok,2025-01-18 07:40:40+00:00,netral
🙃,2025-01-18 06:59:36+00:00,positif
🥰,2025-01-18 06:56:44+00:00,positif
harga tiket pesawat jadi turun gak min ..?,2025-01-18 06:46:49+00:00,negatif
jadi libur 45 hari gak minnn,2025-01-18 06:24:44+00:00,negatif
min emng bener gak ada libur untuk anak sekolah selama 45 hari🙏,2025-01-18 05:56:24+00:00,negatif
😁,2025-01-18 05:33:24+00:00,positif
min minta tolong liat dm saya penting jika berkenan🙏,2025-01-18 05:32:03+00:00,netral
jadi libur GK min puasa,2025-01-18 04:55:00+00:00,negatif
aku lagi menunggu makan gratis🗿😁,2025-01-17 08:49:21+00:00,negatif
😭,2025-01-17 08:46:59+00:00,positif
"@Angers Red ID7:pak prabowo, daerah saya kota banjarnegara belum dapet makan gratis. @partaigerindra",2025-01-17 08:41:11+00:00,negatif
"blokir semua pinjol pak, maupun legal/ilegal",2025-01-17 08:30:51+00:00,negatif
🥰,2025-01-17 08:27:28+00:00,positif
"uda bahan pokok naik , bpjs aturannya gak jelas ,trus rakyat kecil gmna .. tolong bpjsnya di benerin ..kalau emamg kayak giti peraturannya .. masyarakat jangan di wajibkan ikut bpjs",2025-01-17 07:44:01+00:00,negatif
🗿,2025-01-17 07:41:26+00:00,positif
🥰,2025-01-17 07:29:09+00:00,positif
"harga wifi, kuota dan pulsa naik minn, itu bukan barang mewahhh😭😭😭😭",2025-01-17 07:21:37+00:00,negatif
Aku mau Tanya kenapa Siswa harus Senam setiap hari??????????????,2025-01-17 07:05:15+00:00,negatif
🥰,2025-01-17 06:49:49+00:00,positif
🥰,2025-01-17 06:28:21+00:00,positif
"pak prabowo tolong buatkan aplikasi taxol yg murah potongan
taxol sekarang potongan terlalu besar
terima kasih",2025-01-17 06:22:35+00:00,negatif
😃,2025-01-17 06:21:41+00:00,positif
😅,2025-01-17 06:21:09+00:00,positif
":admin gerinda mau nanya nih di Ambon kapan yah tepatnya di Tial di SMP 27 malteng, ditungg blsannya",2025-01-17 06:19:20+00:00,negatif
🥰,2025-01-17 06:06:25+00:00,positif
😁,2025-01-17 05:57:28+00:00,positif
pak turunin harga motor vario,2025-01-17 05:51:06+00:00,netral
"batalin aja min program makan siang gratis, terlalu banyak makan anggaran",2025-01-17 05:17:58+00:00,negatif
di sapa gua beli helikopter 🗿,2025-01-17 05:11:17+00:00,positif
"minnn kenapa sekarang s1 farmasi ngk bisa baut str harus nyambung apoker kn ngk semua sanggu biaya nya lanjut ke apoteker, kalau kami ngk ada str ngk bisa laa carik kerja",2025-01-17 05:01:47+00:00,negatif
😹,2025-01-17 04:19:47+00:00,positif
"min tong dong bilangin jalan di Lampung Tengah seputih Mataram suruh benerin, gara gara jalan rusak cewek gw gak mau di bonceng pakek beat, malah ngajak mancing😔",2025-01-17 04:11:37+00:00,negatif
pak belum dapat makan gratis ni kalteng,2025-01-17 03:59:35+00:00,negatif
min turunin harga pulau,2025-01-17 03:50:48+00:00,positif
🥰,2025-01-17 03:43:42+00:00,positif
😍😍😍,2025-01-17 03:42:01+00:00,positif
min jalan Kota Brebes dari sekian abad kok masih amburadul yaa,2025-01-17 03:38:29+00:00,positif
pak Prabowo tolong kmi pak kmi sedang kesulitan mau masuk rumah sakit gawat darurat TPI BPJS kmi sulit aktip pak tolonglah😥😪,2025-01-16 06:59:00+00:00,negatif
😃,2025-01-16 06:50:01+00:00,positif
"@@surianie:hari ini saya bikin SIM c 380 ribu 😭😭😭😭😭😭😭 knpa harganya beda2 😭, sepupu saya 335 ribu kok di aku mahal 😭kota ku Bulukumba heran saja gitu beda2 harganya",2025-01-16 06:43:12+00:00,negatif
min cewe michat naik juga harganya min... gimana nih yang biasa 5.000 dapat 3 sekarang cuma 1 min,2025-01-16 06:17:40+00:00,negatif
😁,2025-01-16 06:14:50+00:00,positif
"untuk yang non data base kemudian terlanjur mengikuti CPNS sampai SKD, mari ikut gabung ke Grup, kita perjuangkan Nasib kita.
https://t.me/+c2nFtUTu-aYwYzk1",2025-01-16 06:14:22+00:00,positif
kak gem kata2 hari ini,2025-01-16 06:12:24+00:00,positif
🥰🥰🥰,2025-01-16 06:02:18+00:00,positif
bismillahirrahmanirrahim assm wr wb masyaallah subbahanallah alhamdulillah ya allah sungguh kweereer ini lah contoh presiden yg memikirkan rakyat Indonesia dn smg bpkk selalu di paringi nikmat sht aam,2025-01-16 05:27:02+00:00,negatif
"astaga malah dinaikin, rata rata gaji di indo aja masih rendah, pajak dimana mana, pengennya maju tapi asal buat kebijakan",2025-01-16 05:13:43+00:00,negatif
pak presiden kapan program makan gratis di laksanakan di Sulawesi Selatan pak?,2025-01-16 05:12:12+00:00,negatif
jadi ga nii puasa libur min,2025-01-16 04:52:12+00:00,positif
🤲,2025-01-16 04:45:34+00:00,positif
hapus sistem outsourcing min🙏,2025-01-16 04:10:32+00:00,positif
🥰,2025-01-16 04:07:30+00:00,positif
"tapi sembako knapa naik semua harganya pak presiden😭😭😭 yg biasanya santan kara 10rb dapet 3, skrg 10rb cuma dapet 2 aja😭😭😭",2025-01-16 04:04:54+00:00,negatif
please deh skrg beli Aqua aja disteuk udah kena PPN 12% bos 🤭🤭🤭,2025-01-16 03:47:45+00:00,negatif
🥰,2025-01-16 03:21:34+00:00,positif
Min harga sawit makin turun 🥲,2025-01-16 03:16:32+00:00,negatif
🥰,2025-01-16 03:10:10+00:00,positif
kalau bisa tiker pesawat ke Kalimantan di turunkan min sudah 7 tahun ni GK pulang2🤭🤭,2025-01-16 03:07:59+00:00,negatif
💗,2025-01-16 03:01:33+00:00,positif
Min harga cabe naik drastis min 😭,2025-01-16 02:57:39+00:00,negatif
min bisa turunin harga iPhone ga sih😁😂😅,2025-01-16 02:50:31+00:00,negatif
Elpiji naik pak 😭 mnta tol perusahaan dan distributor diberi sanksi karena dimasyarakat naik itu Elpiji,2025-01-16 02:40:16+00:00,negatif
"Pak,,tolong yg menaikkan harga seenaknya diberi sanksi yang keras",2025-01-16 02:38:02+00:00,negatif
👍👍👍,2025-01-16 02:24:51+00:00,positif
"@im parfum kosmetik:pak tolong buatkan hukum UUD khusus para janda-janda muda, sangat meresahkan di medsos. 😕@gerindra",2025-01-16 02:24:07+00:00,positif
"mau tanya min, kalau pemimpin desa ga amanah itu baik nya d apain ya???",2025-01-16 02:15:11+00:00,negatif
🥰🥰🥰,2025-01-16 02:01:11+00:00,positif
🙏,2025-01-15 09:56:57+00:00,positif
"@IRWAN MO SAJA::maling kayu 5,tahun
maling duit 300triliun 6,stengah tahun kayu 7 tahun
di mana letak ke adilan prabowo ha, Jawap, lucu yah negara konoha haha",2025-01-15 09:40:53+00:00,negatif
😳,2025-01-15 09:36:41+00:00,positif
min suami gw mau nikah lagi😭,2025-01-15 09:17:53+00:00,negatif
pak presiden Prabowo tolong driver ojol aplikator di jakarta ingin menang sendiri tidak ada keadilan bagi masyarakat ajol pak yg hidup nya ada di jalan tolong di bantu kami menuntut keadilan🙏,2025-01-15 09:00:01+00:00,negatif
min mau tanya soal PPN klo hp juga kena gak min soalnya mau ganti hp yg saya pakai saat ini sudah rusak parah😔🙏,2025-01-15 08:37:23+00:00,negatif
😋,2025-01-15 07:51:09+00:00,positif
di tempat kami malah gas naik katanya ikut ppn naik gas juga ikut naik gimana ini min,2025-01-15 07:41:32+00:00,negatif
Oyy min turunin harga ninja ss🗿,2025-01-15 07:22:34+00:00,positif
😔,2025-01-15 07:18:38+00:00,positif
Selamat Siang Min Info URGENT mohon di up dan bantuan secara HUKUM atau pendampingan HUKUM. disini ada permasalahan suatu kasus (pelecehan dan kekerasan kepada anak dibawah umur) kita sudah lapor kepada pihak kepolisian. akan tetapi kasus tersebut berujung damai dari sebelah pihak . dan untuk dari pihak paman korban menginginkan untuk kasus tersebut tidak dilakukan proses secara damai dan menginginkan untuk proses HUKUM berlanjut sesuai dengan UUD yang berlaku. Terima kasih mohon di notif,2025-01-15 07:16:11+00:00,negatif
"tolong partai grindra hentikan PRESENSI ONLINE MENYUSAHKAN SEKLI
TENGO KIRI, TENGO KANAN, TENGO ATAS, TENGO BAWAH,
SENYUM LAMA SKLI DITANGKAP APLIKASI KADANH ERROR DIUALNG2 BANYAK KALII",2025-01-15 07:08:15+00:00,negatif
"I Love You Pak Prabowo, Semoga Bapak Dilindungi Allah SWT..",2025-01-15 06:50:38+00:00,positif
🤩,2025-01-15 06:50:00+00:00,positif
min turunin harga anggur ngak ngotak banget harga nya,2025-01-15 06:35:39+00:00,negatif
nyari yg tulus dimana min?,2025-01-15 06:27:44+00:00,negatif
pak tolong dong kami yg dari guru swasta juga diperbolehkan mendaftar di p3k kenapa gkboleh sih pak kami jg mendidik dan ingin gajih yg layak,2025-01-15 06:22:48+00:00,positif
Gerindra kapan makan gratis nya ke provinsi jateng kami udah laper pak?? 🙏🏻😭,2025-01-15 06:22:42+00:00,negatif
"mindra lucu ih kalo ngetik pake koma terus, lop ah sekebon, bapak juga sehat panjang umur😍",2025-01-15 06:05:07+00:00,negatif
😁,2025-01-15 05:51:40+00:00,positif
Min Cabe Mahal Min Massa Perkilo 130K,2025-01-15 05:47:14+00:00,negatif
🙂,2025-01-15 05:45:24+00:00,positif
minn pilihh mohan apa fattah😭🙏,2025-01-15 05:32:26+00:00,negatif
pak provinsi kalimantan barat belum dapat nasi gratis😭😭😭,2025-01-15 05:31:18+00:00,negatif
kmi gk butuh dikasih bntuan apapun min msih juga salah sasaran kdg yg kaya pun' dpt bntuan pemerintah 'kmi butuh brg sembako aj jgn naik. krn skrg smua barang mulai merangkak naik.. gas pun naik,2025-01-15 04:49:47+00:00,negatif
"pak tolong hapus
apk pinjol
apk michat
apk merah
apk slot
suami yg selingkuh penjarakan saja
pak agar masyarakat mu sejahtera pak",2025-01-15 03:53:39+00:00,negatif
Nyari yg tulus dimana min?,2025-01-15 03:30:53+00:00,negatif
😋,2025-01-15 02:43:53+00:00,positif
bleh spill mukanya gak min😂😂,2025-01-15 02:41:51+00:00,negatif
Pak aku yatim,2025-01-15 02:38:28+00:00,positif
"@cinta: min tlong dong luaskn lapangan pekerjaan untk usia 30thn ke atas 🥹🥹 di luar ngri aja batas usia 45 tahun msh bisa krja, ini di negra kita paling mentok umur 25 thun 😭😭 mau kluar negri lagi blm di tutup,,, 🥺🥺 tlong ubah dong min praturan krjnya 🥺 biar mengurangi pengangguran dalam negra 🙏🙏🙏",2025-01-14 09:52:39+00:00,negatif
🥺,2025-01-14 09:20:57+00:00,positif
😍,2025-01-14 09:16:00+00:00,positif
"Tolong sampein ke bapak presiden min, masyarakat nya masih sibuk pertikaian masalah agama,pertikaian merebut keamanan kekuasaan proyek proyek kecil, sedangkan asing aseng sibuk meraup ekonomi di negara kita , sudah banyak dari barang barang kecil aja misal nya hasil import yg djual di tiktok shop ini yg legalitas dari sumber nya masih tanda tanya ,tolong sampein untuk segera meningkatkn SDM kita dari sejak dini ,terimakasih min 🙏",2025-01-14 08:57:36+00:00,negatif
"masuk akal ga min kalau cuman buat surat keterangan waras di RS dan buat surat keterangan bebas narkoba di RS totalnya mencapai 1,2 juta, padahal cuman mau daftar SPPI yang mana belum tentu lulus 🙂",2025-01-14 08:37:25+00:00,negatif
min pas puasa libur kah,2025-01-14 08:34:48+00:00,negatif
🥰,2025-01-14 08:28:00+00:00,positif
😁,2025-01-14 07:53:09+00:00,positif
😁,2025-01-14 07:51:07+00:00,positif
min gimana cara nyah punya hp iphone,2025-01-14 07:45:05+00:00,negatif
"min saya minta cimin min, mata saya min tidak pernah makan cimin, tolong ya min",2025-01-14 07:40:27+00:00,negatif
🥰,2025-01-14 07:25:42+00:00,positif
"admin gerinda pasti kalo bls ujungnya "".""",2025-01-14 07:20:35+00:00,negatif
min..bantuan untuk TKI apa betul ada?,2025-01-14 07:17:05+00:00,netral
pa tolong turunin harga crf dong pa,2025-01-14 07:11:55+00:00,negatif
"Bapak,tolong jangan hapuskan bantuan dari ATM merah putih🥺 mereka sangat butuh pak",2025-01-14 07:11:18+00:00,positif
"Hallo Min @gerindra mungkin ini agak sedikit lancang ya, kalau bisa mutasi PNS jangan sampai 10tahun min, kalau bisa 2 tahun aja min, kasihan anak dan istri🥹🙏🏻🙏🏻",2025-01-14 06:19:15+00:00,negatif
min tukin di daerah kab pdlng dong tolong diselidiki,2025-01-14 06:13:32+00:00,negatif
🥰,2025-01-14 05:42:14+00:00,positif
😭,2025-01-14 05:40:02+00:00,positif
🥺,2025-01-14 05:07:14+00:00,positif
"minn kami nangis dikalimantan tengah beli gas, ini harga gas tabung 3kg 50rb dikalimantan tengah, gk ada subsidi kah biar harganya murah",2025-01-14 05:05:33+00:00,negatif
😁,2025-01-14 04:49:01+00:00,positif
tapi harga² udh pada naik,2025-01-14 04:40:07+00:00,netral
😭,2025-01-14 04:34:26+00:00,positif
gue isi pulsa katanya bayar nya naik 12% buset.,2025-01-14 04:11:17+00:00,negatif
😁,2025-01-14 04:02:44+00:00,positif
pa bantu kami kebakaran rumah di Tasik Malaya,2025-01-14 03:47:30+00:00,negatif
kata2 untuk posko 43 min,2025-01-14 03:24:19+00:00,netral
min apa bener puasa libur 1bulan,2025-01-13 11:03:41+00:00,netral
"@farez:min tolong di hapuskan aja min aplikasi paylater indo dana, aku beli laptop buat adek sekolah cicil pakek apk itu telat sehari dendanya 200k an min, ya allah sedih bgt, aku berusaha biar adek pakek laptop sama kaya temen2nya malah di perasaan gini min, telat 1 hari doang",2025-01-13 10:55:45+00:00,negatif
min cara disukai balik sm dia gimana?,2025-01-13 10:52:13+00:00,negatif
SMPN 1 Kuala kurun belum dapat makanan gratis,2025-01-13 10:46:18+00:00,negatif
😳,2025-01-13 10:32:20+00:00,positif
min knp sklh ku blm ada mkn gratis,2025-01-13 10:23:33+00:00,positif
Sapa dong,2025-01-13 10:21:00+00:00,positif
bapak presiden beneran gak sih puasa nt libur 🙏,2025-01-13 10:19:18+00:00,negatif
"kapan rakyat Indonesia pintar ya, hanya beda pilihan kalian mengadu domba penduduk negri ini, tapi ingin Indonesia baik, hanya karena beda pilihan rela merusak nama orang lain.",2025-01-13 10:06:16+00:00,netral
pak nopo perei pas Poso pak 45 hari pak pliss pak 😭😭,2025-01-13 09:56:25+00:00,negatif
"min saya pengangguran, boleh ga saya kerja di rumah pak prabowo, saya anak bungsu udah ga punya orang tua 😔, saudara kandung tinggal 1",2025-01-13 09:47:26+00:00,positif
😁,2025-01-13 09:17:56+00:00,positif
jdi brapa persen ya PPN di Indomart? soalnya kmrn pernah belanja cmn 50k ppn nya 10k 😭 semenjak itu gapernah lgi ke idm🥺,2025-01-13 09:13:24+00:00,negatif
"Aku belanja sabun,kopi,teh,roti di indomarer pajaknya 11 persen lebih
nang sabun,kopi,teh,roti barang mewah",2025-01-13 09:08:07+00:00,negatif
pak di sekolah saya blm ada makan gratis,2025-01-13 08:58:51+00:00,positif
"Selamat sore pak izin melaporkan ada nya pemotongan gaji dari PT GIS tidak tahu pemotongan buat apa udah 2 bulan gaji kami di potong terus pak kami rakyat miskin dibodoh bodohin pak saya selaku security dari PT GIS ber tugas di Langkat tepatNya di batang serangan izin pak
#Semoga di baca ya Allah🤲
#Tolong kami pak
#PejabatKorupsiGaji",2025-01-13 08:46:49+00:00,negatif
min turun kan harga vleg alloy min🥺🥺,2025-01-13 08:43:34+00:00,positif
😁,2025-01-13 08:42:58+00:00,positif
💗,2025-01-13 08:40:24+00:00,positif
😁,2025-01-13 08:36:45+00:00,positif
🥰,2025-01-13 08:32:20+00:00,positif
🥰,2025-01-13 08:29:36+00:00,positif
pak plus liburin bulan puasa kaya di siksa fi sklh udah nhn laper mana hapalan lgi,2025-01-13 08:26:56+00:00,negatif
💐,2025-01-13 08:25:55+00:00,positif
"Selamat sore pak izin melaporkan ada nya pemotongan gaji dari PT GIS tidak tahu pemotongan buat apa udah 2 bulan gaji kami di potong terus pak kami rakyat miskin dibodoh bodohin pak saya selaku security dari PT GIS ber tugas di Langkat tepatNya di batang serangan izin pak
#Semoga di baca ya Allah🤲",2025-01-13 08:22:34+00:00,negatif
😏,2025-01-13 08:04:27+00:00,positif
"mau anis atau ganjar,tapi senyum manis mu memberikan luka yang tak wajar",2025-01-13 07:58:47+00:00,negatif
pajak motor katanya naik,2025-01-13 07:58:01+00:00,negatif
min aku tersesat gak tau jalan lurus,2025-01-13 07:54:25+00:00,negatif
ini libur 45 hari nya bner atau gak?,2025-01-13 07:53:12+00:00,negatif
🔥,2025-01-12 15:42:33+00:00,positif
min kalo makan berapa hari sekali?,2025-01-12 15:28:35+00:00,negatif
bang Skena atau Starboy,2025-01-12 15:20:15+00:00,negatif
min bulan puasa semua sekolah liburin ya,2025-01-12 15:15:45+00:00,positif
min turunin harga Channa barca sama auranti 🙏🙏🙏,2025-01-12 15:09:59+00:00,negatif
min kalau mobil dibawah 300 juta dihitung ngak,2025-01-12 15:06:57+00:00,negatif
info loker pak,2025-01-12 14:53:11+00:00,positif
🥰,2025-01-12 14:46:55+00:00,positif
"min, serius tolong solusi tentang imunisasi khusunya DPT1-3 banyak ortu yg enggan untuk melakukannya karna efek sampingnya yg mengkhawatirkan, jadi banyak yg memilih untuk enggan melakukan imunisasi.",2025-01-12 14:31:49+00:00,negatif
pak tolong pak hilangin razia rambut semua sekolah🥺,2025-01-12 14:29:45+00:00,negatif
😁,2025-01-12 14:26:43+00:00,positif
😁,2025-01-12 14:23:55+00:00,positif
bapak itu yang kmrin viral ibu ibu nangis ditarik paksa sama aparat dari rumahnya harus ditangani.,2025-01-12 14:18:56+00:00,negatif
pinjam uang min untuk beli vnd,2025-01-12 14:06:10+00:00,negatif
"Assalamualaikum, Min. Maaf saya mau laporkan Kasus korupsi Bupati waropen. Pegawai Honorer Dinas Pemberdayaan Masyarakat dan Kampung mereka gak digaji udh 3 tahun bekerja. @gerindra",2025-01-12 14:00:49+00:00,negatif
PK Gerindra tolong aku aku stresss gragra sekolahku nyuruh ku buat ekobrickk udh cpe cpe ngerasin giliran di tumpuk mlh di lempar SM guruku GK ngehargain bgt guruku aku dh setresssssssss😔,2025-01-12 13:47:15+00:00,negatif
bagusan cb apa vario min minta sarannya,2025-01-12 13:31:48+00:00,netral
min ada GK sekolah SPP nya 20 Rp tapi sekolahannya ada kolam renang nya,2025-01-12 13:07:49+00:00,negatif
❤️,2025-01-12 13:07:24+00:00,positif
"pak boleh saya mintak tolong, saya blm makan 3 hari ini... bantu untuk makan saya hari ini aja pak, saya udh cari kerja blm ad dpt2 saya mohon pak..🙏🙏🙏🙏🙏🙏🙏🙏🙏🙏🙏🙏",2025-01-12 12:41:48+00:00,netral
🥰,2025-01-12 12:40:52+00:00,positif
🗿,2025-01-12 12:33:12+00:00,positif
😘,2025-01-12 12:19:24+00:00,positif
🥰,2025-01-12 12:09:47+00:00,positif
😁,2025-01-12 11:54:51+00:00,positif
🥺,2025-01-12 11:50:20+00:00,positif
kata BBC naik semua lee,2025-01-12 11:38:17+00:00,negatif
minnn kasihhh aku sepeda listrik,2025-01-12 11:35:35+00:00,negatif
🤨,2025-01-12 11:30:07+00:00,positif
hapuskan opsen pajak kendaraan min.parahh,2025-01-12 11:10:38+00:00,negatif
"Min tlng libur 1 bln pas bln ramadha sama magang kmpus merdeka dibalikin min, sy sebagai mahasiwa membutuhkannya 🙏",2025-01-11 22:15:29+00:00,negatif
gue nonton ini sampe 200 volume nya biar kakak2 gue tauu😭,2025-01-11 22:04:06+00:00,negatif
min itu urusan korupsi sopan gi mana min di negara luar ajh 1.5 t hukuman mati masa ini hukuman 6.5 tahun karna sopan 😂😂,2025-01-11 20:21:18+00:00,negatif
min itu masalah korupsi sopan gi mana min,2025-01-11 20:20:29+00:00,negatif
@gerindra min liat dm saya🙏,2025-01-11 19:40:57+00:00,positif
😳,2025-01-11 18:53:51+00:00,positif
minn kapan aku bisa di atass 😞,2025-01-11 18:47:41+00:00,netral
mindra awalin pulang pak jangan pukul 2 capek sekolah,2025-01-11 18:43:18+00:00,negatif
#SavehonorerIndonesia,2025-01-11 18:35:58+00:00,negatif
PAK MAU MINTA MODAL NIKAH DITAHUN INI😁🤗,2025-01-11 16:46:10+00:00,negatif
😁,2025-01-11 16:09:53+00:00,positif
min telor gulung kena ??,2025-01-11 15:45:24+00:00,negatif
bikin jalan tol ke sukasari udah polow,2025-01-11 15:39:59+00:00,negatif
pak presiden yang terhormat selain ppn tolong hapuskan situs judi online pak 🙏,2025-01-11 15:26:56+00:00,positif
"bg bantu akun justiceforrahmad agar viral,kasihan keluarga mereka mencari keadilan untuk anaknya yg pergi tanpa kepastian,karna bobrok nya kinerja Polsek pasar rebo🙏🙏🙏",2025-01-11 15:09:39+00:00,negatif
min tlg baca dm kuuuuu,2025-01-11 14:57:32+00:00,negatif
"usut tuntas pihak dana min takut ada kerja sama, masak iya banyak uang rakyat kecil seperti kami yang simpan di ewalet via dana di hacker, gak recomended dg pihak dana keamananya miris",2025-01-11 14:37:17+00:00,negatif
Info loker dong min😞,2025-01-11 14:33:17+00:00,positif
😁,2025-01-11 14:27:23+00:00,positif
kasian sekali yang kemarin udah nyinyir mashaallah bapak ku emang the best,2025-01-11 14:22:30+00:00,positif
admin apakah sistem bpjs akan brubah admin..apakh penyakit yg hmpir mati ajja yg akan dicover...klo baru stengah mati dsruh di puskesmas dlu..pdhal klo anak2 yg skit ngak bisa ditund2 kasian sma nyawa,2025-01-11 13:35:01+00:00,negatif
min tolong bantu viralkan desa kami. desa balam jaya kec. way kenanga tubaba lampung yg sekarang lagi viral tanah milik aset desa dijual kepala desa 🥵🥵,2025-01-11 13:34:34+00:00,negatif
min benar gak sih peraturan bpjs yang baru?,2025-01-11 13:32:44+00:00,negatif
min,2025-01-11 13:24:10+00:00,netral
😳😳😳,2025-01-11 13:21:14+00:00,positif
"maaf pak, terjadi puting beliung di gambut kab Banjar Kalimantan Selatan, mohon bantuannya 🙏🏻",2025-01-11 13:18:13+00:00,negatif
"Tolong Honorer yang mengabdi 2 Tahun sampai 10 Tahun Lebih di angkat menjadi PPPK pak..
karena honorer se Indonesia lebih banyak..",2025-01-11 13:06:17+00:00,negatif
knp sewa lokasi untuk tenan di mall kenapa naik jg ya?,2025-01-11 12:50:42+00:00,netral
pak disini belum makan gratis,2025-01-11 12:28:16+00:00,netral
min cari yang setia dimana yah?,2025-01-11 12:27:36+00:00,netral
🥰,2025-01-11 02:14:12+00:00,positif
🤲,2025-01-11 02:12:27+00:00,positif
"pak presiden TOLONG pak judi online di hapus pak sudah banyak sekali korbanya termasuk keponakan saya yg jadi korban, sampai depresi, trimakasih",2025-01-11 01:54:23+00:00,negatif
😭😭😭,2025-01-11 01:20:57+00:00,positif
🥰,2025-01-11 01:20:45+00:00,positif
"wifi dan pulsa saja naik, da naik bukan pengumuman, gmn tu.. nyata ny di lapangan g sesuai omongan",2025-01-11 01:09:58+00:00,negatif
❤️,2025-01-11 01:08:12+00:00,positif
🥰,2025-01-11 01:07:18+00:00,positif
🥰,2025-01-11 01:03:50+00:00,positif
pada -literasi bjir😭,2025-01-11 01:03:14+00:00,netral
🤩,2025-01-11 00:57:49+00:00,positif
😭,2025-01-11 00:48:49+00:00,positif
ijin lapor pak tolong samsat yg di balaraja banyak pungli ditiap loket tolong diberantas.,2025-01-11 00:41:01+00:00,negatif
@Anisa Novianti:pak tolong datang ke DUSUN RULUNG RAYA RT/RW 003/007 NATAR LAMPUNG SELATAN ATAU BIASA DIPANGGIL DUSUN UMBUL GUNUNG dan liat jalan nya pak😭🙏,2025-01-11 00:27:48+00:00,positif
😭,2025-01-11 00:26:11+00:00,positif
"semua harga barang pasti naik, bukan hanya karena ppn, tp karena inflasi. produsen berfikir bahwa konsumen pasti beli karena butuh dan mampu. harga mahal pun pasti terjual. ada yg setuju?",2025-01-11 00:24:39+00:00,negatif
😳,2025-01-11 00:16:51+00:00,positif
😁,2025-01-11 00:12:02+00:00,positif
🙏,2025-01-11 00:08:21+00:00,positif
"ekonomi di kalteng sedang tdak baik2 saja
lebih tepat nya di kab.kotawaringin barat",2025-01-11 00:06:22+00:00,netral
🥰,2025-01-11 00:03:28+00:00,positif
😁,2025-01-11 00:02:57+00:00,positif
Min pas hari puasa anak sekolah jadi di liburkan min?,2025-01-10 23:25:15+00:00,negatif
bikin kuliah geratis pak di Kalteng pengen kuliah soalnya tpi gak mampu☺️,2025-01-10 23:12:34+00:00,negatif
🥰,2025-01-10 22:54:11+00:00,positif
😁,2025-01-10 22:52:10+00:00,positif
pak turunin harga kelapa pak tolong gak kebeli kalau 1 kelapa nya 12,2025-01-10 19:21:20+00:00,negatif
🥰,2025-01-10 18:35:24+00:00,positif
🤲,2025-01-10 18:17:50+00:00,positif
BBM balak naik ga min,2025-01-10 17:39:14+00:00,negatif
😜,2025-01-10 05:11:40+00:00,positif
😅,2025-01-10 05:03:51+00:00,positif
cari cewek setia dimana sih min??,2025-01-10 05:00:10+00:00,netral
min puasa 2025 beneran libur ga sihh min,2025-01-10 04:59:50+00:00,netral
sehat terus ya pak,2025-01-10 04:46:56+00:00,positif
terpantau harga minyak goreng mulai naik 😅😅😅,2025-01-10 04:38:01+00:00,negatif
😋,2025-01-10 04:23:51+00:00,positif
min gmn cara nya BS ketemu pak prabowo🥰,2025-01-10 04:00:38+00:00,positif
🥰,2025-01-10 03:56:05+00:00,positif
tolong jangan liburrr saat bulan Ramadhan,2025-01-10 03:47:57+00:00,negatif
scoopy ku aja 700k pajak nya 😂,2025-01-10 03:44:29+00:00,positif
🥰,2025-01-10 03:44:17+00:00,positif
min tolong bisa diusut atau dipercepat untuk bayarkan gaji guru kontrak provinsi Riau sudah 3 bulan belum dibayar. kasihan yang kepala keluarga atau banyak tanggungan min🙏 @partaigerindra @DPD Gerindra Riau,2025-01-10 03:20:47+00:00,negatif
🥰,2025-01-10 03:04:05+00:00,positif
"bapak kenapa hidup di Indonesia penuh dg pajak, gaji potongan pajak, mkn pajak, motor pajak, astaghfirullah kerja buat hidup bukan hanya untuk bayar pajak pak, 100 ribu byr pajak sangat berarti",2025-01-10 03:00:57+00:00,positif
😅,2025-01-10 02:40:33+00:00,positif
😁,2025-01-10 02:31:16+00:00,positif
😭😭😭,2025-01-10 01:56:52+00:00,positif
"min kenapa pkerjaanku potongan pph nya banyak banget padahal gaji desember diterima januari ,tp kenapa udah dipotong.untuk bln januari padahal belum terima gaji",2025-01-10 01:50:13+00:00,negatif
🥰,2025-01-10 01:47:44+00:00,positif
min turun kan harga sembako🥺😂,2025-01-10 01:31:38+00:00,positif
😁,2025-01-10 00:58:51+00:00,positif
☹️,2025-01-10 00:57:51+00:00,positif
😭,2025-01-10 00:50:21+00:00,positif
😁,2025-01-10 00:15:57+00:00,positif
SAHKAN UNDANG2 PERAMPASAN ASET KORUPTOR,2025-01-10 00:00:50+00:00,negatif
"min Kara naik loh min, dri 3500 skrang 5000 min, nggak ngolak besok min😌",2025-01-09 23:56:56+00:00,negatif
Alhamdulillah.. Semoga tidak ada yang bermain korupsi di bawah pimpinan pak prabowo terutama soal makan dan pajak.,2025-01-09 23:47:54+00:00,negatif
"Min minta penjelasan kalau di dtks sudah terdaftar tapi cuman PBI-jk (ya) yang lain (tidak) pedahal punya belita
🙏🙏🙏",2025-01-09 23:32:21+00:00,negatif
🙏,2025-01-09 23:27:06+00:00,positif
😭,2025-01-09 10:53:20+00:00,positif
🥰,2025-01-09 10:51:39+00:00,positif
min serius anak sekolah libur selama bulan puasa?,2025-01-09 10:51:03+00:00,negatif
admin masalah TNI gak di selesai kan,2025-01-09 10:48:41+00:00,negatif
😳,2025-01-09 10:48:29+00:00,positif
minn puasa emg jadi libur 1bulan full?,2025-01-09 10:44:48+00:00,negatif
min kalau duren naik pajak nggak min soalnya itu barang mewah enak x soalnya 🗿🗿🗿,2025-01-09 10:42:42+00:00,negatif
aduh love you banget bapaaa cinta matii aw,2025-01-09 10:34:31+00:00,positif
"masalah HONORER Selesai kan pak. Kami tak terima P3K paruh waktu. Kami butuh P3k Penuh Waktu. Kami yg daerah ingin Sejahtera, kami ingin hidup dan Ada tabugan",2025-01-09 10:33:46+00:00,negatif
😳,2025-01-09 10:29:11+00:00,positif
min kalau kamu gabut main game apa min?,2025-01-09 10:22:46+00:00,negatif
🥰,2025-01-09 10:16:07+00:00,positif
libur gak min 🙏🗿,2025-01-09 10:15:13+00:00,netral
🗿,2025-01-09 10:12:19+00:00,positif
skema subsidi listrik gmna min. apa kah per bulan d batasi sekian pemakaian / pengisian? atau tanpa batas,2025-01-09 10:07:21+00:00,netral
terima kasih min selalu up date biar rakyat paham dan cerdas ga mudah di hasut,2025-01-09 10:03:00+00:00,positif
"assalamualaikum pak mohon berhentikan razia rambut di sekolah kerna hancur mental seorang murid pak wassalamu'alaikum,",2025-01-09 09:59:37+00:00,negatif
min. aku tinggal hampir 9tahun di Malaysia. nah pas aku balik ke indo lagi kau bingung krna di Indonesia gk ada paket unlimited untuk sebulan. di perbaiki napa min. masa klh sma Malaysia,2025-01-09 09:57:43+00:00,negatif
min turunin harga shuttlecock kok dong,2025-01-09 09:50:26+00:00,negatif
😅,2025-01-09 09:41:25+00:00,positif
😁,2025-01-09 09:36:33+00:00,positif
😁,2025-01-09 09:27:18+00:00,positif
🙂,2025-01-09 09:27:12+00:00,positif
min tutor dong agar sty kembali 😭😭,2025-01-09 09:23:02+00:00,positif
🥰,2025-01-09 09:16:27+00:00,positif
Minn mau infoo aja inimah coretax bikin menangiss 😌🥺,2025-01-09 09:11:39+00:00,negatif
min kapan makanan gratis,2025-01-09 09:07:16+00:00,netral
🤩🤩🤩,2025-01-09 09:06:40+00:00,positif
minta pacar satu,2025-01-09 09:02:09+00:00,negatif
😹,2025-01-09 08:42:52+00:00,positif
😂,2025-01-08 19:34:34+00:00,positif
bapak presiden Prabowo saya mohon PKH sudah 1 tahun ga ada cair lagi saya orang miskin suami tukang becak anak 3 sekolah semua SMA SMP SD pkh sudah 1 tahun ga ada cair lagi saya asli Jawa Tengah Brebes tinggal di Aceh besar kampung lubuk batee kabupaten ingin jaya Kulo mohon dibantu bapak presiden terimakasih,2025-01-08 19:02:15+00:00,negatif
bapak presiden Prabowo saya mohon dibantu PKH dicairkan kembali saya sarikhatin tinggal di Aceh besar kampung lubuk batee kabupaten ingin jaya anak 3 sekolah semua SMA SMP SD pkh sudah 1 tahun ga ada cair lagi saya sudah lapor kepala desa maupun pendamping PKH ga ada respon orang kaya bantuan PKH ada beras ada saya mohon bapak presiden Kula asli tiang Jawa Tengah Brebes tinggal di Aceh besar,2025-01-08 18:58:58+00:00,negatif
saya cuma minta sty kembali,2025-01-08 17:59:53+00:00,netral
"min,minyak goreng 2 liter naek min harganyaa..dari 33rb jadi 40rb😟",2025-01-08 17:40:20+00:00,negatif
pak bisa di turunkan BBM Pertamina,2025-01-08 16:51:25+00:00,netral
😊,2025-01-08 16:48:10+00:00,positif
"271t masih 6,5??
payah",2025-01-08 16:39:22+00:00,negatif
min nasi kucing naik gak ppn nya takut nya naik soalnya termasuk mewah bagiku tiap hari selalu ku beli,2025-01-08 16:12:17+00:00,negatif
p3 C4t jaksa dan hukum m4 T1 bagi para koruptor ✊,2025-01-08 15:57:13+00:00,positif
"min bilangin pak Presiden, coach shin Tae-yong dipecat.. minta tolong bapak untuk tetap mempertahankan coach sty😫😭😭",2025-01-08 15:48:50+00:00,negatif
"Min aku sedih banget motor hilang, padahal bru 2 bulan lunas, yg bikin sedih lagi siskamling hanya beda bbrapa meter aja dr rumah, mana suami udah 2 bulan gak kerja, motor hilang 😭😭😭",2025-01-08 15:44:49+00:00,negatif
"Sehat2 dan umur panjang presiden ku.
Kami membutuhkan bapak untuk periode selamanya.",2025-01-08 15:25:36+00:00,positif
caption panjang dan detail banget mind 👍 dan herannya masih banyak yang komentar negatif...kenapa dengan IQ bangsa kita?🤔,2025-01-08 15:24:02+00:00,negatif
artinya apa admint,2025-01-08 15:03:43+00:00,positif
Min oh min mau cerita,2025-01-08 14:55:37+00:00,netral
"min jual ayam boiler gimna,ayam saya masih banyak",2025-01-08 14:43:21+00:00,positif
woy min jadi gak libur bulan puasa?,2025-01-08 14:42:34+00:00,negatif
Kapan dapat makanan gratis nya?👊,2025-01-08 14:36:43+00:00,negatif
😁,2025-01-08 14:34:57+00:00,positif
tips ganteng pak?,2025-01-08 14:20:20+00:00,netral
gerindra emg bener anak yang umur nya di bawah 16 gabole megang hp? gua ksni gra' liat vt yng lewat brnda gua😞,2025-01-08 14:17:27+00:00,negatif
🥰,2025-01-08 14:03:07+00:00,positif
izin Presiden.. komandan tertinggi RI.. mohon kembalikan lg STY.. kami rakyat pecinta Sepakbola RI tdk rela dipecar.. dia juga manusia dan ada juga tdk sempurnanya seperti pelatih,2025-01-08 14:02:50+00:00,negatif
min yuk Mabar ff,2025-01-08 13:56:07+00:00,netral
min bilangin ke prabowo kembalikan bpk sty dong🥺,2025-01-08 13:42:04+00:00,negatif
pak Prabowo di Karawang Wadas Lemahabang kok gak ada makan gratis,2025-01-08 13:22:04+00:00,positif
😒,2025-01-08 13:21:43+00:00,positif
"Admin ,tolong sampein ke Bpk Presiden kembaliin dulu efaktur sm djp online. kami yg kerja dibidang pajak, dibuat kerja keras sm coretax yg msh banyak kendala nya🥺",2025-01-08 13:11:51+00:00,positif
"ko smua makin mahal sih min, ada apa ini min?? @partaigerindra",2025-01-08 13:06:48+00:00,negatif
@partaigerindra baca Pesan sayaaa hak saaya berikan ..,2025-01-08 06:05:33+00:00,negatif
pak I love u 😁,2025-01-08 06:00:58+00:00,positif
aku pa gak dpt mkn,2025-01-08 05:40:43+00:00,negatif
🥰,2025-01-08 05:34:57+00:00,positif
"Min, emang bisa ada kasus blanko dipending sampai 3 bulan untuk perbaikan/pembuatan ktp, apa itu hanya modus agara calo bisa menggunakan trik busuk untuk diduitin?, saya tadi mau benerin ktp rusak, dibilang tidak ada blanko adanya 3 bulan lagi dibulan maret?, apa iya selama itu??? @gerindra",2025-01-08 05:24:51+00:00,negatif
Min tolong baca dm aku penting banget 🙏🏻 @gerindra,2025-01-08 05:17:43+00:00,positif
minta sty di kembalikan sebagai pelatih timnas.,2025-01-08 05:15:55+00:00,netral
Assalamualaikum min tlong sampaikan kpd BPK Prabowo angkat kami guru honor negeri min kami sdh ngabdi belasan bahkan puluhan th tapi blm diangkat min😭😭😭 kabupaten kami 2 th kmrin tdk bk formasi,2025-01-08 05:00:07+00:00,negatif
pak turunkan harga PCX 160,2025-01-08 04:57:33+00:00,positif
"Mohon bantuannya mindra aku sdh komen tentang tuntaskan sabung ayam di tempat ku ini karena sdh sangat meresahkan sekali
Lokasi tempat sabung ayam.
Lombok,Mataraman beralamat di karang Medan
Disana bukan tempat sabung ayam saja dsana juga tempat jual beli narkoba secara terang²an mohon bantuannya mindra🥲🥲🥲",2025-01-08 04:47:29+00:00,negatif
"min saya mau laporin kasus korupsi dan penyalahgunaan bantuan dari kementrian yang ada di desa kami,
saya ada korban kerugian akibat ulah pelaku korupsi yang ada du desa kami🙏",2025-01-08 04:46:43+00:00,negatif
ndraa cara fyp gimana sepi Mulu perasaan,2025-01-08 04:36:01+00:00,negatif
kenapa nyari kerja semakin susah min?,2025-01-08 04:19:47+00:00,netral
"min turunkan harga emas, kami di aceh nggak sanggup menikah kendalanya di mas kawin, karna disni rata² maskawinnya pakek emas😭🙏🏻",2025-01-08 04:17:28+00:00,negatif
min pengen pensil warna 7 jt beliin donk,2025-01-08 04:06:32+00:00,netral
kurangi lah tikus tikus kantor.. 😭👍,2025-01-08 03:52:21+00:00,negatif
inpo loker min...,2025-01-08 03:36:56+00:00,netral
min tolong turunkan harga motor RX-King min🗿,2025-01-08 03:22:12+00:00,negatif
Ksih saya uang 1T siap dipenjarah 6thn 🙏,2025-01-08 03:17:44+00:00,negatif
"Min kalo makan gratis sekolah , gimana kami yang jualan makn dikantin , grgra ada makan gratis kami pasti tidak laku 😭kami bergantung juga pada jualan",2025-01-08 03:15:40+00:00,negatif
🥰,2025-01-08 02:57:53+00:00,positif
Min Assalamualaikum min ...,2025-01-08 02:50:55+00:00,netral
"assalamualaikum min, tlong minta bantuan uang buat anak sekolah☺️",2025-01-08 02:37:41+00:00,negatif
🥰,2025-01-08 02:30:00+00:00,positif
"Jadi yg bener yg mana? gw ss kirim ini ke temen malah di anu temen gw suruh baca thread ini katanya udah dijelasin sesederhana mungkin udah di sertai pasal🐠 katanya dia jangan percaya gerindra akun blunder🐟
https://x.com/roan_gylberth/status/
1874355194651435193?S=48",2025-01-08 02:28:12+00:00,negatif
min bisa bawa dia kembali lagi gak,2025-01-08 01:41:59+00:00,negatif
usut tuntas mafia penada mobil,2025-01-08 01:35:28+00:00,negatif
😁,2025-01-08 01:31:55+00:00,positif
pajak motor naik dong ya,2025-01-08 01:10:59+00:00,negatif
"PROGRAM PEMERINTAH MAKAN GRATIS MANA?
ANAK SAYA DI HUKUM GARA GARA GA BAWA BEKEL DOANG!
KADANG ORANG TUA KAN ADA YANG MAMPU ADA YG ENGGAK UNTUK BELIIN ANAK NYA BEKEL!!!
TOLONG @gerindra",2025-01-08 00:28:48+00:00,negatif
Tolong min sampaikan kepada bapak Erik Thohir selaku menjabat menteri BUMN tolong adakan rekrutmen di bagian perhutani jangan fokus kebola doang mentang2 rangkap jabatan selaku ketua PSSI segala BUMN di biarin tuh banyak permainan di bagian perhutani aku sudah muak bakti 5 tahun di perhutani tdk ada rekrutmen lagi parah bner,2025-01-07 12:05:19+00:00,negatif
tolong gerinda balikin sty jadi pelatih timnas,2025-01-07 12:02:43+00:00,negatif
min bengkulu sd it baitul izzah min,2025-01-07 12:00:53+00:00,positif
"mindra di daerah saya ada orang yang bawa kabur uang sewa sawah petani, tolong dibantu mindra",2025-01-07 12:00:15+00:00,negatif
min tolong bikin dia balik lagi,2025-01-07 11:56:21+00:00,negatif
"pak Prabowo saya dari desa muara batun kecamatan jejawi kabupaten Oki jalan didesa kamu hancur pak, bapak menggaji kades kan kenapa kades kami tidak peduli atas rusaknya jalan kan kerusakan desa itu tanggung jawab kades.",2025-01-07 11:52:19+00:00,negatif
😭,2025-01-07 11:51:45+00:00,positif
Pak kapan bisa ikut aku kirim lele ?,2025-01-07 11:35:38+00:00,negatif
pak du gunung talang kapan ya makanan gratisnya,2025-01-07 11:19:29+00:00,negatif
min tolong ada yg rumah nya di hancurin sama polisi di chimahi @funny_v08 itu akun nya min,2025-01-07 11:09:04+00:00,negatif
"min disini beli beras mahal tapi ketika jual murah hasil kebun juga mahal"" sekarang sedangkan pemasukan orang kampung itu bertani tapi bertani sekarang tidak menghasilkan lebih cukup buat sehari""",2025-01-07 10:57:16+00:00,negatif
min ap puasa libur,2025-01-07 10:56:56+00:00,netral
Min apa benar bulan puasa 1 bulan libur ?,2025-01-07 10:42:50+00:00,negatif
"min apa bener, kata orang² katanya peraturannya dikebut dalam 1 malam?
apa emang sebelumnya udah ada pembahasan, dan Dill nya baru di malam itu?",2025-01-07 10:41:58+00:00,negatif
min apakah ada libur 1 bulan di bulan puasa,2025-01-07 10:39:57+00:00,negatif
"minn selama puasa diliburkan saja, udh follow",2025-01-07 10:39:49+00:00,negatif
min bulan puasa liburgak,2025-01-07 10:30:41+00:00,negatif
harga Cleo naik nih Pak,2025-01-07 10:30:28+00:00,negatif
minnnn tolong yah skincare gratis untuk para pelajar,2025-01-07 10:29:45+00:00,positif
"min apakah bulan puasa tahun 2025 full libur🤔
@gerindra",2025-01-07 10:28:29+00:00,netral
min Pilih Mahiru apa Kurumi,2025-01-07 10:25:26+00:00,negatif
🥰,2025-01-07 10:18:12+00:00,positif
Gerindra kenapa madrasah gak ada makanan gratis,2025-01-07 09:58:53+00:00,negatif
min @partaigerindra ini knp si bantuan uang dr pemerintah suka salah sasaran. gw yg masih ngontrak katanya bakalan d putus bantuannya. sedangkan tetangga gw punya mobil rumah gedong jalan terus tuh bantuan kaya (PKH) dll sebel bgt dah ihhh coba ini d tindak lanjutkan...,2025-01-07 09:57:37+00:00,negatif
min ay mancing,2025-01-07 09:54:35+00:00,netral
"lMINDRAAA TOLONG PSSI SAMPAIKAN KE BAPAK BAHWA KAMI, RAKYAT INDONESIA DAN PECINTA SEPAK BOLA, MEMBUTUHKAN STY. Mohon Mindra (gw ngetik sambil sedih) pemecatan STY bukan solusi Timnas lolos",2025-01-07 09:53:04+00:00,negatif
Gerindra=hama😝😝😝,2025-01-07 09:29:40+00:00,positif
pak makan gratis kasih di smpn 1 kandangan dong,2025-01-07 09:27:56+00:00,positif
setuju,2025-01-07 09:22:54+00:00,negatif
min turunin harga pulsa min🗿,2025-01-07 09:15:01+00:00,positif
min maaf banget sih ini. Kenapa pak presiden mengizinkan itu mentri bumn sok pede itu interview saat ada hari raya untuk agama lain. Apakah serendah itu sepakbola kita sampe pelatih yang dipilih bandar judi dan segala macam kasus minesnya min? Smpe harus pecat orang yang bawa sepak bola kita dari nol. Setidaknya gantinya boleh dong sekelas pep guardiola kenapa bandar judi 🙏🏻🙏🏻. Memangnya iti ketim,2025-01-07 01:38:46+00:00,negatif
🌷,2025-01-07 01:37:33+00:00,positif
yes Mobil Alya aman...,2025-01-07 01:36:54+00:00,positif
RX king gw tahun 83 mati 15 tahun,2025-01-07 01:35:38+00:00,negatif
"min aku mau kasi kata²,Maling gorengan Jahat lebih jahat lagi maling uwang rakyat",2025-01-07 01:13:29+00:00,negatif
tolong pak saya ga pernah dapet bantuan apa pun,2025-01-07 01:10:15+00:00,positif
min liat IG nya tokped dia penggelapan uang rakyat.. uang rakyat ga di kembalikan banyak bgt ratusan yg komplain @tokopedia,2025-01-07 01:05:52+00:00,negatif
BPK presiden Prabowo jika 2 3 bulan ini BBM tidak turun saya berhenti mendukung bpk🙏🙏🙏karena saya rakyat kecil susah mencari nafkah,2025-01-07 01:05:28+00:00,negatif
seumpama pengumpulan pajak itu sama dengan zakat harta/mall jika di korupsi apa hukuman karena Indonesia pasti belum bebas dari para korupsi @Prabowo Subianto menyala Indonesia 🇮🇩♥️🤲🤲🤲🙏🙏,2025-01-07 01:03:17+00:00,negatif
min emng bener puasa libur satu bulan?,2025-01-07 01:01:42+00:00,negatif
Menurut mimin nih ya.. ada pasien di rumah sakit masuk igd udah ampir 2 hari nih blm dapet kmar inap dan dokter spesialis. menurut mimin wajar gaaa ? Kata pihak rs nya kamar penuh .. itu wajar gaa sih min @gerindra emang sih pasien nya lamsiaaa tp ini udah 2 hari di igd iya emang si pake Bpjs min emang harus selama ini yaaa min wajar ga sii? @gerindra,2025-01-07 00:58:46+00:00,negatif
"selamat pagi...
salam sehat selalu...
mohon maaf mau tanya...
apakah ada posko penanganan Penipuan Online...
Khusus E-comerce dan Perdagangan Saham atw treding...
Terima kasih. 🙏🙏🙏",2025-01-07 00:53:11+00:00,negatif
🥰,2025-01-07 00:43:43+00:00,positif
"min tolong 😭 saya bayar pajak motor di signal dari tgl 26 sampai sekarang belum dikirim juga STNK barunya, sampe riwayat transaksi menghilang seolah tidak terjadi apa-apa.",2025-01-06 23:59:16+00:00,negatif
pak naikin saya haji pakkkkk??,2025-01-06 23:13:52+00:00,negatif
@Erick Thohir OUT,2025-01-06 23:08:53+00:00,negatif
Plan A gagal beralih ke Plan B tpi fakta dilapangan hampir seluruh barang dan jasa udah kena ppn 12% anehhh memang ini barang,2025-01-06 23:08:45+00:00,negatif
🥰,2025-01-06 23:01:01+00:00,positif
"12 Tahun
300 Triliun : 6,5 Tahun
Indahnya hidup di Indonesia 😌😌😌",2025-01-06 22:27:53+00:00,positif
pak di ntb banjir pak tolong sumbang makanan,2025-01-06 22:24:52+00:00,negatif
libur 1 bulan ramadan bener gaj om grindra,2025-01-06 22:21:28+00:00,negatif
min. kok sty di ganti sih malah di gantinya sama kang jud* gak terima gw min balikin sty pokoknya😭,2025-01-06 22:16:31+00:00,negatif
min cara nikahin mem jkt48 gimana min,2025-01-06 21:31:26+00:00,negatif
"pak tolong beri saya pekerjaan biar gak jadi pengangguran yg berat, mau beli kopi pun susah,,,,,,",2025-01-06 21:15:35+00:00,negatif
Kini lho yang di tunggu lebih jelas😊😊😊,2025-01-06 21:02:17+00:00,netral
harus nya rumah yang di atas 5 m lah 😁,2025-01-06 19:44:40+00:00,netral
min mau ga jadi tulang punggung aku,2025-01-06 19:18:52+00:00,negatif
♥️,2025-01-06 19:02:23+00:00,positif
Admin tolong buka pesan saya yah penting😭🙏🏻,2025-01-06 18:49:17+00:00,negatif
"kenapa Tadi gua beli Santen Ikut Naik🥲, kata pedagangnya gara"" yg lain Lagi naik. mana yang jual Santen langka.",2025-01-06 18:36:16+00:00,negatif
"tolong bantuan nya pa
saya kerja di PT Kideco
kaltim paser ga di bayar ama pemborong nya
udahh 2 bulan",2025-01-06 13:00:09+00:00,negatif
min tahun baruan kemana?,2025-01-06 12:59:03+00:00,netral
min mana makanan gratis nya belum nyampe ke pamekasann,2025-01-06 12:57:43+00:00,negatif
Sumatra mau merdeka sendiri gimna ni min,2025-01-06 12:56:22+00:00,negatif
😅,2025-01-06 12:55:13+00:00,positif
"pak kami sayang pak Prabowo,tlng ya pak yg udh tua udh lama honor ngk perlu ikut tes,lngsung diangkat jadi PNS aja pak biyar dpat pensiunan🤲.,saya kasian pak lewat pyf trus yg udh tua ....",2025-01-06 12:54:17+00:00,negatif
min suwasta dapet makan ga min?? masakk ga depttt bapak guaaa pilih perabowo pas pemilihan 🗿,2025-01-06 12:51:39+00:00,negatif
mindra knp ya dia hanya datang pas butuh aj,2025-01-06 12:50:54+00:00,negatif
Min mau tanya dong,2025-01-06 12:49:57+00:00,netral
😁,2025-01-06 12:49:35+00:00,positif
min kapan di Dampit kabupaten malang Jawa Timur dapat makan siang bergizi 🥺,2025-01-06 12:47:08+00:00,netral
min pilih aerox atau nmax 🥰,2025-01-06 12:46:18+00:00,negatif
min bisa gk naikin harga diri gua😭👊,2025-01-06 12:44:40+00:00,netral
min kenapa di ntb belum dapat mbg😑,2025-01-06 12:44:00+00:00,negatif
pak Presiden Tolong Turunkan Harga cabe & Bawang tadi saya beli di pasar harga cabe rawit Rp. 120.000 per kg,2025-01-06 12:43:37+00:00,negatif
makan geratis ke Jampang kulon ada gak pak,2025-01-06 12:43:35+00:00,netral
"Kolam kalo udah lama ga di kuras gitu ya, sekalinya mau di kuras bersih resikonya banyak. Entah terpeleset jadinya terluka, cedera, bahkan melayangnya nyawa. tapi ini bukan soal kolam.",2025-01-06 12:42:57+00:00,negatif
min libur kan 1 bula pas puasa biar kerasa vibes ramadan 2025 nya😭,2025-01-06 12:41:41+00:00,negatif
min gak kerasa ya 24 bulan lagi 2027,2025-01-06 12:39:16+00:00,negatif
"min tolongggg persingkat pkl minnnn plisss, di sekolah ku pkl nya 1 tahunnnn 🥺🥺@partaigerindra",2025-01-06 12:38:51+00:00,negatif
ujian nasional boleh ngak ada? 😁😁,2025-01-06 12:38:50+00:00,netral
min nasi gratis nya mana di desaku ini nama nya desa aku : lombok/klu.mataram.kbptn kayangan,2025-01-06 12:38:45+00:00,negatif
sah kan uu perampasan aset pak...,2025-01-06 12:38:09+00:00,negatif
min jadi gak libur bulan puasa ini?,2025-01-06 12:37:15+00:00,negatif
min di indragiri hulu belu ada makan gratis tolong di percepat di smpn 1 kualacenaku,2025-01-06 12:36:46+00:00,netral
min kenapa di sekolah ku belum ada makan bergizi,2025-01-06 12:33:58+00:00,netral
min pas bulan puasa sekolahnya libur kagak?,2025-01-06 12:31:26+00:00,negatif
min kenapa pa gibran ganteng banget min??,2025-01-06 12:30:33+00:00,negatif
min usul baju seragam sd di ganti jangan putih merah seperti bndera polandia tpi merah putih min biar sperti bendera indonesia min 🙏,2025-01-06 12:29:21+00:00,negatif
"stop export pakaiyan dari cina pak biar UMKM konveksi normal kembae, gk menghawatirkn kaya sekrang😣😣",2025-01-06 12:28:07+00:00,negatif
min kapan makan gratis di jogja,2025-01-06 10:28:56+00:00,netral
min Ayo tebak aku berasal dari mana,2025-01-06 10:25:51+00:00,negatif
pak kok kami gak dapat makan geratis 😭😭😭😭😭😭😭😭😭😭😭,2025-01-06 10:25:23+00:00,netral
min . tolong. bansos saya ga pernah dapat. kenapa ya,2025-01-06 10:23:17+00:00,netral
pak turunin harga frame fixie ardenly,2025-01-06 10:22:16+00:00,positif
pak jangan pecat STY @partaigerindra,2025-01-06 10:19:35+00:00,negatif
mana,2025-01-06 10:18:59+00:00,positif
mana makan gratis nya??,2025-01-06 10:18:54+00:00,negatif
min nangis gak klo sty out🙃😞😢,2025-01-06 10:18:19+00:00,netral
pak Prabowo minta tolong kok Kalimantan tengah tidak di kasih MBG,2025-01-06 10:14:48+00:00,netral
kenapa harga jd pd naik katanya buat barang mewah saja 😔,2025-01-06 10:14:33+00:00,negatif
makan bergizi di Tegal kagak ada kocak🗿,2025-01-06 10:09:55+00:00,netral
pengen dong min di sapa😅,2025-01-06 10:07:52+00:00,negatif
min di daerah Pemalang Jawa Tengah ko belum ada makan gratis ya?,2025-01-06 10:06:39+00:00,negatif
"min izin bertanya🙏
SMK dapat makan grstis juga min🙏",2025-01-06 10:05:28+00:00,positif
"Gerindra membalas komentar anda
(andaikan)",2025-01-06 10:04:49+00:00,negatif
PAKK SEKOLAHKU KOK BLM ADA MAKAN GRATIS NYAAA😭😭😭😭,2025-01-06 10:03:55+00:00,positif
turunin harga pancing tegek rawit 😅,2025-01-06 10:03:18+00:00,netral
min kapan makanan gratis nya di maospati,2025-01-06 10:02:03+00:00,negatif
min kok STY di ganti min 😭😭😭💔,2025-01-06 10:01:03+00:00,positif
gerindra a nya itu apa sih,2025-01-06 09:59:22+00:00,positif
siapa calon pelatih timnas minn,2025-01-06 09:57:53+00:00,positif
min aku gk ketawain pak perabowo ya aku cuman ketawa kerna komen😭,2025-01-06 09:54:34+00:00,negatif
di sekolah ku ga ada program makan gratis min SDN titim Fatimah,2025-01-06 09:54:19+00:00,positif
🥰,2025-01-06 09:53:11+00:00,positif
"lapor Om @gerindra @Gibran Rakabuming sd TKIT Arafah depok makan siang gratis telat, laporan selesai",2025-01-06 09:47:43+00:00,negatif
woy mana makanan gratis nya mana,2025-01-06 09:46:48+00:00,negatif
min bener GK pas puasa libur satu bulan kalo GK bener liburin aja ya min soal nya pasti cape,2025-01-06 09:43:14+00:00,negatif
MAKAN SIANG GRATIS NYA MANA MINNNNNNNNN,2025-01-06 09:42:46+00:00,negatif
mkn gratis kpn😅,2025-01-06 09:41:24+00:00,positif
mindra skolah swasta dapat makan gratis gak?,2025-01-06 07:42:48+00:00,negatif
"TOLONG BANTU SAYA PAK, SAYA HABIS KENA TIPU 10jt DENGAN MODUS AFFILIATE LAZADA , SAYA HARUS LAPOR KEMANA AGAR UANG SAYA BISA KEMBALI😭😭",2025-01-06 07:36:07+00:00,netral
"kenapa susah² kerja keras buat negara,naik turunin harga barang, kenapa ga cetak uang banyak² aja biar negara cepet kaya ?? 😌🤑",2025-01-06 07:35:06+00:00,negatif
"min , program makan siang gratis di Lamongan kpn!!",2025-01-06 07:33:58+00:00,positif
di hapus sama guru saya pak,2025-01-06 07:33:32+00:00,positif
kapan makanan gratis nya,2025-01-06 07:33:12+00:00,positif
min di Jawa tengah belum ada makan gratis,2025-01-06 07:33:07+00:00,negatif
"pak ini saya foto in makan gratis nya,kok langsung di hapus tolong di Jawab terimakasih 🙏🏻🙏🏻",2025-01-06 07:33:07+00:00,negatif
min kapan kita di kasih makan sama pak Prabowo,2025-01-06 07:32:28+00:00,negatif
gw stel vt ini di tv biar bapa Mak ma kakak gw yang nyoblos sebelah panas HAHAAHAHAHAAHAHAAAHHAHAHA PUAS BET PUAS GW,2025-01-06 07:30:44+00:00,negatif
Pak saya mau komen masalah P3k Guru. Yang katanya semua honorer di angkat menjadi P3k? Skg di kota saya jadi beda lagi 😭,2025-01-06 07:30:21+00:00,negatif
😇😇😇,2025-01-06 07:27:50+00:00,positif
terima kasih makan gratis nya pak🥰,2025-01-06 07:27:45+00:00,positif
"min kapan ni bersih"" di institusi polri sudah terlalu banyak oknum"" yang nyusahin masyarakat",2025-01-06 07:24:29+00:00,negatif
"saya ko kuatir ya, di era pak Prabowo terlalu memberikan bantuan ini itu,
apakah imbasnya nanti di akhir jabatan utang Indonesia semakin mnumpuk",2025-01-06 07:24:02+00:00,negatif
Mana nih makan gratisnya sukomakmur belum pak,2025-01-06 07:23:51+00:00,negatif
"min gerindra, katanya program makan gratis tanggal 6 januari. kok di sekolah aku belum ada",2025-01-06 07:23:46+00:00,negatif
pak jangan Adain ujian nasional lah🗿,2025-01-06 07:22:34+00:00,positif
minnn ini puasa jadi libur apa kagak kita butuh kepastian😭😭,2025-01-06 07:21:54+00:00,negatif
"min tolong suruh pak presiden jangan pecat sty min 🙏🙏🙏 biar pak presiden yang bilang ke pak erik
https://vt.tiktok.com/ZS6PuUt81/",2025-01-06 07:21:06+00:00,negatif
"min tolong suruh pak presiden jangan pecat sty min 🙏🙏🙏 suapaya pak presiden yang bilang ke pak erik
https://vt.tiktok.com/ZS6PuUt81/",2025-01-06 07:21:00+00:00,negatif
"min tolong suruh pak presiden jangan pecat sty min 🙏🙏🙏 biar pak presiden yang bilang ke pak erik
https://vt.tiktok.com/ZS6PuUt81/",2025-01-06 07:20:34+00:00,negatif
pak makan gratis nya kok belum nyampe Magetan,2025-01-06 07:19:27+00:00,positif
🙏,2025-01-06 07:19:12+00:00,positif
😅,2025-01-06 07:19:09+00:00,positif
😅,2025-01-06 07:18:48+00:00,positif
"min tolong suruh pak presiden jangan. pecat sty min 🙏🙏🙏
https://vt.tiktok.com/ZS6PuUt81/",2025-01-06 07:18:23+00:00,negatif
"saya hanya usul,lebih baik uang,uang bantuan tida usah di keluar kan ,karna hanya membuat kegaduhan di masyarakat,",2025-01-06 07:17:56+00:00,negatif
"pak kontrak saya juga naik ,,mau pulang kampung tapi di Tegal ngga ada kerjaan
cari duit nya di Tangerang
😭😭",2025-01-06 07:17:35+00:00,negatif
pak SDN 093 pku blm dapat makanana bergizi gratis pak,2025-01-06 07:17:05+00:00,positif
min di sumedang jawa barat belum ada makan gratis,2025-01-06 06:04:17+00:00,negatif
"@partaigerindra mindra kawal dong kasus polsek cinangka🙏
Oknum Polazy di Cinangka sangat meresahkan, bahkan sampai nyawa yang melayang🙏",2025-01-06 06:04:10+00:00,positif
min kata nya makan gratis ke Pemalang dong minnn mana nih makanan gratis nya 😂😇,2025-01-06 06:03:22+00:00,negatif
min turunin harga ninja ss,2025-01-06 06:00:12+00:00,positif
harga akun epep di ppn 12% juga nih😹🔥,2025-01-06 05:57:50+00:00,negatif
pak cara jadi ganteng gimana?,2025-01-06 05:57:40+00:00,netral
kalo hukuman maling kecil selalu yg terberat bubarkan saja pengadilan kita serahkan pengadilan kepada TNI..pasti tidak pandang bulu pak,2025-01-06 05:55:46+00:00,negatif
min kok gaada makan gratis,2025-01-06 05:55:32+00:00,positif
pak grindra Kalsel tanah laut kapan dapat program makan gratis,2025-01-06 05:55:25+00:00,positif
"kabupaten pandeglang paling terkenal jalan rusak di desa"" tolong di audit",2025-01-06 05:55:16+00:00,negatif
listrik dulu 25 rb skrng bisa 50rb .,2025-01-06 05:55:09+00:00,negatif
min puasa libur rin sekolah 🙏,2025-01-06 05:53:59+00:00,positif
min katanya hari ini sdah dapat makanan gratis tadi gw sekolah kok ga dapat,2025-01-06 05:53:38+00:00,positif
min bilangin ke bpk prabowo makasi ya makan nya hehe,2025-01-06 05:51:22+00:00,negatif
"tapi kenyataan di lapangan semua harga² sudah pada naik Bapak terutama bahan bangunan seperti semen pasir besi dll, mereka para pedagang bilang pajak naik 😭😭😭😭😭",2025-01-06 05:48:20+00:00,negatif
pak Prabowo tolong gratisin lapor polisi pak mama saya kecelakaan di tabrak orang yang salah malah kabur tolong pak 😭😭😭😭😭😭😭,2025-01-06 05:47:09+00:00,negatif
min kok sekolah gw belom dapet susu gratis,2025-01-06 05:43:59+00:00,positif
min bagusan Beat atau Scoopy,2025-01-06 05:43:59+00:00,negatif
pa kapan makan geratis,2025-01-06 05:43:36+00:00,netral
item dalam game seperti diamond apakah kena juga?,2025-01-06 05:41:46+00:00,netral
dikendari hrga ikan dikenakan ppn sebesar 5%. pdhal tertulis dstu bahwa ikan tidak dikenakan ppn yakni ppn 0% @partaigerindra,2025-01-06 05:40:25+00:00,negatif
beeeh pokonyaaa tepaaaat sasaran inimah..pass selalu di hati presidenku,2025-01-06 05:38:22+00:00,negatif
"Sehat selalu pak,wajah bapak keliatan cape bgt, pasti bapak pusing yaa, mikirin ini itu 🥺",2025-01-06 05:34:00+00:00,positif
mbe makan gratis nuu,2025-01-06 05:33:04+00:00,positif
pak kok sekolah ku belum ada makan gratis..,2025-01-06 05:32:23+00:00,positif
Kepentingan apaan sekolah gua aja gda makan gratis,2025-01-06 05:30:43+00:00,positif
"Pak ternyata jadi bapak tuh pusing bgt ya kalo dipikir2🥺 apalagi sekarang ada program makanan gratis yang perharinya 3000ribu makanan stiap gudang, blum lagi seluruh Indonesia🥺perhari loh itu🥺",2025-01-06 05:30:25+00:00,negatif
min saya mau konfirmasi saya tadi sekolah dapet makan gratis tapi lauk nya cuma tempe sama bakwan jagung gak dapet susu lagi,2025-01-06 05:30:24+00:00,negatif
minn sekolahan gw belum dapet makanan gratis,2025-01-06 05:30:07+00:00,positif
jakarta timura,2025-01-06 05:29:43+00:00,netral
"Tp knpa harga cabe meroket min, skrg jd 120rb/kg 😭",2025-01-06 02:10:49+00:00,netral
min apakah Benar pas bulan puasa libur 1 bulan full?,2025-01-06 02:09:06+00:00,negatif
pak presiden yang terhormat tolong pak aplikasi pinjol di tiadakan soalnya mresahkan telat baru sehari kok di teror menerus di ancam lagi tolong pak makasih pak sebelumnya,2025-01-06 02:04:54+00:00,negatif
Pak turunin harga cabe pak😭😭😭,2025-01-06 02:03:17+00:00,positif
"min benarkah, libur 1 bulan pas puasa itu hoax?",2025-01-06 01:56:47+00:00,negatif
min aku mulai jatuh hati sama kamu😭,2025-01-06 01:44:19+00:00,negatif
min emang bener pas bulan Ramadhan libur min,2025-01-06 01:43:23+00:00,negatif
🥰,2025-01-06 01:40:32+00:00,positif
"mindra kok makin kesini bahan baku makin mahal ya 😌 cabe 120rb/kg, telor 30rb/kg, minyak 1 liter 19rb , beras juga dikit dikit naik",2025-01-06 01:40:24+00:00,negatif
@gerindra gaji kader posyandu 140 kena pajak jadi 116 di Berau Kalimantan Timur tolong di priksa aparat nya min... tambang ilegal meraja lela...,2025-01-06 01:40:07+00:00,negatif
"min impo loker dong,capek jadi beban keluarga🙃",2025-01-06 01:39:30+00:00,negatif
"@gerindra min berulang aku komen gak di tanggepin....min tolong.. di Berau Kalimantan Timur..mosok bayar PDAM naik 200%>> biasa bayar 350 jadi 1050000.
500 rebu jadi 12 juta....priksa bupatinya",2025-01-06 01:36:22+00:00,negatif
min cara biar dia suka sama aku gimana🙃,2025-01-06 01:29:58+00:00,positif
"Dear admin @gerindra min saya ga minta yg aneh aneh min, cuman minta tolong bgt masalah agus sendih banget tolong usai kan saja min, saya cape bosen dan muak selalu muncul di beranda saya min 🥺🙏🏻",2025-01-06 01:29:40+00:00,negatif
tolong pak hentikan judi online yg bikin orang malas kerja dan banyak hutang🙏🙏,2025-01-06 01:21:02+00:00,negatif
asik,2025-01-06 01:19:02+00:00,positif
Iyo jngan bagi orang yang mampu saja tolong di setarakan Waga yng kurang mampu buat SKCK saja susa nya minta ampun,2025-01-06 01:18:03+00:00,negatif
🥰,2025-01-06 01:13:15+00:00,positif
"min.. kemarin aku baru beli mie instan naik 500 rupiah
dari 1500 jadi 2000😌",2025-01-06 01:12:23+00:00,negatif
"pip tolong yg ga mampu ga dapet ,yang kaya malah dapet pip😭😭😭",2025-01-06 00:52:22+00:00,netral
min emang sekolah swasta gk dapet program makan gratis? katanya di mulai tanggal 6?,2025-01-06 00:45:55+00:00,negatif
min dari pemerintah pusat udh bener tp d lapangan kadang ada yg manfaatin kn GK semua orng mengerti tentang pajak ini jadi masyarakat biasa percaya aja klu Apa2 naik,2025-01-06 00:45:28+00:00,negatif
"minn,turunin hati dia buat aku dong, susah digapai soalnya☹️",2025-01-06 00:45:07+00:00,positif
😁,2025-01-06 00:43:26+00:00,positif
Min kenapa koruptor tidak di botakin seperti hal nya maling ayam jika tertangkap?,2025-01-06 00:42:21+00:00,negatif
liat listrik diskon 50% langsung otw nge cek eh ternyata sama saja 🙃,2025-01-06 00:34:35+00:00,negatif
bantu saya pak prabowo,2025-01-06 00:33:10+00:00,positif
❤,2025-01-06 00:26:56+00:00,positif
om kok sekolah ku gak dapet nasi gratis,2025-01-06 00:23:56+00:00,positif
min mending HONDA WIN atau RX-King?,2025-01-05 16:43:49+00:00,negatif
"min
emang bener bulan puasa libur selama puasa??",2025-01-05 16:35:28+00:00,negatif
pak libur kan sklh 1 Bulan pliss pak 😭🙏🏻,2025-01-05 16:34:23+00:00,negatif
min gua mau ngadu tentang uang pensiun guru di @provinsi.banten belum turun aja.. khususnya guru SMA.. kasian ibu gua min 3 bulan gaji sama uang pensiunanya belum turun aja terhitung dari bln nov,2025-01-05 16:33:38+00:00,negatif
min turunin harga sepeda fixie min,2025-01-05 16:32:06+00:00,positif
cabe mahal bgt min tolong😭,2025-01-05 16:25:19+00:00,positif
min nanti pas bulan puasa libur sebulan ya,2025-01-05 16:25:11+00:00,negatif
"min petani karet pingin harganya naik seperti jaman SBY, petani karet harganya sekarang lagi gak seimbang sama perawatan dan pupuk, belum kebutuhan lainnya. pingin karet di perhatikan juga",2025-01-05 16:19:26+00:00,netral
😁,2025-01-05 16:11:57+00:00,positif
🥰,2025-01-05 16:11:21+00:00,positif
prabowo mantap,2025-01-05 16:04:44+00:00,positif
"ADA UANG BISA DI BICARAKAN
MENYALA NEGARAKUU🔥🔥",2025-01-05 16:03:03+00:00,netral
turunkan harga supra x 125 minn,2025-01-05 16:02:56+00:00,negatif
min libur bulan puasa di rumah aja biar gk mokel 🗿,2025-01-05 16:02:32+00:00,negatif
turun kan harga feloz sultan pak legal kan feloz surtan sakit kepala siap ok bold pak tolongggg!!!,2025-01-05 15:59:15+00:00,negatif
min kata-kata hari ini??,2025-01-05 15:58:31+00:00,negatif
🥰,2025-01-05 15:57:24+00:00,positif
🥰,2025-01-05 15:53:18+00:00,positif
min bagusan Vario apa beat?,2025-01-05 15:50:54+00:00,negatif
tolong naik kan harga rempar kayu manis min,2025-01-05 15:47:47+00:00,negatif
min kalo sekolah swasta mts kebagian gak makan gratis,2025-01-05 15:45:43+00:00,netral
pak turun KAn harga biled pak,2025-01-05 15:42:33+00:00,netral
"@gerindra honorer dong yang dinaggkat semua jadi ASN/PPPK, regulasi nya masih kacau, jangan pajak aja yang di naikin kasian masyarkat..",2025-01-05 15:42:28+00:00,negatif
😌,2025-01-05 15:40:47+00:00,positif
min emang bener puasa libur 1 bulan apa hoax🙏,2025-01-05 15:40:07+00:00,negatif
libur 1bulan hoax ya min?,2025-01-05 15:38:07+00:00,negatif
Min Cewe setia cari dimana min😂,2025-01-05 15:37:37+00:00,netral
❤️,2025-01-05 15:36:04+00:00,positif
"Min tolong dong respon saya, hapus keanggotaan parpol saya di gerindra yg d daftar tanpa izin saya. saya sudah urus dari 2 bulan yg lalu, tapi belum d hapus jg dr keanggotaannya.",2025-01-05 15:35:26+00:00,negatif
bulan ramadhan benar libur nih?,2025-01-05 15:33:51+00:00,negatif
min lelaki kalo sedih lari kemana🥺?,2025-01-05 13:31:45+00:00,negatif
"@NAFISAH real 🥶:min betul gk,bulan puasa libur?",2025-01-05 13:31:31+00:00,negatif
"min bisa bikin dia balik lagi ga min,di tahun ini?🙂",2025-01-05 13:31:12+00:00,negatif
"Mimin ganteng toolooongg kampung kami tenggelam kena banjir, jalan pada putus masak tidur di atas air orang tahun baruan pada bahagia kami berduka, posisi di pulau rimau banyuasin,palembang sumsel😭",2025-01-05 13:29:05+00:00,negatif
"soal"" tentang makan gratis ,gmna solusinya klo ada yang picky eater min?",2025-01-05 13:25:09+00:00,netral
love sayangky🥰,2025-01-05 13:24:51+00:00,positif
pak kapan makan siang gratis nya saya tunggu di blora😁,2025-01-05 13:24:21+00:00,positif
captionnya niat banget min🗿,2025-01-05 13:23:58+00:00,negatif
min gimana tanggapan mimim tentang bos rental mobil ?,2025-01-05 13:22:21+00:00,netral
udah 2025 tapi di daerah gua belom ada makan gratis😡😤,2025-01-05 13:21:59+00:00,negatif
bulan ramadhan libur ful 1 bulan ga,2025-01-05 13:21:51+00:00,negatif
min lebih kren pega apa supra,2025-01-05 13:18:40+00:00,negatif
halo pak Prabowo makan bergizi lagi kah kalau masih sekolahhan di Lampung Timur ya di negara bati,2025-01-05 13:18:05+00:00,negatif
@💥:minta saran bagusan pega zr apa rx king kobra,2025-01-05 13:16:59+00:00,negatif
minn makan pake apa,2025-01-05 13:16:41+00:00,positif
Pak turunin harga motor vario,2025-01-05 13:15:54+00:00,netral
min lebih keren Ashley atau ACR ??,2025-01-05 13:11:21+00:00,negatif
😳😳😳,2025-01-05 13:10:28+00:00,positif
"bapak Presiden yang kami Cintai, mohon selamatkan nasib kami para Dosen Tetap Non Asn di KEMENTERIAN AGAMA yang tidak ada formasi PPPK Tahap 2 di Kampus UIN, akibatnya kami terancam PHK Massal 😭😭😭😭😭, @gerindra @Gibran Rakabuming",2025-01-05 13:10:10+00:00,negatif
"Bersih"" Jendral 🇮🇩❤️🔥",2025-01-05 13:09:44+00:00,netral
"min tolong bilangin k bapak gemoy saya Ng DM ig ,,,boro"" d bls d baca aja kagak,,😥apa LG d ajak ktmuan😪😪😪😪",2025-01-05 13:09:22+00:00,netral
🥰,2025-01-05 13:09:16+00:00,positif
🥰,2025-01-05 13:08:42+00:00,positif
😁,2025-01-05 13:08:42+00:00,positif
"pak aku mau libur puasa libur 1 bulan.aku mau kumpul sama keluarga, kangen tau pak sam keluarga.",2025-01-05 13:08:04+00:00,negatif
min gimana tentang libur 1 bulan ful jadi gk min🤔🤔🤔,2025-01-05 13:06:08+00:00,negatif
min udah berak ?,2025-01-05 13:06:04+00:00,negatif
top up epep gimana min😁🙏,2025-01-05 13:05:36+00:00,positif
pak kapan nih mkn gratis nya nyampek solsel boong ya bapak,2025-01-05 13:05:30+00:00,negatif
kapan makan gratis min,2025-01-05 13:04:38+00:00,negatif
"Min, jadi cici ai aja, biar kita bisa curhat..... 😭",2025-01-05 09:24:04+00:00,negatif
halo min,2025-01-05 09:21:59+00:00,positif
i,2025-01-05 09:21:20+00:00,positif
yg bilang harga di warung2 naik yaa itu gara2 elu2 pada yg koar2 ga jelas bikin panik rakyat yg minim literasi😑,2025-01-05 09:20:58+00:00,negatif
pak turunin harga velg vnd dong pak🥰,2025-01-05 09:19:57+00:00,netral
Mind Proliga sudah bergulir masak gak di tayangin di YouTube pelit Amat kalah sama liga korea🤕🙏,2025-01-05 09:16:00+00:00,negatif
min emng bulan puasa libur 1 bulan pul kan,2025-01-05 09:15:59+00:00,negatif
pak tolong kis saya pak... masak di cabut sama pemerinta.,2025-01-05 09:11:55+00:00,negatif
"intinya mah gini, kalo ada perusahaan atau retail yg menggunakan ppn di struk berarti main curang",2025-01-05 09:05:18+00:00,negatif
"Negara merdeka , maka rakyatya juga wajib merdeka ... jgn terlalu di bebani di beratkan untuk bayar pajak"" . Rakyat kecil sudah susah jangan di buat makin susah gara"" mahalnya bayar pajak.",2025-01-05 09:02:44+00:00,negatif
"maju terus bapak presiden
sehat selalu",2025-01-05 09:00:27+00:00,positif
"kata ibu aku yang bilang/bikin video ""dipalak sri mulyani"" itu orang-orang males baca😭😭😭",2025-01-05 08:57:43+00:00,negatif
min apa benar makan gratis mulai 6 Januari?,2025-01-05 08:55:16+00:00,negatif
min knpa ya klo setiap ngelapor ke polisi harus make duit baru di layani,2025-01-05 08:51:12+00:00,negatif
pak makan gratis di purwakarta kapan pakkk,2025-01-05 08:46:16+00:00,positif
"min, jasa mewah pake baling-baling bambu sama Appa avatar naik juga pajaknya?",2025-01-05 08:38:26+00:00,negatif
min lebih bagus sepak bola atau fuksal min,2025-01-05 08:35:49+00:00,netral
😔,2025-01-05 08:33:27+00:00,positif
min emang bener yang berita...pak Prabowo menerabkan tidak boleh memegang hp pada anak umur 16 tahun kebawah?? kalo sampe bener..kasian yang di tinggal ortu nya kerjaa min..komunikasi kan lewat hp😭😭,2025-01-05 08:25:54+00:00,negatif
min kapan makan gratis nya😁,2025-01-05 08:19:43+00:00,positif
😁,2025-01-05 08:11:57+00:00,positif
𝒎𝒊𝒏 𝒕𝒖𝒓𝒖𝒏𝒊𝒏 𝒉𝒂𝒓𝒈𝒂 𝒛𝒙 𝒋𝒂𝒅𝒊 10 𝒓𝒊𝒃𝒖,2025-01-05 08:01:11+00:00,positif
min turunkan harga Gran max pick up,2025-01-05 07:59:18+00:00,positif
min nya asik 🤣,2025-01-05 07:59:07+00:00,positif
😁,2025-01-05 07:58:36+00:00,positif
@gerindra mhon pemerinta Luwu utara diperiksa baik desa dll Banjir yang dari tahun 2021 tidak bisa diatasi dan pengaspalan sama sekali tidak ada untuk desa2 dan terlambatnya gaji P3K dibayarkan,2025-01-05 07:56:03+00:00,negatif
Min bayarin S2 dong😌,2025-01-05 07:54:10+00:00,positif
min... Gucci atau cinta ku pada mu?,2025-01-05 07:52:47+00:00,negatif
min sapa aku dong😁😁😁😁,2025-01-05 07:44:44+00:00,positif
korupsi,2025-01-05 07:43:31+00:00,negatif
info loker mim bisa bantu saya ngga min🙏🙏,2025-01-05 05:03:29+00:00,netral
Mindra apakah benar ya air laut naik ke langit terus menjadi air hujan?,2025-01-05 05:03:19+00:00,negatif
min carikan saya pekerjaan.dirumah bapak presiden juga gk papa.nyabuyin rumput atau apa yg penging kerja tolong🙏,2025-01-05 05:02:50+00:00,negatif
gerindra kapan makan geratis sampai ke maluku Utara,2025-01-05 05:02:01+00:00,negatif
POLISI INDONESIA BOBROK BOS,2025-01-05 04:57:07+00:00,negatif
"Min gw manusia , klo Mimin apa ? ( ga boleh sama )",2025-01-05 04:56:11+00:00,negatif
aku percaya sama bapak prabowo.. semangat pak.. lanjut engga usah denger mahasiswa yg di bayar ama yg punya barang mewah.,2025-01-05 04:55:48+00:00,negatif
"min apakah benar saya melihat fyp saya ada tuh ""Prabowo Subianto akan tidak akan memboleh kan anak dibawah 16 di larang menggunakan hp""?",2025-01-05 04:52:46+00:00,negatif
min libur sekolah pas puasa min,2025-01-05 04:48:39+00:00,netral
tapi banyak pihak tidak bertanggung jawab yang tetap menaikan jualannya min. enaknya di apain min?,2025-01-05 04:27:30+00:00,negatif
aku penggemar mu min,2025-01-05 04:26:39+00:00,positif
"btw apa pendapat mimin @partaigerindra persoalan nenek pencuri batang kayu dan pencuri uang negara yg sampai ratusan T ,tapi hukumannya hampir di setarain🫣",2025-01-05 04:26:37+00:00,negatif
YTH.BAPAK PRABOWO TOLONG ATURAN BPJS YG BARU TERAPI ANAK JANGAN DIBATASI SAMPAI 7 TAHUN😭,2025-01-05 04:22:37+00:00,netral
min bersihin jalan kasongan min😭🙏,2025-01-05 04:05:05+00:00,positif
"kayu = 5th
ayam = 7th
300T = 6,5th💀",2025-01-05 04:02:53+00:00,negatif
"@partaigerindra cara Copy caption nya gmana, saya malas ngetik 😂",2025-01-05 04:01:36+00:00,negatif
pak sekolah saya ga dapet makan gratis pa,2025-01-05 03:56:11+00:00,positif
"Msh banyak rakyat yg blm paham, jadi perlu disidak krn banyak barang yg ga seharusnya harga naik tapi dinaikan😭 ke pasar beli cabe 5rb berasa kek beli 2rb nangisssssss dpt cuma 8biji dong😭😭",2025-01-05 03:55:09+00:00,negatif
Orang indonesia mah kebanyakan telinga dari telinga coba simak baca detail jngn maen gegara pajak gegara pajak klo alesannya buat kemajuan negara ya ayok dukung,2025-01-05 03:52:33+00:00,netral
min kata tukang warung odol sama sabun mandi ikut naik bener gak itu katanya barang mewah..bukan itu kebutuhan yah😊,2025-01-05 03:50:56+00:00,negatif
"admin mau tanya kenapa orang korup 300 triliun di penjara 6,5 tahun sementara make cit di ml akun ku kena band 30 tahun",2025-01-05 03:47:51+00:00,negatif
min turunin harga kapal lah,2025-01-05 03:47:13+00:00,negatif
Min apa nanti pas Ramadhan sekolah diliburkan?,2025-01-05 03:47:12+00:00,negatif
pak tolongin nenek ituu pak kasih an pak brabowo,2025-01-05 03:44:01+00:00,netral
min mana makanan gratis nya harus di tepati kalo di kampung juga laa min si kabupaten Bangkalan kecamatan geger smp al as'ary,2025-01-05 03:41:01+00:00,netral
"min apa benar makanan gratis di luncurkan seluruh sekolah indo
sehari apa setiap hari min dan daftar makanan nya uda keluar untuk setiap daerah apa itu benar min ?",2025-01-05 03:39:40+00:00,negatif
min boleh ck dm@gerindra,2025-01-05 03:32:14+00:00,netral
😁,2025-01-05 03:27:38+00:00,positif
"@gerindra min tolong dong untuk pajak PPN iklan di platform digital (google, Ig, tiktok dll) di hapus atau di kurangi, kita iklan itu kan mau mulai usaha belum tau untung atau rugi berhasil atau gagal dalam bisnis. Masak belum tau hasil bisnis itu udah dikenakan pajak. Berat sekali beban itu min katanya bisnisn harus transformasi digital tpi di hajar PPN biaya iklannya",2025-01-05 03:22:21+00:00,negatif
min tolong honorer diangkt semua full time,2025-01-05 03:20:38+00:00,positif
"kasus fufufafa tenggelam , kasus korupsi yaqut tenggelam , maling trilyunan di hukum LBH rendah dari maling ayam , hukum apa yg kalian tegakkan????",2025-01-04 17:27:27+00:00,negatif
min upami abi uken janda di pasihan moal,2025-01-04 17:25:30+00:00,netral
min. tolong dong di pedesaan banyak begal😭.,2025-01-04 17:20:39+00:00,netral
mas anis mas anis 😂,2025-01-04 17:12:37+00:00,netral
min ilangin razia rambut dong seluruh sekolah 🗿,2025-01-04 17:05:55+00:00,negatif
min gw pengen beli zx 25 tp mahal bisa di turunin GK min 10 ribu aja😅😅😅😂,2025-01-04 17:03:15+00:00,negatif
🙏,2025-01-04 17:02:10+00:00,positif
saran ajha min ni dari saya masyarakat ekonomi lemah kasih Lebel resmi tiap produk yg gak kena pajak 12 % biar gak ad oknum ya g memanfaatkan situasi seperti ini,2025-01-04 16:58:09+00:00,negatif
gerombolan sakit hati yg 16% sama 24% mana mau baca min...mana paham mereka 😭.padahal kenaikan PPN hanya 1% yakni dari sebelumnya 11% naik 1% jadi 12%.dan itupun hanya untuk barang mewah.🤦🏽,2025-01-04 16:56:49+00:00,negatif
tp min klo salah 1 naik pasti semua ikut naik min. ini para pedagang di pasar2 udah pada naikin harga kebutuhan pokok.,2025-01-04 16:52:18+00:00,negatif
🥰,2025-01-04 16:46:13+00:00,positif
"Malam min , sehat selalu ya jaga kesehatan. 🤗 Oya min btw, kenapa si pejabat selalu dpt fasilitas seperti sultan? 😭 Sedangkan aku gatega liat orang2 susah dipinggir jln😭",2025-01-04 16:45:35+00:00,netral
maaf pak kami pensiun dini yg suami meningga pesangon 50% pensiun bulanan 1500000 tp anak2 msh umuran SD buku cetak hrgax sampai plng murah 500000 blm kebutuhan hr2 yg makin meningkat,2025-01-04 16:43:59+00:00,negatif
@someone:Min izin bertanya ttg yang liburan pada saat puasa itu apakah hanya untuk sekolah negeri atau semuanya apakah sekolah sekolah asramaa dan pesantren pesantren jg ikut libur pada saat puasa?,2025-01-04 16:41:15+00:00,negatif
menyalaaa presiden gemoyku 🔥,2025-01-04 16:40:17+00:00,positif
pak turunin harga indomie jadi 2rb,2025-01-04 16:36:22+00:00,negatif
pa milih epep apa bussid?,2025-01-04 16:35:44+00:00,netral
"min emang bener suka nonton donghua juga ""BTTH"" ???",2025-01-04 16:34:17+00:00,negatif
PENTING NYA MEMBACA😇,2025-01-04 16:32:43+00:00,positif
assalamualaikum min,2025-01-04 16:27:49+00:00,netral
Assallamuallaikum pak Tolongin pemuda pemuda yang terjebak di Kamboja pak mereka butuh pertolongan kasian pak mereka tolongin pak 🙏🙏,2025-01-04 16:20:26+00:00,negatif
Min mau nanya reaksi mimin saat liat klarifikasi polsek cinangka tapi tiba2 dihapus😁,2025-01-04 16:20:18+00:00,negatif
🥰,2025-01-04 16:19:06+00:00,positif
lu nganggur min? kok banyak bls orang comentar🤣,2025-01-04 16:19:04+00:00,negatif
pak turunin harga tiket pesawat,2025-01-04 16:17:18+00:00,positif
"tolong min didaerah kami hampir seluruhnya,dikalimantan,bahkan sampai didemo min kantor PDAM nya didaerah berau,knp tarif air naik melonjak beberapa kali lipat min,biasa yang byr air 150 rb perbulan naik jadi sampai 500- 800rb, ada yng biasa byr 300 rb tiba tiba byr sampai 1,2 juta padahal bukan orang berada rata rata yang kasih laporan,ada apa ini min tolong dong diusut,kata orang kantor PDAM nya memang sdh hitungannya bgtu dan aturan kenaikan tarif ktnya.",2025-01-04 16:13:37+00:00,negatif
🥰,2025-01-04 16:12:09+00:00,positif
Legal Kan Knalpot Brong,2025-01-04 16:10:32+00:00,negatif
😄,2025-01-04 16:07:35+00:00,positif
😁,2025-01-04 15:55:49+00:00,positif
assalamualaikum,2025-01-04 12:58:39+00:00,netral
min ada loker buat emak2 gak,2025-01-04 12:56:34+00:00,netral
saya Dulu Harap Bahan Pokok Bakal Turun ehh rupanya Malahh Melonjak Tinggi Bahan pakan .,2025-01-04 12:52:18+00:00,negatif
😹,2025-01-04 12:52:07+00:00,positif
Min kok di saya tahun nya 2024 ya,2025-01-04 12:46:40+00:00,positif
"min, cara biar gk cemburu saat crush sekelas bercanda sma tmen yg lain gmn min?😔",2025-01-04 12:46:38+00:00,negatif
😻,2025-01-04 12:44:52+00:00,positif
min buat undang undang ayam tetangga yg suka b***k di teras rumah🤭,2025-01-04 12:40:57+00:00,negatif
min info lokerr minn cape nganggur mulu🙂,2025-01-04 12:38:25+00:00,netral
"Min,, tolong SIDAK PDAM di Kab. Berau min🙏🙏🙏 kerugian dgn alasan biaya operasional apa yg sampai TEGA membebankan warga berau dgn kenaikan 300%-500% 🙏🙏🙏 warga berau mw demo tgl. 7 @gerindra",2025-01-04 12:34:11+00:00,negatif
min kena love bombing,2025-01-04 12:33:01+00:00,positif
min turunin harga sepatu ls reborn,2025-01-04 12:21:55+00:00,positif
min puasa jadi libur GK soalnya kalok libur mau plng ke kampung 🥹,2025-01-04 12:20:44+00:00,negatif
"makasih banget min sama pak presiden, perihal listrik 😭😭😭 yaAllah kebantu bgt.. sehat dan panjang umur untuk bapak presiden dan seluruh anggotanya..",2025-01-04 12:16:44+00:00,positif
"yg masih sewot ppn 12% antara mau beli privat jet, atau emg males baca aja",2025-01-04 12:15:25+00:00,negatif
min bapa besok hadir gak di acara haul Abah guru sekumpul 🙏,2025-01-04 12:12:34+00:00,positif
info jodohku dimana min?,2025-01-04 12:12:05+00:00,negatif
sadar gasih kelean pertamax skrg tu murahh......,2025-01-04 12:07:33+00:00,negatif
"min,, TPG kab. Kayong Utara selalu telat. bahkan nunggak...mohon pencerahannya min...",2025-01-04 12:04:28+00:00,negatif
KENAPA TELUR MASIH MAHAL?😭,2025-01-04 12:00:41+00:00,netral
min bulan puasa libur gak?,2025-01-04 11:59:46+00:00,negatif
"min, berapa kali cristian ronaldo ke indonesia?",2025-01-04 11:59:41+00:00,negatif
dimana makan gratis ku pak prabowo,2025-01-04 11:58:18+00:00,positif
"kayu = 5th💀
ayam = 7th💀
300T = 6,5th💀
menyala negri ku🔥🔥🔥🔥🔥",2025-01-04 11:55:24+00:00,negatif
Macane dadi kucinggg meong’2,2025-01-04 11:55:14+00:00,negatif
mindra harga YAMAHA FIZ R naik apa tetap?,2025-01-04 11:51:10+00:00,negatif
ngakak liat bio gerinda 😅,2025-01-04 11:51:01+00:00,netral
"assalamu'alaikum bg, bismillah maaf bg cma mau ngasi tau gua anak yatim piatu tinggal sendiri... boleh ga sdkt bantuan modalin usaha bg sama perbaiki kendaraan",2025-01-04 11:46:53+00:00,negatif
min lawaknya dingy,2025-01-04 11:44:19+00:00,netral
pak tolong turunin harga chana auranti sama stewarti jadi 30 ribu,2025-01-04 08:13:54+00:00,negatif
pak turunin harga zx25R,2025-01-04 08:11:46+00:00,positif
wifi naik bjir,2025-01-04 08:10:47+00:00,negatif
tapi kenapa makanan2 dialfee... pada naik yah,2025-01-04 08:09:43+00:00,negatif
🥰,2025-01-04 08:07:30+00:00,positif
Paaak Tttutor Fyfff Donggccc,2025-01-04 08:02:08+00:00,netral
"min tolong untuk bantuan pemerintah yang wajib dapat itu memang yang benar² wajib, bukan sodara kades semua min,,
mohon min di tindak lanjutin",2025-01-04 08:01:06+00:00,netral
"min desa ku dana bumdes kog gk ada hasilnya inovasi apapun ya, sebenarnya dana nya di pergunakan semestinya apa masuk kantong se balai desa ya 😳😳😳",2025-01-04 08:00:48+00:00,negatif
"assalamualaikum
mau nanya min
apa benar ibuk hamil dapat bantuan, kalo beneran dapat gimana caranya min🙏🙏🙏",2025-01-04 08:00:12+00:00,netral
min libra dan scorpio cocik gk😭😭😭,2025-01-04 07:53:35+00:00,negatif
min kasih loker min,2025-01-04 07:52:43+00:00,netral
min mie ayam sama bakso kena PPN gk min😁,2025-01-04 07:52:28+00:00,netral
"kayu = 5th
ayam = 7th
300T = 6,5th💀
menyala negri ku",2025-01-04 07:52:22+00:00,negatif
Min jadi gak sklh libur selama bulan puasa?,2025-01-04 07:50:45+00:00,negatif
setuju,2025-01-04 07:49:50+00:00,negatif
"admin @gerindra tolong baca sebentar,
sebenarnya untuk ibu hamil itu ada bansos engga sih,
karna disini setiap ibu hamil dimintain foto ktp pasutri alasanya untuk pencatatan aja..
mohon tanggapannya",2025-01-04 07:48:10+00:00,negatif
"saya cuma sekedar masukan aja min, kenapa yg dapat bantuan anak2 muda yang baru menikah sekian thn, sedangkan d tempatku terutama ibu bapa ku tidak pernah dapat bantuan apapun, kalau ditanyakan",2025-01-04 07:44:42+00:00,negatif
"@user353941672 nih dibaca baik baik,udah akun fake -1 membaca pula",2025-01-04 07:42:03+00:00,negatif
PENTINGNYA MEMBACA CAPTION YAWW,2025-01-04 07:42:01+00:00,positif
sehat selalu min 🙏,2025-01-04 07:36:28+00:00,positif
@partaigerindra min minta tolong banget ini mah pertanyaan aku serius... kan aku admin pembuat faktur pajak yah nah konsultan pajak nya minta KTP buat akun padahal hamba itu karyawan only.,2025-01-04 07:26:18+00:00,negatif
Min relawan mkn gratiss daftr dmna?,2025-01-04 07:24:04+00:00,negatif
🥰🥰🥰,2025-01-04 07:20:10+00:00,positif
"Siang Kak Mimin..ijinkan saya untuk sdkit cerita..Jadi ceritanya sertifikat rmh org tua saya masih berbentuk PETOK..domisili saya dan org tua Batang, Jawa tengah..kbtulan kami warganya Bpk.WIHAJI yg skrg jd menteri kependudukan dan pembangunan kluarga Indonesia skrg ini..Pada masa jbtan Pak Jokowi kn ada program pembuatan sertifikat massal gratis ya min..Lha org tua saya trmsuk slh satu pesertanya..Cm masalahnya sertifikat nya smpe skrg blm jadi...pdhl pas awal pengukuran sama k kelurahan, org tua saya diminta utk membayar sejumlah uang..tp sdh bbrpa tahun brlalu smpe skrg setifikatnya blm jg jadi dgn berbagai alasan..Gmn itu min? Mohon bantuannya @gerindra",2025-01-04 07:19:10+00:00,negatif
min mau di bkinin kopi ga?,2025-01-04 07:17:55+00:00,negatif
"Min 300T kok cuman di hukum 6,5 tahun sihh",2025-01-04 07:15:40+00:00,negatif
kapan Indonesia jadi adil,2025-01-04 07:07:52+00:00,positif
"kayu=5th
ayam=7,5th
300t=6th😅😅",2025-01-04 07:06:06+00:00,positif
lebih bgus nmax ato xmax min😅😅,2025-01-04 07:01:11+00:00,netral
"Tipu Pak,Sy kecewa Pak, katanya jet pribadi n apartmn hrga wow, tp barusan bayar pajak mobil sm motor naik smua,mobil dr 5,6 jt jd 6,3 jta,motor dr 350 rb jd 431,@gerindra sy cilacap ya,hitung sendir",2025-01-04 03:48:34+00:00,negatif
min kasih hukuman yg lebih berat sudh merugikan negara ini yg korupsi 300T,2025-01-04 03:48:02+00:00,negatif
waifu bapak di anime siapa,2025-01-04 03:46:06+00:00,positif
Listrikku baru ngisi dan naik 2x lipat😭🙏🙏🙏🙏🙏🙏 saranghae pakkkk 🤍🤍🤍,2025-01-04 03:45:35+00:00,negatif
😭,2025-01-04 03:44:45+00:00,positif
min apa betul di bulan puasa libur,2025-01-04 03:39:36+00:00,negatif
"bukan nya turun bahan baku,,malah naik,garagara pajak naik,,mgkn ini cara mereka biar rakyat cepat punah,minyak aja 20 RB 1 kl.yg kaya tambah kaya, yg miskin BKN lagi miskin ,tunggu2 mati kelaparan.",2025-01-04 03:38:24+00:00,negatif
jangan cuman bicara pak 271 triliun harus di adili dengan wajar pak masak cuman 6.5 tahun,2025-01-04 03:36:03+00:00,negatif
min untuk listrik yang buat usaha tidak ada diskon ya...😁🙏,2025-01-04 03:35:58+00:00,negatif
libur 1 bulan kita min puasa😂,2025-01-04 03:33:28+00:00,negatif
nganu min,2025-01-04 03:32:34+00:00,netral
🥺,2025-01-04 03:28:21+00:00,positif
😁,2025-01-04 03:28:19+00:00,positif
Pantes cabai 1/4 25 rebu 😭😭,2025-01-04 03:26:05+00:00,negatif
Min kami minta kejelasan untuk kami yg yg blm lolos P3k,2025-01-04 03:23:15+00:00,negatif
min tolong min harga padi cuman 5300 min di wilayah Palembang,2025-01-04 03:22:45+00:00,negatif
🤩,2025-01-04 03:19:14+00:00,positif
Min kerja prabowo sebelum 100 hari sudah sangat luar biasa,2025-01-04 03:17:08+00:00,negatif
Turunin harga rokok surya 16 min 🥰,2025-01-04 03:13:52+00:00,negatif
Gerindra dukung Madrid apa Barcelona 😁🗿?,2025-01-04 03:13:21+00:00,negatif
"jambu alas kulit e ijo seng
di gagas uwes ndue bojo",2025-01-04 03:13:10+00:00,negatif
💗,2025-01-04 03:12:59+00:00,positif
midra sy bersyukur aja karna sy ga punya brang berharga/ mewah 🙏🙏,2025-01-04 03:11:40+00:00,netral
harga minyak dan tepung pak kondisikan jga... akhir2 ini melonjak parah..,2025-01-04 03:09:41+00:00,negatif
otw kirim ke grup keluarga yang isinya anak abah semua😂,2025-01-04 03:09:01+00:00,negatif
ah yang benar?,2025-01-04 03:06:27+00:00,positif
min perbanyak motor astra dong. dan turunkan harganya,2025-01-04 03:04:39+00:00,negatif
"NI ADMIN JUGA MANUSIA BUKN TUHAN ANJIRR JADI STOP MINTA² INI ITU BIAR ADIL, 🥰 DIA JUGA MANUSIA",2025-01-04 03:04:20+00:00,negatif
saya beli online di Lazada seharga harga 40rb tapi di kenakan ppn apakah seharga 40rb itu termasuk kemewahan mautanyak,2025-01-04 03:02:18+00:00,negatif
🥰,2025-01-04 03:00:59+00:00,positif
min apa benar bulan puasa anak sekolah diliburkan 1 bulan penuh,2025-01-03 23:28:04+00:00,negatif
😁,2025-01-03 23:25:55+00:00,positif
PPN tetap harga barangnya tetap naik njir 😂,2025-01-03 23:17:17+00:00,netral
sehat selalu ya pak Prabowo Subianto 🤲🥰,2025-01-03 23:02:59+00:00,positif
🥰🥰🥰,2025-01-03 22:50:22+00:00,positif
"min, bpjs kok sekarang peraturannya mempersulit rakyat. padahal kita juga bayar loh tiap bulan. tolong dong itu bpjs di audit. isunya rame malah karyawan bpjs pake asuransi inhealth. kok gitu si min",2025-01-03 22:35:41+00:00,negatif
min roko juga termasuk ppn 12% ? nasib kami peroko gimana min kalo naik terus -_-,2025-01-03 22:14:58+00:00,negatif
"pinjol gimana min , menyusahkan rakyat",2025-01-03 22:07:52+00:00,negatif
"min ga geram gtu min liat oknum"" pol*i yg nolak laporan masyarakat kmaren saya laporan kasus pengeroyokan di mintain uang pelaku udah di tangkep padahal min tapi pas sore nya mau bikin laporan lagi pelaku udah kluar ini gimna min",2025-01-03 21:53:25+00:00,negatif
emng bener puasa sekolah di libur kan 1 bulan full,2025-01-03 21:31:40+00:00,negatif
"min tlng dong d percepat pulang skolah,masa pulang jam stengah 5? belum pr nya bertumpuk2
gmna yg siswany tulang punggung keluarga? mau pulang jam brp",2025-01-03 20:40:45+00:00,negatif
lombok larang ki pie min aku bakul angkringan gak nggo sambel seng tuku do lungo,2025-01-03 20:19:49+00:00,negatif
"min.
saya punya usul min. kalau bisa komisioner kpu dan bawaslu itu umurnya Diminimalisir menjadi 25 Tahun dengan syarat dan ketentuan, yang paling utama mempunyai pengalaman di tingkat kecamatan.
kasihan yang muda"" min, memiliki potensi dan visioner tapi tidak dimanfaatkan dan diperhatikan oleh negara.
mungkin itu saja usulan saya min.
@partaigerindra",2025-01-03 20:06:23+00:00,negatif
"min masa iuran bulanan warga naik juga, biasa 10.000 jadi 20.000",2025-01-03 20:00:41+00:00,negatif
"@partaigerindracoba jln² ke desa² smua bahan pokok naik, terutama disulawesi, ketika brtanya kok mhl katanya krna PPN 12% naik otomatis smua hrga naik mreka cuman ikut pemerintah 🤣",2025-01-03 19:59:45+00:00,negatif
Dalam Peraturan Menteri Keuangan nomor 141/PMK.010/2021 tentang Penetapan Jenis Kendaraan Bermotor yang dikenai Pajak Penjualan atas Barang Mewah dan Tata Cara Pengenaan Pemberian dan Penatausahaan Pe,2025-01-03 19:46:54+00:00,netral
"Tolong pak prabowo harus tau ini masalah yang lagi viral bos rental mobil di banten, harus dicopot itu jabatan kapolsek cinangka dan pecat jajarannya",2025-01-03 19:46:40+00:00,negatif
🥰,2025-01-03 19:44:02+00:00,positif
sudah tersampaikan😭,2025-01-03 19:43:47+00:00,positif
min harga cabe naik harga sayuran naik min ...alhamdulillah ya min rejekine pak petani.hari ini di mlg 3 jan 75 000 perkilo,2025-01-03 19:29:52+00:00,negatif
🥰,2025-01-03 19:08:10+00:00,positif
min suruh dong pak presiden mampir ke rumah saya silaturahmi aja gitu,2025-01-03 19:03:47+00:00,negatif
min aku tolong aku,2025-01-03 18:51:37+00:00,positif
masyarakat miskin tolong turunkan ppnnya,2025-01-03 18:45:00+00:00,negatif
Min infoin loker🗿,2025-01-03 18:40:47+00:00,positif
"min.. bulan puasa kok gk libur,katanya liburr🗿",2025-01-03 18:34:28+00:00,negatif
min turunin harga bbm dong min😃,2025-01-03 18:29:07+00:00,positif
min tolong bahas aturan baru bpjs kesehatan,2025-01-03 18:28:52+00:00,positif
Min emang pas puasa ga di liburin satu bulan,2025-01-03 14:58:46+00:00,negatif
min kenapa ya BPJS tidak berbayar ( KIS) di nonaktifkan🥺🥺,2025-01-03 14:54:53+00:00,negatif
tolong kaki sya sakit😭,2025-01-03 14:49:03+00:00,netral
"min gimana tanggapan bapak Prabowo tentang korupsi 6,5triliun ?🤔 jawab dong min",2025-01-03 14:42:09+00:00,negatif
min tutor dapat istri yg bohay gimana..?,2025-01-03 14:41:03+00:00,negatif
"kalau masih gak ngerti juga apa yang sudah di jelaskan oleh admin gerinda,, benar2 🧠👎",2025-01-03 14:38:30+00:00,negatif
pa peresiden minta aipon dong,2025-01-03 14:37:33+00:00,netral
tapi min asli pembayaran PDAM BERAU jdi 2kali lipat min yallah ngenes banget dah 😭 @gerindra,2025-01-03 14:36:52+00:00,negatif
min Gerindra tolong dong di youtube banyak promosiin judol di komentar plis min😭😭,2025-01-03 14:35:35+00:00,positif
aturen Dewe penting seneng 😅😅😅,2025-01-03 14:34:51+00:00,positif
"padahal barang mewah yang kena pajak 12%, tapi disini malah sembako yg pada naik😭😭😭😭",2025-01-03 14:30:25+00:00,netral
rakyatmu yg aneh pak.. malah di pasar barang2 naik bangettt. pdahal dari pemerintah gak ada kenaikan bahan pokok makanan😭😭. masak aku beli ayam 1/4kg 15rb. emang ayam sekilo 60rb kah?,2025-01-03 14:26:54+00:00,negatif
"Alhamdulillah.....Pak Presidenku Prabowo Subianto Sayang Pada Rakyatnya, Bangsanya dan Negaranya🤩Ingin Rakyatnya hudup Sejahtera adil merata sampai kepelosok NKRI🙏🥰",2025-01-03 14:25:23+00:00,positif
Captionnya saya baca sampai habis 👍🏻,2025-01-03 14:21:44+00:00,negatif
"nih orang pada baca caption gak sih malah marah² ppn 12%
auto menurun IQ gw kalo baca komenan tiktok mendingan IG",2025-01-03 14:16:28+00:00,negatif
min adain skincare yg ditanggung bpjs dong🤩🤩🥰🥰,2025-01-03 14:15:39+00:00,negatif
mangat min mangaat 😅,2025-01-03 14:15:05+00:00,positif
mie ayam mie kuah,2025-01-03 14:14:46+00:00,netral
"sepatu, sandal bisa naik ga ya😱😱😱",2025-01-03 14:13:16+00:00,netral
"yg ribut² PPN naik 12 persen,itu udah kebeli belum kapal pesiar nya?😭🙏🏻",2025-01-03 14:09:45+00:00,negatif
min mau nasgor ngga?,2025-01-03 14:08:53+00:00,negatif
kembali ke era Suharto aja pak,2025-01-03 14:08:40+00:00,positif
saya laporan tentang judol ke Kominfo udah 10x ga pernah di acc kenapa???,2025-01-03 14:07:56+00:00,negatif
gerinda bukanya buat motong ya😂??,2025-01-03 14:06:52+00:00,negatif
buruh makin pusing ama umr karna gaji buruh buat gaji dpr,2025-01-03 13:59:03+00:00,negatif
min orang tulus gamenya apa,2025-01-03 13:57:07+00:00,negatif
min tolong dicek dulu kepsek SD negeri 101798 pamah delitua kabupaten Deli serdang provinsi Sumatera utara menggunakan jabatan utk memasukkan keluarganya bekerja di sekolah tsb. mulai dari anak sampe menantu.mohon dibantu min🙏🙏,2025-01-03 13:55:48+00:00,positif
🥰,2025-01-03 13:52:48+00:00,positif
min kerjaan dong,2025-01-03 13:50:10+00:00,negatif
"min cobk tlong beacukai cargoan brang dri luar negri diprmudah ksian kita bnyak cargo barang gak smpai""",2025-01-03 11:03:08+00:00,negatif
keluarga gua pendukung abah gua mau kasih liat ini min.,2025-01-03 11:02:44+00:00,negatif
min kok celana dalam di pasar naek si kan yg aku di curi terus jir 🗿,2025-01-03 11:02:22+00:00,negatif
"kayu = 5th
ayam = 7th
300T = 6,5th💀
menyala negri ku🔥🔥🔥🔥🔥🔥",2025-01-03 10:58:34+00:00,negatif
"mslhnya min, beberapa produsen sepertiny udh sengaja naikin harga barang manfaatin chaos di masyarakat mslh PPN 12%, pdhl belum ditetapin naik jadi 12, mlh udh dinaikin",2025-01-03 10:57:07+00:00,negatif
buktinya gajian ku 2minggu 1.390.000 di potong ppn jadi 1.298.000 gmna pendapat admin gerindra?,2025-01-03 10:56:37+00:00,negatif
min ini pasar Caringin sampah nya menggunung bau banget bisa jadi penyakit suka banjir juga tolong min bau banget sampai Belun di proses buat di buang kemana,2025-01-03 10:56:09+00:00,negatif
"min tolong untuk batuan batuan tolong harus tepas sasaran 😭😭 jangan yang punya rumah ,pnya kontakan dapet semua bantuan 😭😭😭",2025-01-03 10:55:20+00:00,negatif
".........,...... . owh🥺",2025-01-03 10:54:03+00:00,negatif
min tolong bls dm ku min,2025-01-03 10:52:39+00:00,positif
"makan siang gratis di Bekasi mana min
sumpah dah di Bekasi ga ke bagian makan siang gratis terutama kan Bekasi harapan indah, indah aja di harapan apa lagi makan siang gratis",2025-01-03 10:52:37+00:00,positif
dan ini di desa saya mind.tolong ti perhatikan baik baik,2025-01-03 10:51:58+00:00,positif
"Mereka itu bekkerja untuk negara dan masyarakat,lantas mengapa pemerintah ke atas tidak menggaji mereka",2025-01-03 10:51:42+00:00,negatif
"mind kenapa gaji kepala desa dan bawahhan nya tidak di kasih kasih, kenapa ini mind coba di perhatikan baik baik",2025-01-03 10:51:03+00:00,positif
min mending kerja apa nikah?,2025-01-03 10:50:41+00:00,negatif
"sebenarnya sudah detail bgts penjelasannya, tapi kenapa di prakteknya semua dinaikkan, beras rakyat yg sphp itu naik 1000/ pack, minuman air mineral, jajan"" anak,santan instan, semua padaa naikkkkkk.. duchh salah paham apa gmn ini?",2025-01-03 10:48:47+00:00,negatif
p,2025-01-03 10:48:39+00:00,positif
min apakah bener bulan ramadhan libur full 1 bulan?,2025-01-03 10:48:38+00:00,negatif
apa bener pak bulan puasa libur 1 bulan?,2025-01-03 10:48:00+00:00,negatif
mi liburin puasa min mau bantu ortu,2025-01-03 10:46:50+00:00,negatif
🥰,2025-01-03 10:45:22+00:00,positif
min.q sedih tiap hujan rumah pada bocor,2025-01-03 10:45:11+00:00,netral
"tiket pesawat kapan turun mind, tolong jawab, mau pulang ke rumah istri di gorontalo harus kerja keras banget",2025-01-03 10:43:53+00:00,negatif
Jadinya yang bener yang mana?,2025-01-03 10:43:49+00:00,netral
ingin di sapa admin gerindra,2025-01-03 10:39:46+00:00,positif
min tolong dong pedagangnya jga di observasi lagi takutnya ada yg nakal naikin harga seenaknya. 😭😭😭,2025-01-03 10:39:28+00:00,negatif
tetep semangat min,2025-01-03 10:38:35+00:00,negatif
🫰🏻🫰🏻,2025-01-03 10:38:14+00:00,positif
tahun baru kemana min,2025-01-03 10:34:48+00:00,positif
min lebih keren fiz R atau rx king,2025-01-03 10:32:31+00:00,netral
🥰,2025-01-03 08:31:15+00:00,positif
"min yang kurupsi itu kok cuma 6,5 tahun beri tangapan donk",2025-01-03 08:23:44+00:00,negatif
rasio pajak = ppnbm,2025-01-03 08:22:06+00:00,netral
"saran min untuk yg akun2 private yg ga jelas tolong di lacak, karna kebanyakan akun2 private ini yg bikin kisruh masyarakat.. bila perlu bikin uu buat pengguna akun",2025-01-03 08:21:49+00:00,negatif
"""Bukany,dari dulu rumusnya gitu.
1. Bikin rencana undang undang yang nyusahin rakyat
2. Setujui undang undang
3. Berlaku nya di 3-4 bulan kedepan
4. Dihari hari terakhir tiba tiba batalin undang²""",2025-01-03 08:19:43+00:00,negatif
💗💗💗,2025-01-03 08:16:06+00:00,positif
min puasa liburin lah😘,2025-01-03 08:16:01+00:00,positif
akun bionya berasa avatar 🤣,2025-01-03 08:15:31+00:00,positif
"min @partaigerindra ...
yg bner aja emak² di KABUPATEN BERAU KALTIM udh pada seneng semalam dpt diskon 50 % di pengsian atau pembelian token listrik eehh tau²nya hari ini dikagetkan sama PDAM yg naikin tarif seenaknya yg biasa bayar 300 ribuan lebih jadi 1 juta 500 ribuan...
gak ngotak kenaikannya 🤦🏻‍♀️🤦🏻‍♀️heboh di sosmed dan smpe didatangin bnyk orang ke kantor PDAM nya...
PLEASE TINDAK LANJUTIN min kasian rakyat yg hidupnya pas²an",2025-01-03 08:14:50+00:00,negatif
min tiket kapal kena ga,2025-01-03 08:14:38+00:00,negatif
"""kurang peduli apa"" .. dih gni amat admin nya.. padahl tu udh kewajiban. mereka yg naikin mereka sendiri yg nurunin.. malah playing victim , merasa jd pahlawan ceritanya 🫠",2025-01-03 08:14:04+00:00,negatif
@oxytocin_stan,2025-01-03 08:09:49+00:00,negatif
tp nyatane ng pasar panggah mundiiiaakk kabeh sembarang kalir ndengah Lo min @partaigerindra,2025-01-03 08:09:27+00:00,negatif
min tutorial ngajak dia pindah agama😌,2025-01-03 08:08:57+00:00,negatif
Info loker min😭,2025-01-03 08:06:50+00:00,positif
"POV : Kami setuju, biar semangat kerjanya ☺️",2025-01-03 08:04:25+00:00,positif
😁,2025-01-03 08:04:18+00:00,positif
"awal tahun agak membagongkan, mulai dri pajak, korupsi triliun hkuman ringan, dan bpjs yg aturannya agak laen😳",2025-01-03 08:00:11+00:00,negatif
min suka truk giga atau Mitsubishi?,2025-01-03 07:57:42+00:00,negatif
"Perpanjang stnk motor tua aja kena kenaikan 20%, gimana nih ?????",2025-01-03 07:57:15+00:00,negatif
"Min yg naik bukan barang dan jasa mewah aja, tqpi telor, cabe dlll semuanya pada naik. Gimana nih min ???",2025-01-03 07:54:30+00:00,negatif
min serius nanya pas bulan puasa kita libur 1 bulan kah min??,2025-01-03 07:51:45+00:00,negatif
dinaikkn lagi biar ada 400T🗿🗿300 ngk cukup,2025-01-03 07:50:58+00:00,netral
tapi gaji ak dipotong banyak bgt bulan ini untuk pajaknya saja 😭😭😭😭😭,2025-01-03 07:48:53+00:00,negatif
minn makasih banyak ya token listrik dapet tambahan mamah aku seneng bgt makasih banyak min🥰🥰🥰,2025-01-03 07:46:49+00:00,netral
min tambah kan sebulan libur 🗿,2025-01-03 07:46:47+00:00,netral
"pdam berau kaltim menyiksa,rmh tngga biasa tdk msuk d akat byr sampe jutaan air aja",2025-01-03 07:45:43+00:00,negatif
"Kayu:5 thn Ayam:7 thn 300T: 6,5thn💀",2025-01-03 07:45:14+00:00,negatif
apaan miinn diluar yg dikasih tw itu udh kena kenaikan ppn,2025-01-03 07:45:04+00:00,negatif
cape ga min bikin capt sepanjang itu biar para SDM rendah ngerti 🥹,2025-01-03 07:44:31+00:00,netral
pak luluskan kami pppk pak🥺,2025-01-03 05:48:59+00:00,positif
pa tolong kami pra penjga sekolah kami puluhan tahun kerja di negara tapi kami miskin pa,2025-01-03 05:48:42+00:00,negatif
"katanya ppnbm min, kok reatail juga dikenakan 12% min? gimana yg bener ya??",2025-01-03 05:45:58+00:00,negatif
"yang demo kemarin pasti menengah kebawah kann?? yang dimana engga kena ppn 12% kenapa pada demo?? belum ada keputusan resmi dari presiden malah pada demo duluan, itu yg demo di bayar sama org org kaya kah? wkwkwkw
2024 ganti rakyat yg dikit dikit demo aja",2025-01-03 05:44:49+00:00,negatif
"Min saya ingin menanyakan perihal gaji PNS min, ibu saya seorang PEGAWAN NEGERI SIPIL. tapi gajinya sangat lama masuknya min, apakah ada permainan di dalam kantor yang ada di ibu saya min? mhn arahann",2025-01-03 05:44:14+00:00,negatif
🗿,2025-01-03 05:41:56+00:00,positif
"saya berharap presiden sekarang lebih baik lagi,lebih maju, bener2 berpihak pada rakyatnya",2025-01-03 05:38:33+00:00,positif
Saya doakan semoga indonesia menjadi negri baldatun toyyibatun sebuah negeri yang mengumpulkan kebaikan alam dan kebaikan perilaku penduduknya. Aminn,2025-01-03 05:37:44+00:00,positif
"min,emng bnr ya,bulan puasa thn 2025..
sekolah libur 1bulan ful?",2025-01-03 05:37:02+00:00,negatif
"biar kalo org beli mikir 2x juga kalo gak penting gak perlu, kecuali kepentingan Bisnis yg produktif tdk sekedar konsumtif",2025-01-03 05:36:34+00:00,netral
hey adek ku belum dijemput ini admin gerinda dimanaaaa😡😡,2025-01-03 05:36:28+00:00,negatif
percuma ganti presiden kelakuan sama ini si 1112 sama kyk pajak 11 per 12 yekan,2025-01-03 05:35:33+00:00,netral
"saya mau blg SMA BPK terimakasih baru x ini saya merasakan pemberian pemerintah dg diskon listrik y Allah,..
biasanya yg PD dpt bantuan hny org itu itu saja.. semoga berkah sehat selalu pak amin yRabb",2025-01-03 05:33:19+00:00,negatif
"min tolong kembalikan.dia sama aku,soalnye aku kangen sama dia min",2025-01-03 05:32:39+00:00,negatif
"owalah ternyata gini toh kenaikan pajak 12% itu, aku liat di tempat ku banyak yg protes serasa semua jenis pajak yang naik 12%",2025-01-03 05:32:13+00:00,negatif
jadikan ibu kantin untuk menjadi mitra gizi makan gratis di sekolah.. biar ada gajinya.. kasian ibu kantin tidak lagi penghasilan kalau ada makan siang gratisnya..,2025-01-03 05:30:39+00:00,negatif
pak harga velk vnd turunin,2025-01-03 05:26:03+00:00,positif
"PAK KASIH SERATUS KATA BUAT ORANG YANG BANG KE SAYA""MATI AJA LU SANA""",2025-01-03 05:23:43+00:00,negatif
"TOLONG TANGGAPAN NYA TERHADAP KASUS HARVEY MOEIS,INI BENAR-BENAR MENYAKITI KAMI!
APAKAH SEBANDING HUKUMAN ITU DENGAN APA YG TELAH DI PERBUAT PELAKU?
INI BENAR-BENAR SEPERTI LELUCON!",2025-01-03 05:22:55+00:00,positif
min emang benar libur bulan ramadhan?,2025-01-03 05:19:58+00:00,negatif
"nggak lulus TMS nggak masuk database juga,nggak bisa ikut seleksi p3k???",2025-01-03 05:18:06+00:00,negatif
gimana yang gak lulus TMS,2025-01-03 05:17:06+00:00,negatif
😁,2025-01-03 05:16:29+00:00,positif
w blm coba bli listrik jd 2x lipat itu sampai kapan ges? aku bln dpt,2025-01-03 05:15:59+00:00,negatif
PPh 21 nakes di RS swasta gimana min apakah ditanggung pemerintah juga ?,2025-01-03 05:15:08+00:00,negatif
"mohon di respon min , apakah harus di penjara orang klo ada utang Bru blm bisa bayar min, bapk saya min di penjara 2bulan sudah bayar separuh utangnya sekarang di cari sama polisi .tolong min 🙏🙏",2025-01-03 05:14:42+00:00,negatif
🗿,2025-01-03 05:14:10+00:00,positif
min bener ga libur 1 bulan penuh pas puasa?,2025-01-03 05:14:04+00:00,negatif
"Min, Jual es Teh Di Sini boleh gak ?",2025-01-03 05:13:33+00:00,negatif
"maaf mas admin ,,katanya yang naik hanya yang mewah2,,kenapa tarif berobat di Puskesmas yang tidak punya BPJS ikut naik,,,mohon pencerahannya🙏🙏",2025-01-03 05:10:49+00:00,negatif
katanya ada bantuan buat balita juga ya min kok aku gapernah dapet yaa 😭😭,2025-01-03 03:03:48+00:00,negatif
BACA CAPTION DULU WOYY AELAH 😩,2025-01-03 03:02:22+00:00,negatif
min syarat dan cara mendaftar menjadi relawan makan gratis gmna ya,2025-01-03 03:02:13+00:00,netral
min boleh ga waktunya dicepetin jadi tahun 2026 bosen min 2025,2025-01-03 03:01:54+00:00,negatif
"pemerintah harus di sidak dan tegaskan untuk kebutuhan bahan pokok yg dr perusahaan main naikan jadi 12%, kasian untuk kalangan menengah kebawah .",2025-01-03 02:59:51+00:00,negatif
Pk presiden terhorma yng kucintai saya ada usul mending di hapus ajha pancasila sila ke 5 sekian taun lamanya gak ada fungsinya🙏🙏,2025-01-03 02:59:19+00:00,positif
Min info link pendaftaran mnjadi relawan makan gratis dong🙏🏻,2025-01-03 02:58:55+00:00,positif
min lebih bagus innova atau pajero min?,2025-01-03 02:58:37+00:00,negatif
🗿,2025-01-03 02:58:34+00:00,positif
"Min 6,5 itu buat ak GK senang",2025-01-03 02:57:16+00:00,negatif
min apakah jodohku XU KAI?,2025-01-03 02:56:11+00:00,negatif
min capek gak d salahin mulu?,2025-01-03 02:54:20+00:00,negatif
😂,2025-01-03 02:53:39+00:00,positif
min di NTT kab ngada kec riung itu jalan nya rusak sedang kan jalan diluar riung itu lumaya tertata namun di kami tidak.mohon untuk di beritahu,2025-01-03 02:53:38+00:00,negatif
🔥🥰,2025-01-03 02:52:01+00:00,positif
min org ter ganteng di bali siapA?,2025-01-03 02:50:56+00:00,negatif
min apakah bulan puasa libur?,2025-01-03 02:50:37+00:00,negatif
min bner ga bulan puasa sekolah liburr???,2025-01-03 02:49:29+00:00,negatif
yang komen kebanyakan barangnya di atas 30m kali ya makanya koar koar atau malah gabisa baca deskripsi,2025-01-03 02:41:58+00:00,negatif
kadang banyak yg gagal faham 😢,2025-01-03 02:41:31+00:00,negatif
ternyata makan gratis di jum'at berkah lebih mudah daripada makan gratis program pak prabowo,2025-01-03 02:38:15+00:00,netral
Terima kasih Pak 💖,2025-01-03 02:37:42+00:00,positif
min besok Maret puasa libur sekolah?,2025-01-03 02:37:02+00:00,negatif
syukur lah wdp ml ga naik wkwkw,2025-01-03 02:36:20+00:00,negatif
sehat sehat bapak 🥹 sampe berkaca kaca mataku mendoakan bapak 🥹🥹🤗,2025-01-03 02:36:06+00:00,netral
"kayu=5 tahun
ayam=7 tahun
300T=6,5 tahun",2025-01-03 02:32:50+00:00,negatif
"gue smpe debat SMA mertua dan laki gue apa"" harga naik nyalahin presiden,, udh d jelasin yg kena pajak hanya barang mewah ehh kaga ngarti""",2025-01-03 02:32:13+00:00,negatif
urusin dl tuh Suami nya Sandra Dewi,2025-01-03 02:30:04+00:00,netral
min semangat min 😎🔥,2025-01-03 02:29:46+00:00,positif
min kpn dampak?,2025-01-03 02:28:31+00:00,negatif
kancaku wingi meet up malah curhat ppm terus.. wis dikandani ppn 12% ki gawe barang mewah kok... ncen wis bias ga seneng pemerintahan e bapak.. yo ngono kui😑 dikandani angel,2025-01-03 00:35:13+00:00,negatif
😊,2025-01-03 00:34:47+00:00,positif
"Terimakasih bapak, hari ini isi token listrik ky dapet kado tahun baruan. ☺
Woro-woro ke temen, malah dibilang iya turun karna nanti mau dinaikin, buat apa,,
duh, knp gak bersyukur dulu ya..",2025-01-03 00:32:44+00:00,negatif
"terima kasih bapak presiden, subsidi listrik nya sudah bisa di nikmati banyak rakyat, salah satunya saya rakyat bapak mendapatkan subsidi itu, tetaplah sehat bapak presidenku, lanjutkan perjuangan utk mensejahterakan rakyat yg mencintaimu",2025-01-03 00:29:58+00:00,positif
"saya pekerja toko min, seles² bilang PPN naik12% barang² pada mahal², tolooongggg 😭😭😭",2025-01-03 00:29:48+00:00,negatif
"kami di pendalaman Kalimantan Barat bujur arus aja,, biar yang lain pada ribut😁",2025-01-03 00:27:06+00:00,positif
semoga BPK persiden d berkahi kesehtan👍💪💪💪💪,2025-01-03 00:22:44+00:00,negatif
Harga janda bakalan naik ga min 🗿🔥,2025-01-03 00:22:24+00:00,negatif
"min tolong bantu min Kwan saya di tahan, karna tuduan pembunuhan seperti kasus pina min Kwan saya masih di bawah umur min",2025-01-03 00:20:42+00:00,negatif
🙏🥰,2025-01-03 00:19:11+00:00,positif
🥰,2025-01-03 00:19:00+00:00,positif
"Bapak Presidenku yang baik, mohon di bantu yang tidak lulus PPPK 2024 yg sudah masuk database BKN, mohon pak 🙏🙏😭",2025-01-03 00:14:47+00:00,positif
Udah ya jangan percaya sama katanya katanya katanya. Percaya aja sama kata Pak Prabowo. share sebanyak2nya postingan ini👍,2025-01-03 00:14:09+00:00,negatif
Hidup Korupsi 🤣,2025-01-03 00:10:55+00:00,negatif
mindra pasti cape😭 aku aja yg baca ikut cape🤣,2025-01-03 00:10:48+00:00,netral
ramadhan skolah libur ga min,2025-01-03 00:09:27+00:00,netral
"gua makan sushi main barcode gokart ada ppn nya tuh 12%, itu termasuk mewah kah?",2025-01-03 00:09:09+00:00,negatif
12 % nya berlaku untuk barang mewah kok.....(info dari google news),2025-01-03 00:07:45+00:00,negatif
"jujur gua beli jasuke yang tadinya 2 ribu lima ratus,skrng jadi lima ribu satu,apa kena ppn juga😔",2025-01-03 00:06:07+00:00,negatif
sehat selalu pak ❤️🙏🏻,2025-01-03 00:05:18+00:00,positif
gara gara akun ini presiden jadi mudah dapet informasi dari rakyat,2025-01-03 00:05:13+00:00,positif
tolong sidak pasar2... karena sembako di pasar naik apalagi minyak telur dan beras dan mereka beralasan naik karena kena ppn.. hari ini saya belanja di toko dan minyak naik menjadi harga 18.500 dan beralasan karena ppn naik 12%.. tolong di himbau untuk semua masyarakat pak.. karena ulah oknum2 atas membuat masyarakat yg dibawah dirugikan,2025-01-03 00:03:16+00:00,negatif
🥰,2025-01-03 00:02:51+00:00,positif
min tolong tolong update tentang RUU PERAMPASAN ASET dong min🙏,2025-01-03 00:02:44+00:00,negatif
🗿,2025-01-02 23:59:44+00:00,positif
min bikin event diamond ff gratis,2025-01-02 23:55:59+00:00,positif
min emang bulan puasa nanti libur panjang??,2025-01-02 23:54:27+00:00,negatif
detik detik akhir bikin pengumuman terkait kebijakan yg sudah lama bikin riuh seolah-olah pak presiden itu pahlawan.💀,2025-01-02 23:51:26+00:00,negatif
RX king makin mahal makin boros juga gk min?,2025-01-02 23:48:07+00:00,negatif
Min kapan bantuan kartu PIP cair di sekola?,2025-01-02 23:47:31+00:00,negatif
min aku laper tp aku LG diet gmn dong🥴,2025-01-02 19:08:19+00:00,positif
gua pesen paket/barang lewat ekspedisi tertentu kok naik ya min,2025-01-02 19:04:25+00:00,netral
"kopi, kena pajak ga min? kan sekarang kopi udah mahal banget",2025-01-02 19:02:18+00:00,negatif
Untuk makan bergizi gratis ada lowongan untuk sarjana muda ngak min nanti,2025-01-02 18:59:50+00:00,netral
ini gada pilwar? pemilihan warga 🙏,2025-01-02 18:57:11+00:00,netral
2025 ganti rakyat,2025-01-02 18:56:29+00:00,positif
ko ada notif dr provider internet ada kebaikan pon jadi 12℅ gmn ini min @partaigerindra ?,2025-01-02 18:53:52+00:00,negatif
Mas wowo 🥰,2025-01-02 18:50:19+00:00,netral
😂😂😂Ganti rakyat min yang paling bner mah soalnya pemerintah naikan ppnbm eh semua nya pada naik sembako lah ini itu alasan alibi semua bahkan harga kos kosan pun ikut naik yang awalnya harga kosan paling murah 800 sekarang jadi 1jta 😂 parkir 5k jadi 10k tapi rakyat pada cari untung pula yang di salahin pemerintah 😂🔥🔥🔥,2025-01-02 18:47:21+00:00,negatif
bayar wifi pon jg naik yah? beli makan di resto aja ppn nya udah naik... 🤣,2025-01-02 18:44:45+00:00,negatif
"kasian si Mimin, gara gara banyak yg hate jadi kurang asyik ❤️",2025-01-02 18:41:05+00:00,negatif
😁,2025-01-02 18:37:10+00:00,positif
@edwindwikesuma,2025-01-02 18:29:51+00:00,positif
"min @partaigerindra cek lalamove dong
kasian mitranya , di jajah via digitalisasi",2025-01-02 18:27:23+00:00,negatif
min bilangin sebelah cape ngasi tau nya bikin gaduh mulu 🗿😂,2025-01-02 18:26:19+00:00,negatif
anak wabahh kupingnya panas,2025-01-02 18:25:18+00:00,negatif
😁,2025-01-02 18:24:50+00:00,positif
Min kalau mau halalin seseorang kena pajak sama camer ga ya?,2025-01-02 18:24:12+00:00,negatif
"ini sii presiden nya udh oke cuma bawahan""nya itulohhhh kek semisal gubernur camat bahkan rt rw sekalipunn yg pada kek anjj semua😭😭",2025-01-02 18:24:10+00:00,negatif
mau buka usaha tidak punya modal.memang sulit bagi orang kecil mau buka usaha,2025-01-02 18:22:22+00:00,negatif
😁,2025-01-02 18:21:44+00:00,positif
🗿,2025-01-02 18:16:56+00:00,positif
😁,2025-01-02 18:16:34+00:00,positif
"Daftar relawan makan gratis gmn min? Kmrn 3 bulan aku ngejalanin bagi2 makan gratis bareng tmn2 di ig di daerah parung panjang. Skg ku pndh ke kepri, tp butuh bantuan gerinda. Smg dinotice",2025-01-02 18:14:59+00:00,negatif
ya allah pajak naek nonton konser pun naik😭,2025-01-02 18:11:28+00:00,negatif
"Min, kemaren dapet kiriman list harga naik kebetulan saya kerja di retail, ternyata di hold tidak jadi naik karena PPN tetap 11%, skincare dan makeup kalian dari Wardah aman yaa ga naik harga hihiw",2025-01-02 18:10:31+00:00,negatif
"Anak abah udh pada brisik nyataya yg naik bukan buat kalangan mereka yang ga mampu😂😭 termasuk mantan gue noh anak abah sejati,padahal sekolah tinggi tpi be*o 🤪sgtu bencinya ama pak prabowo",2025-01-02 18:10:08+00:00,negatif
admin gabut,2025-01-02 18:08:39+00:00,netral
harga roko magnum naik minnnn😢,2025-01-02 18:08:24+00:00,negatif
baru jg baru,2025-01-02 18:05:48+00:00,positif
min pengen kaya 🥺,2025-01-02 15:43:33+00:00,netral
"sehat"" pak",2025-01-02 15:41:56+00:00,positif
"min berantas mafia tanah dong,saya mau mensertifikatkan tanah dipersulit terus min :)",2025-01-02 15:39:02+00:00,negatif
"daging naik telur naik .bapa presiden ku tercinta .
dan terimakasih bapa .soal token listriknya ada kejutan .semoga sehat selalu",2025-01-02 15:36:30+00:00,positif
klw ada restoran makan naikin pajak gimana min ?,2025-01-02 15:35:43+00:00,negatif
pak Prabowo gratisin konser BTS di jakarta tahun depan dong,2025-01-02 15:34:05+00:00,positif
"makasih bapak,harini top up pulsa listrik dpt 2x lipat kwh🥰,sehat2 bapak presiden",2025-01-02 15:33:09+00:00,positif
Rakyat tidak butuh omon2 butuhnya bukti,2025-01-02 15:32:29+00:00,negatif
🗿,2025-01-02 15:30:01+00:00,positif
"tolong perhatikan petani kecil masih acur2nya pak, harga pupuk selangit harga jual petani anjlok.haduuupppppp",2025-01-02 15:27:28+00:00,negatif
min emang bener puasa libur min,2025-01-02 15:25:44+00:00,netral
😁,2025-01-02 15:24:18+00:00,positif
🥰🥰🥰,2025-01-02 15:23:23+00:00,positif
😅,2025-01-02 15:21:02+00:00,positif
Kapan pak Prabowo neng Deso ku yo,2025-01-02 15:19:50+00:00,negatif
berarti kalo makan d gacoan harganya gak naik y.,2025-01-02 15:19:40+00:00,negatif
saya ingat waktu pak sby naikin bbm namun bisa juga bbm nya di turun kan kembali kapan yah bisa seperti itu lagi,2025-01-02 15:17:26+00:00,negatif
😅,2025-01-02 15:17:07+00:00,positif
min bilangin bapa nonton tv gausah pake pulsa min kalau ga kebeli gabisa nonton tv,2025-01-02 15:16:11+00:00,negatif
hapus atau ganti undangan-undangan nya yang meringankan rakyat jika pajak naik terus tak sebanding dengan penghasilan rakyat,2025-01-02 15:15:55+00:00,negatif
kita org yg nggak mmpuh tp belum pernah mendapatkan bansos dan PKH dr dulu sampai sekarang,2025-01-02 15:15:22+00:00,negatif
"mindraa boleh liat dmku?, aku udh lapor dr lama blm ada proses dari pihak kepolisian 🙏",2025-01-02 15:13:14+00:00,negatif
min klo ikan tongkol mah ga papah kena pajak juga .soal nya aku alergi min 😭,2025-01-02 15:12:56+00:00,negatif
gila rsud kab bekasi mcunya mahal se indonesia @gerindra,2025-01-02 15:12:10+00:00,netral
pa turunkan harga top up ff,2025-01-02 15:11:53+00:00,positif
😍,2025-01-02 15:05:16+00:00,positif
klo gaji ada potongan pph21 itu gimna min?,2025-01-02 15:03:55+00:00,negatif
🥰,2025-01-02 15:02:55+00:00,positif
tapi anak abah suka salahkaprah min 😭,2025-01-02 15:01:59+00:00,netral
Pertamax naik hehe,2025-01-02 14:58:58+00:00,negatif
min gimana Harvey mois,2025-01-02 13:47:04+00:00,netral
🤩🤩🤩讚,2025-01-02 13:46:55+00:00,positif
admin gerindra sabar banget ngadepin warga +62 yang rada-rada baca kaga cuma bisa hujat admin gerindra sama pak Prabowo,2025-01-02 13:46:50+00:00,negatif
min apa bener bulan puasa di libur kan 1 bulan full,2025-01-02 13:45:07+00:00,negatif
min yg suka goreng2 info ppn 12% tolong dijenguk krn mereka butuh perhatian,2025-01-02 13:40:46+00:00,negatif
pemulung kena bajak gak min soal e aku pemulung 🗿,2025-01-02 13:38:09+00:00,negatif
"distribusi naik, produk naik?",2025-01-02 13:37:35+00:00,negatif
masih ada noh yg komen ..=hama,2025-01-02 13:37:20+00:00,negatif
anak abah pindah aja lu,2025-01-02 13:37:09+00:00,negatif
y pak setiap ganti presiden pasti ad kenaik hrg2 begitukan pak,2025-01-02 13:36:27+00:00,positif
Alhamdulillah ini kabar baik wah gercep juga yah.,2025-01-02 13:33:46+00:00,positif
🥰,2025-01-02 13:33:01+00:00,positif
cie cie yg kemaren nyocot ppn semua naik🤪 pak presiden terbaik♥️,2025-01-02 13:32:12+00:00,positif
"min, saya gagal jadi pppk teknis karena THK II (prioritas)
walaupun rangking saya nomer 1 dari 4 org mendaftar termasuk THK II. ga adil rasanya min ☺ tapi mau bagaimana lagi.",2025-01-02 13:31:35+00:00,negatif
lah kecewaaaaaa!!!!! gila beli token listriiik naek bjir katanya Ppn naik 12% bener2 ya token listrik bukan barang mewaaaah!!!!!!oidah,2025-01-02 13:30:49+00:00,negatif
klok BPJS msh berlaku GK pak bnyk isu2yg bilang BPJS akan d nonaktip kan apa memang benar pak,2025-01-02 13:30:20+00:00,negatif
sangat sangat sangat sangat sangat sangat sangat sangat sangat sangat sangat sangat sangat sangat sangat sangat sangat sangat sangat sangat sangat sangat sangat sangat sangat sangat sangat sangat sangat sangat sangat sangat sangat sangat sangat sangat sangat sangat sangat sangat sangat sangat sangat sangat sangat sangat sangat sangat sangat sangat sangat sangat sangat sangat sangat sangat sangat sangat sangat sangat sangat sangat sangat sangat sangat sangat sangat sangat sangat sangat sangat sangat sangat sangat sangat sangat sangat sangat sangat sangat sangat sangat sangat sangat sangat sangat sangat sangat sangat sangat sangat sangat sangat sangat sangat sangat sangat sangat sangat sangat sangat sangat sangat sangat sangat sangat sangat sangat sangat sangat sangat sangat sangat sangat sangat sangat sangat sangat sangat sangat sangat sangat sangat sangat sangat sangat sangat sangat sangat sangat sangat sangat sangat sangat sangat sangat sangat sangat sangat sangat sangat sangat sangat sangat sangat sangat sangat sangat sangat sangat sangat sangat sangat sangat sangat sangat sangat sangat sangat sangat sangat sangat sangat sangat sangat sangat sangat sangat sangat sangat sangat sangat sangat sangat sangat sangat sangat sangat sangat sangat sangat sangat sangat sangat sangat sangat sangat sangat sangat sangat sangat sangat sangat sangat sangat sangat sangat sangat sangat sangat sangat sangat sangat sangat sangat sangat sangat sangat sangat sangat sangat sangat sangat sangat sangat sangat sangat sangat sangat sangat sangat sangat sangat sangat sangat sangat sangat sangat sangat sangat sangat sangat sangat sangat sangat sangat sangat sangat sangat sangat sangat sangat sangat sangat sangat sangat sangat sangat sangat sangat sangat sangat sangat sangat sangat sangat sangat sangat sangat sangat sangat sangat sangat sangat sangat sangat sangat sangat sangat sangat sangat sangat sangat sangat sangat sangat sangat sangat sangat sangat sangat sangat sangat sangat sangat sangat sangat sangat sangat sangat sangat sangat sangat sangat sangat sangat sangat sangat sangat sangat sangat sangat sangat sangat sangat sangat sangat sangat sangat sangat sangat sangat sangat sangat sangat sangat sangat sangat sangat sangat sangat sangat sangat sangat sangat sangat sangat sangat sangat sangat sangat sangat sangat sangat sangat sangat sangat sangat sangat sangat sangat sangat sangat sangat sangat sangat sangat sangat sangat sangat sangat sangat sangat sangat sangat sangat sangat sangat sangat sangat sangat sangat sangat sangat sangat sangat sangat sangat sangat sangat sangat sangat sangat sangat sangat sangat sangat sangat sangat sangat sangat sangat sangat sangat sangat sangat sangat sangat sangat sangat sangat sangat sangat sangat sangat sangat sangat sangat sangat sangat sangat sangat sangat sangat sangat sangat sangat sangat sangat sangat sangat sangat sangat sangat sangat sangat sangat sangat sangat sangat sangat sangat sangat sangat sangat sangat sangat sangat sangat sangat sangat sangat sangat sangat sangat sangat sangat sangat sangat sangat sangat sangat sangat sangat sangat sangat sangat sangat sangat sangat sangat sangat sangat sangat sangat sangat sangat sangat sangat sangat sangat sangat sangat sangat sangat sangat sangat sangat sangat sangat sangat sangat sangat sangat sangat sangat sangat sangat sangat sangat sangat sangat sangat sangat sangat sangat sangat sangat sangat sangat sangat sangat sangat sangat sangat sangat sangat sangat sangat sangat sangat sangat sangat sangat sangat sangat sangat sangat sangat sangat sangat sangat sangat sangat sangat sangat sangat sangat sangat sangat sangat sangat sangat sangat sangat sangat sangat sangat sangat sangat sangat sangat sangat sangat sangat sangat sangat sangat sangat sangat sangat sangat sangat sangat sangat sangat sangat sangat sangat sangat sangat sangat sangat sangat sangat sangat sangat sangat sangat sangat sangat sangat sangat sangat sangat sangat sangat sangat sangat sangat sangat sangat sangat sangat sangat sangat sangat sangat sangat sangat sangat sangat sangat sangat sangat sangat sangat sangat sangat sangat sangat sangat sangat sangat sangat gabut yang skrol sampai bawah,2025-01-02 13:28:45+00:00,positif
min kemaren gua tidur 1 tahun min gimana ini🤣,2025-01-02 13:27:51+00:00,negatif
"Min tolong di sidak perusahaan2 baik cv atau pt yg tidak memberikan gaji standart umr dan bpjs kesehatan, bpjs ketenagakerjaan serta jht karena itu sgt perlu untuk karyawan Min 😭😭😭🙏🙏🙏",2025-01-02 13:27:16+00:00,negatif
"sayangnya daya 3500 gak bisa, padahal sy juga mau😌",2025-01-02 13:25:43+00:00,netral
kenapa gak yang gajinya 20jt ke atas aja pak 😭,2025-01-02 13:22:28+00:00,negatif
Maaf tanya kalau bayar bulanan internet trnasuk naik juga g?,2025-01-02 13:22:07+00:00,negatif
Gimana sih cara salin ketikannya . Biar aku share ke wa cape masih ada yang gak terima pak prabowo naik😌,2025-01-02 13:21:59+00:00,netral
tp knp harga cabe meroket minn😭,2025-01-02 13:21:45+00:00,positif
indonesia darurat membaca,2025-01-02 13:21:35+00:00,negatif
pak info cogan,2025-01-02 13:20:02+00:00,positif
pertamax turunin napa pak😂😂,2025-01-02 13:20:02+00:00,negatif
"min, berarti jasa periklanan tetap ppn 12% yaa?",2025-01-02 13:19:45+00:00,negatif
"min kenapa produk Apple kek smartphone naik ya min harganya, ktanya krna ppn 12 pdhal ga kena kan yaaa?",2025-01-02 13:16:40+00:00,negatif
aset kripto naik min😌PPN nya,2025-01-02 13:15:12+00:00,negatif
"min aku kerja outsourcing harian, tpi harus nanggung pbjs full, BPJS ketenagakerjaan sama kesehatan, totalnya 475",2025-01-02 11:32:29+00:00,negatif
"@indihome kenapa ikut naik ,,udah lihat ini blm 🤔",2025-01-02 11:31:37+00:00,negatif
"Min, pak prabowo gada niatan buat ganti rakyat kah☺️",2025-01-02 11:31:19+00:00,positif
"coba di Indonesia buka lapangan kerja, jangan korup mulu di gedein",2025-01-02 11:30:03+00:00,negatif
Menkeu apaan min?😭,2025-01-02 11:29:42+00:00,negatif
mindra paket elu nih Dateng cod,2025-01-02 11:28:50+00:00,negatif
KORUPTOR SEMAKIN MERAJALELA DAMPAK NYA PAJAK NAIK TIPIS* GASI 🔥,2025-01-02 11:28:35+00:00,negatif
Alhamdulillah cilok gue ga naik,2025-01-02 11:28:22+00:00,negatif
lope banyak banyak sm bapak 😭❤,2025-01-02 11:28:21+00:00,positif
ga salah kalau kita pilih Pak Prabowo,2025-01-02 11:27:53+00:00,negatif
min malam ini ada info mau ikut ga,2025-01-02 11:26:36+00:00,negatif
hallah Uda jelas omon omon kok...!!🤣😅😂😂,2025-01-02 11:25:39+00:00,negatif
"disimak dengan baik gais, biar ga dicari-cari celah kesalahannya pak Prabowo. dari kemarin2 banyak bgt yg tbtb jadi kompor😔",2025-01-02 11:25:20+00:00,negatif
"Masa sih hanya untuk barang mewah, harga barang pokok orang ikut naik",2025-01-02 11:24:45+00:00,negatif
"@partaigerindra
saya pelaku UMKM PPN 12
hanya untuk BARHAL
terus pabrik"" seperti terigu mentega dll
gmna kena kenaikan kagak",2025-01-02 11:24:23+00:00,negatif
saya tau bpk selalu mikir 100x lipat utk rakyat mknya hanya brg mwah yg naik 1 persen klu sembako atau pulsa yg naik berarti pedagang nya yg g bnr,2025-01-02 11:23:46+00:00,negatif
mendorong pemerataan ekonomi maka ratakan UMR/UMK SEJAWA BALI klo d luar jawa boleh lah linggi karena ongkir d sana jg tinggi,2025-01-02 11:20:26+00:00,netral
yang masih komen Ppn naik untuk sembako dan bahan pokok lainya Sih harus makn wortel biar melek matanya biar bisa baca,2025-01-02 11:19:16+00:00,negatif
mending fiz R apa Rx king🗿,2025-01-02 11:19:01+00:00,positif
"minnn tolong sidak skolah2 negri trutama SD.. knapa bayar baju skolah pihak skolah kasih wktu cuman sebulan,, dan bayar uang skolah bilang nya dana seikhlasnya tapi di target",2025-01-02 11:16:15+00:00,negatif
maen ml engga?,2025-01-02 11:15:41+00:00,netral
"Barusan beli susu pak,,dari 35 jadi 40.000 😭naik 5000.katanya naik krna ppn naik",2025-01-02 11:15:13+00:00,negatif
kapan 2026 min? udah capek sama 2025😭😭😭,2025-01-02 11:14:22+00:00,negatif
lampung tengah kecamatan seputih banyak kampung sri basuki,2025-01-02 11:14:17+00:00,positif
🥰🥰🥰,2025-01-02 11:13:45+00:00,positif
kalo ada ngeyel prusahaan ga ngikutin pemerintah tetep naik PPN 12 pesen kmna,2025-01-02 11:12:51+00:00,negatif
RUU Perampasan Aset min kapan? masa korup 300 T cuma 6 tahun,2025-01-02 11:12:50+00:00,negatif
terimakasih,2025-01-02 11:12:31+00:00,negatif
"vidio jelas, caption sangat jelas, isi komentar masih aja blunder ga ngerti lagi, sabar ya min ngadepin SDM Indonesia",2025-01-02 11:11:25+00:00,netral
Tanda² Negara mau hancur berbagai pajak diterapkan buat rakyat..Bukannya ngelola SDA malah SDMnya dipajakkin,2025-01-02 11:11:17+00:00,negatif
"ni rakyat pada minim literasi semua, heran pada gak ngerti ngerti",2025-01-02 09:39:25+00:00,negatif
"maaf min saya pedagang kaki lima,sya berdagang sewa di depan alfamidi ternyata saya di beban kan juga kenaikan sewa tempat dgang",2025-01-02 09:39:10+00:00,negatif
pakk liburrr puasaaa pakkkk😭,2025-01-02 09:39:01+00:00,netral
pada darurat baca😂,2025-01-02 09:38:25+00:00,positif
tolong suarakan RUU Perampasan aset bagi koruptor,2025-01-02 09:36:47+00:00,negatif
Kalo Vario 125 New Gen 2 kena PPN gak,2025-01-02 09:36:03+00:00,netral
pada darurat baca😂,2025-01-02 09:38:25+00:00,positif
tolong suarakan RUU Perampasan aset bagi koruptor,2025-01-02 09:36:47+00:00,negatif
Kalo Vario 125 New Gen 2 kena PPN gak,2025-01-02 09:36:03+00:00,netral
"@partaigerindra tolong Bensin di Weda, Maluku Utara (lingkr tambang IWIP) 30rb/botol aqua 1.5ml 🥺",2025-01-02 09:35:44+00:00,positif
min pajek motorku naik..😭😭 pdhl beli taun 2011.. smua kendaraan pajaknya naik,2025-01-02 09:35:17+00:00,negatif
Pak saya ngajuin ke bank susah banget buat modal usaha🥹,2025-01-02 09:35:05+00:00,netral
admin kocak,2025-01-02 09:34:34+00:00,netral
pihak pengusaha nanti banyak potong gaji karyawan biar bisa nutupin pajak mereka. sama aj masyarakat kecil yang di tindas. kalau protes gaji di potong kita yang di buang perusahaan,2025-01-02 09:34:28+00:00,negatif
"DIBACA DAN DIPAHAMI !!!
jgn protes mulu yg didahulukan 😌",2025-01-02 09:34:25+00:00,positif
"selamat sore admin gerindra, semoga pesan saya ini dibaca oleh admin gerindra. disini saya mau bertanya admin, bagaimanakah posisi hukum lesing dinegara ini. sungguh kami tdk paham. tahun 2018 lalu kami mncoba lesing sebuah unit mobil, tahun 2021 saat pandemi kami kmbalikan unit k pihak lesing karna tdk sanggup lagi mneruskan. namun trnyata kmi baru tau bahwa hutang kami tdk lunas, dan masih bersisa 46 juta. saat kami mncoba kpr rumah subsidi. slik ojk kami coll 5 aktif. tidak pernah ada pemberitahuan sebelumnya dalam bentuk apapun. kami dtangi kantor nya, untuk meminta rincian hutang tsb pihak lesing tdk kooperatif. kami dipaksa utk melunasi hutang 46 juta tsb. mohon pencerahan nya admin, kami rakyat kecil berasa di permainkan oleh oknum2 tidak bertanggung jawab. terimakasih admin",2025-01-02 09:30:30+00:00,negatif
puasa full libur gak min,2025-01-02 09:29:28+00:00,netral
katanya mau berantas judol kok masih banyak yang main judol,2025-01-02 09:28:45+00:00,negatif
Min tolong dong judol masih bisa di mainin kapan di blokirnya😭😭😭,2025-01-02 09:27:24+00:00,negatif
Baguslah. Tq pak🙏🏻,2025-01-02 09:24:25+00:00,negatif
minnn?,2025-01-02 09:22:59+00:00,negatif
min diamond game GK di naikin kan min?,2025-01-02 09:21:53+00:00,negatif
bgmn cara daftar penghapusan utang untuk petani?,2025-01-02 09:19:51+00:00,negatif
mantap bapakku menyala 🥰🔥,2025-01-02 09:19:16+00:00,positif
"min ini bisa tolong disidak dilapangan,, soalnya dilapangan tetap naik dan ada surat edaran dari PT PT tertentu yg menyebutkan naik 12 %,, padahal itu makanan yg disampaikan gak naik tapi kenyataaan tetap naik ,, 😳",2025-01-02 09:18:00+00:00,negatif
Tapi pajak kendaraan di tahun 2025 naik paaaa meskipun bukan yg ppnbm 😌,2025-01-02 09:16:57+00:00,netral
min cek lagi bpjs gratis masa ada satu keluarga yg dapat padahal suaminya kerja pabrik ga miskin2 banget ga tua2 banget juga ...ayo min kalau kaya gitu semua juga mau gratis ...kasihan yg harus nya,2025-01-02 09:16:46+00:00,negatif
Pak tolong BPJS KESEHATAN ini apa benar uda aturan baru dan ga semua penyakit di cover bpjs? 😭,2025-01-02 09:14:18+00:00,negatif
Itu dlu nanti yang lain. gitu kan?🫣,2025-01-02 09:13:00+00:00,negatif
"min tapi di sini bahan pokok malah naik , santan kara yg biasanya 3500 sekarang 4500 , cabe merah aja 2000 3 biji 😭",2025-01-02 09:12:49+00:00,negatif
🥰🥰🥰,2025-01-02 09:12:48+00:00,positif
"Bang Mimin @partaigerindra nasib Tenaga non-ASN yang tidak lolos tes PPPK tahap 1 gimana min? Kami juga butuh kepastian, Bukan malah dilempar ke Pemda 😭😭😭 Menangis aku tu, mengabdi 15tahun tanpa kejelasan seperti ini. Mohon disampaikan ke bapak presiden RI",2025-01-02 09:12:43+00:00,negatif
min akumah belum pernah ngerasain punya motor sendiri;(,2025-01-02 09:11:42+00:00,negatif
min turunin harga sparepart Suzuki 🗿,2025-01-02 08:14:56+00:00,positif
dari PDI Perorangan ~ Majalah Tempo ~ Media asing OCCRP ~ voting google form ~ Joko Widodo,2025-01-02 08:13:16+00:00,negatif
"tapi bayar Indihome kok sudah naik ya 🥺trus tolong min ,mau pajak mobil 5 tahunan kok ribet ya,kita pdhl sadar pajak lho mau bayar .jelas2 mau bayar😭tolong dipermudah tu prosesnya 😭yg penting kebyr",2025-01-02 08:12:30+00:00,negatif
sekolah yg bnr biar gedenya gak jadi admin Gerindra,2025-01-02 08:11:59+00:00,negatif
min min min,2025-01-02 08:11:55+00:00,positif
tapi kenapa jadi salah kaprah semua di naikan harganya itu salah siapa,2025-01-02 08:11:53+00:00,negatif
min tutor balikan sama masa lalu,2025-01-02 08:11:14+00:00,positif
"pak Prabowo semoga terus konsisten setidaknya mendengarkan suara rakyat seperti ini tidak seperti presiden kemaren yg seenaknya sendiri,sehat selalu pak Prabowo 🙏",2025-01-02 08:10:44+00:00,positif
Minnn stopp nanggapi anak anak abahh kasian mimin nya kita yg milih prabowo aja anteng anteng min engga terlalu d pusingkan semuanya anak abah yg bikin keruh,2025-01-02 08:09:55+00:00,negatif
karena berbenah itu butuh proses🙏 sehat selalu bpk presiden ku,2025-01-02 08:09:31+00:00,positif
@byyyyyy🦉,2025-01-02 08:09:06+00:00,positif
😔,2025-01-02 08:07:44+00:00,positif
"pak itu yang korupsi kok di penjara 6,5 tahun doang",2025-01-02 08:07:25+00:00,negatif
"Admin tolong ditindak lanjuti dikota saya,kemarin bapak saya beli gas LPG 3 kg dengan harga 50 ribu,biasa nya kalo beli dipangkalan hanya 22ribu. Ini selalu terjadi di tiap menjelang hari2 besar. Kota lubuk Linggau Sumatera selatan. Terima kasih admin",2025-01-02 08:07:19+00:00,negatif
"ketauan yg bobrok itu rakyat bukan pemerintah, disuru baca aja malas wkwkw",2025-01-02 08:06:42+00:00,negatif
tetap semangat min💪,2025-01-02 08:06:02+00:00,positif
"you are the best Presiden🥰
Smoga panjang umur ,sehat selalu & bermanfaat utk NKRI aamiin Allahuma aamiin",2025-01-02 08:05:32+00:00,positif
"tpi bnyak yg memanfaatkan momen ini untuk menaikan harga, dengan alasan PPN naik 12%, minyak goreng tiap Minggu minyak goreng selalu naik, dan yg lain2 ikut naik juga",2025-01-02 08:05:16+00:00,negatif
Min adakah bantuan untuk pengusaha kecil 🤭,2025-01-02 08:01:50+00:00,netral
rokok Kena PPN ga pak,2025-01-02 08:00:51+00:00,netral
🥰,2025-01-02 07:58:59+00:00,positif
"mindra... knpa yg lain udh dapet diskon listrik 50%.. tpi punyaku, aku cek blm dapet😭😭",2025-01-02 07:54:43+00:00,negatif
viralkan min surabaya darurat curanmor,2025-01-02 07:54:30+00:00,negatif
"yang ribut harga bahan pokok naik
kalian emnag baru idup apa gimana,
emang dari dulu mau siapapun president nya,
kalo menjelang hari raya, natal, thn baru udah biasa naik,
nanti juga turun lagi.",2025-01-02 07:54:20+00:00,negatif
Hebat Kow Min Bisa Sesabar ini menghadapi Orang² yang SDM rendah🤣,2025-01-02 07:52:55+00:00,positif
"yang nonton tolong simak secara seksama di CAPTION 🥰
makasih admin sehat sehat yaa",2025-01-02 07:52:43+00:00,netral
mantap presidenku 🔥🔥🔥,2025-01-02 07:51:52+00:00,positif
DISIMAK YA BUAT RAKYAT RAKYAT YG MESIH SUKA FOMO IKUT DEMO DEMO GAJELASSSS🙏,2025-01-02 07:51:41+00:00,negatif
info loker min buat makan,2025-01-02 07:51:13+00:00,positif
menangung perbuatan sabotasee ..,2025-01-02 07:49:42+00:00,negatif
motor juga min termasuk?,2025-01-02 06:45:31+00:00,negatif
min suka mosing ga?😅,2025-01-02 06:42:49+00:00,negatif
min wifi berlaku juga? udah dpt email soalny wifi kena 12% wkwk,2025-01-02 06:41:42+00:00,negatif
"presiden udah ngomong sejelas ini, manusia² jahat diluar sana masih aja jelekin pemerintah dan ga berterimakasih.",2025-01-02 06:40:06+00:00,positif
Aku mah udh percaya dari awal min. Terimakasih atas effort nya min sudah menjelaskan secara detail untuk kamu yg ngeye ngetag2. Semangat admin Gerindra✌,2025-01-02 06:39:45+00:00,negatif
Trimakasih pak wowo😍😍😍,2025-01-02 06:38:59+00:00,netral
pajak motor naik!!!,2025-01-02 06:38:40+00:00,negatif
bagus pa persiden yang di korek orang kaya aja jngan rakyat trima kasih pa persiden salam gerinda 😁,2025-01-02 06:38:09+00:00,negatif
biasanya admin gerindra dingin loh,2025-01-02 06:38:07+00:00,netral
glory glory pak prabowo🔥,2025-01-02 06:37:42+00:00,positif
"min, Bapak Prabowo tulak kah, ka haulan guru sekumpul Martapura",2025-01-02 06:37:39+00:00,negatif
"Aku pada mu min loff youuu muah muah hehehe canda min tapi jujur dari hati yang paling dalam saya mengucapkan syukur kepada allah karna kamu ada sebab semanjak ada kamu keluhan2 dan kaduan2 masyarakat di lirik oleh pemerintah semua dikarenakan Allah mengirim mu. Makasihh min. Semoga kamu selalu sehat, panjang umur, dimudahkan rezekinya amiin. Dan yang paling penting tetap semangat mendengarkan insprasi dan keluhan masyarakat dan tolong dijaga kesehatannya ya min",2025-01-02 06:37:27+00:00,positif
min nanti klu bulan puasa libur ngak supaya anak2 bisa lebih fokus ibadahnya😇😇,2025-01-02 06:37:21+00:00,negatif
min kapan harga sawit di sumut 3000 lagi min masik di harga 2500 min @gerindra,2025-01-02 06:37:02+00:00,negatif
sampai di kash contoh😭,2025-01-02 06:36:44+00:00,positif
ini mah emang rakyatnya ajaa yg harus di ganti wkwkwkwk,2025-01-02 06:35:56+00:00,negatif
"ijin pak presiden yg terhormat, apakah bapak pernah membahas honorer setelah menjadi presiden?
semoga bapak sehat selalu membangun negara ini",2025-01-02 06:35:55+00:00,positif
bapak guweh❤️❤️❤️,2025-01-02 06:35:40+00:00,positif
pak betulan ada pendaftaran relawan makanan gratis??,2025-01-02 06:35:38+00:00,negatif
🥺🥺🥺,2025-01-02 06:35:36+00:00,positif
Aku pada mu min,2025-01-02 06:33:56+00:00,positif
"bapak trlalu gercep cb diemin aja yg pd brisik itu, ini udh respon trlalu cepet pst ttp dicari ntr salahnya wkwk",2025-01-02 06:33:44+00:00,negatif
bahan pokok naik Kabeh min.....,2025-01-02 06:32:03+00:00,negatif
beli besi IWF bayar pajaknya habis 12jt ya allah😭😌mo nangis mau naikin harga kontruksinya juga takut kalo org2 ga berkenan soalnya dunia kontruksi beda 100rupiah aja org milih😭,2025-01-02 06:31:54+00:00,negatif
"Min, obat obatan kosmetik dan susu gimana, naik gak? pusing bgt kalo naik, ngeladenin pembeli yg suka nawar 🗿",2025-01-02 06:31:21+00:00,negatif
min saya dari dulu gak dapat bantuan gmna min 😂😂,2025-01-02 06:31:04+00:00,positif
"min adanya BRNR ( Barusan Relawan Nusantara Raya ) tuh bener ga si ? ak udah daftar katanya ikut mengawal mengawasi mendata program ini 🥺 tgl 6 Jan besok jalan, disuruh ngurus NPWP KTP ini beneran gk",2025-01-02 06:28:51+00:00,negatif
pak rokok gudang garam surya isi 12 tolong jgn di naikn klo bisa 7 ribu aja per bunguks,2025-01-02 06:28:21+00:00,negatif
"PUNYA MATA, BACA CAPTION!!",2025-01-02 06:28:16+00:00,negatif
😁,2025-01-02 06:27:14+00:00,positif
ya alloh mudah2an untuk kami yg tidak bergaji juga diperhatikan bapak prabowo dan mas gibran supaya bisa melanjutkan hidup diindonesia dan bisa berkembang untuk anak cucu kami nanti,2025-01-02 05:29:01+00:00,negatif
🥰🥰🥰,2025-01-02 05:28:51+00:00,positif
pa mana makan gratis nya paa?,2025-01-02 05:28:30+00:00,netral
maafkan rakyatmu pak prabowo yg rendah SDM ny udh tolol merasa paling pintar pulak,2025-01-02 05:28:06+00:00,negatif
"dipasang ya telinganya anak abah, dengerin baik2🥰",2025-01-02 05:27:48+00:00,positif
udh d jelasin tp msh ada yg ngak ngerti bner2 mesti sekolh lagi...udh d ksh contoh tu ky gru yg nerangin sm murid yg otak ny bebel,2025-01-02 05:27:29+00:00,negatif
"min mau saranin ni untuk air keras jangan di jual bebas dong atau jualnya jangan di permudah, baru baru ini bannyak banget kasus orang terkena siram air keras, contoh yang baru baru ini natasyah 🙏",2025-01-02 05:27:19+00:00,negatif
"min ini pajak nya dari org pajak di undur ke febuari yah,,nanti tgl 1 febuarin 12 % nya berlaku",2025-01-02 05:26:55+00:00,negatif
tempat ku kopi top awal nya 12 jadi 20k jabe merah panjang 1 kg 80k dong minyak awal 32 jadi 42 ato 40 an gitu dah 😭😭😭,2025-01-02 05:26:09+00:00,negatif
"min mau nangis ,,
terimakasih bapak sudah dengerin rakyat",2025-01-02 05:26:07+00:00,negatif
lengkap banget,2025-01-02 05:26:04+00:00,positif
nyenye nyenye,2025-01-02 05:25:34+00:00,netral
"terimakasih pak presiden, semoga rakyat Indonesia & mindsetnya juga semakin sejahtera.",2025-01-02 05:25:20+00:00,positif
kalo beli Game gimana min ?,2025-01-02 05:24:42+00:00,netral
pak tolong data penerima di benerin tidak tepat sasaran malah bikin sakit jati,2025-01-02 05:24:35+00:00,negatif
🙏,2025-01-02 05:24:29+00:00,positif
menyala bapaku🥰,2025-01-02 05:22:52+00:00,positif
pak tolong bayar kan kredit motor saya 1 bulan,2025-01-02 05:21:58+00:00,negatif
molto barang mewah kah? kok gw beli kena ppnnya 12% si,2025-01-02 05:21:43+00:00,netral
"sehat² terus yah pak presiden kami
dan happy new year 🙏",2025-01-02 05:20:56+00:00,positif
"Min, minta tolong dong. Terkait processing pekerja ABK (Pesiar) persyaratan2 nya di permudah di bagian dokumen2 nya. Seperti syarat pembuatan Visa C1D/Schengen visa 🙏🏻🙏🏻🙏🏻",2025-01-02 05:20:53+00:00,negatif
yang laen pd ikut*an astaga padahal ga ikut masuk list,2025-01-02 05:19:35+00:00,negatif
terimakasih pak prabowo sehat selalu pak🤲🏻🙏🏻,2025-01-02 05:19:19+00:00,positif
mindra beliin pajero🥰,2025-01-02 05:18:18+00:00,netral
min libur kan kami selama puasa,2025-01-02 05:17:50+00:00,positif
Oea Senapan berburu janda ada gak min. mau beli 🗿🗿,2025-01-02 05:17:42+00:00,negatif
"tuh kan pada panik yg lain kalau masih beli mobill masih sekitaran 200jt masih aman x ya ,betul ngk min.",2025-01-02 05:16:47+00:00,negatif
MIN ULANG TAHUN SIAPA KALAU MAU CHECK UP GRATIS. 🥲🥲🥲,2025-01-02 05:16:39+00:00,positif
Komentar saya di bales sama admin saya jungkir balik deh🤸🏻,2025-01-02 05:15:21+00:00,negatif
Min sapa dong🥺,2025-01-02 04:31:35+00:00,positif
Alhamdulillah obat tetap 11%,2025-01-02 04:31:06+00:00,negatif
barisan pak probowo min🔥🔥🔥,2025-01-02 04:30:58+00:00,positif
"siapa yg kemarin koar2 mau demo ? nihhh buka mata kelean lebar2, buka telinganya juga yakkk🤭",2025-01-02 04:30:43+00:00,negatif
Min kok dia cuek ya😢,2025-01-02 04:30:22+00:00,positif
yang betul itu di turunkan ppn e tu bukan malah di naikkan,2025-01-02 04:30:18+00:00,negatif
"PPH pasal21 berapa % kena potongan dalam penghasilan 1thn?
penghasilan tidak sampai 7jt/BLN tapi kena pajak.
trus yang dimaksud dengan ditanggung pemerintah apa mind?
bantu jawab dong mind tq🙏",2025-01-02 04:29:33+00:00,negatif
pembohong kau pembohong ~ Patrick Star,2025-01-02 04:29:21+00:00,positif
"min min, izin tanya. kalau alat kelistrikan dan elektronik apakah pajaknya naik? 🙏 @partaigerindra",2025-01-02 04:29:09+00:00,negatif
ini gmna sih bayar listrik jadi naik bjir,2025-01-02 04:28:05+00:00,negatif
🙏🙏🙏,2025-01-02 04:28:04+00:00,positif
.2025 gantii rakyatt min😭😭 gw yg lulusan SMP aja mudeng mksd lu min ya Alloh ngapa orang pada bebal bet ya d kasih penjelasan,2025-01-02 04:27:56+00:00,negatif
Semangat pak Prabowo🤍🤍🤍,2025-01-02 04:27:46+00:00,netral
🥰,2025-01-02 04:27:17+00:00,positif
"admin gerinda, bilangin ke bos kamu. jangan maksain makan siang gratis. yang penting Indonesia lunasi hutang dulu. biar berdikari. malu utang banyak. negara kaya seperti ini",2025-01-02 04:27:08+00:00,negatif
pak orang tulus klub bolanya apa!?,2025-01-02 04:26:57+00:00,negatif
"KASIH SAYA 300T SAYA SIAP DI PENJARA 6,5 TAHUN",2025-01-02 04:26:26+00:00,negatif
pak kenapa gak pecatan wiranto aja?,2025-01-02 04:25:25+00:00,negatif
Caption nya lengkap beserta contoh2 nya berasa guru lagi jelasin ke murid 😭😭😭,2025-01-02 04:25:16+00:00,positif
min sabar sarang monyet soalanya🗿,2025-01-02 04:24:42+00:00,negatif
yg namanya pembenci mo apa yg dibuat pemerintah pasti diprotes 🤣🤣,2025-01-02 04:22:58+00:00,negatif
libur satu bulan full saat bulan ramadhan real apa hoaxs PK Prabowo?,2025-01-02 04:22:22+00:00,negatif
😁,2025-01-02 04:22:05+00:00,positif
"finally🥺 awal tahun pak prabowo ngasih 2 kabar bahagia yg kita tunggu* selama inii, ikut menyuarakan 300T dan PPN 12% karena hal-hal seperti ini perlu diperhatikan lebih oleh rakyat tapi kita ga boleh terprovokasi,dan dari sekian banyak pemerintah ga mungkin 100% pemerintah itu bersih pasti ada oknum* yang manipulatif buat memperpecah prespektif yg bener, banyak yang menyudutkan hal-hal tersebut kesalahan pak prabowo karena sekarang kepemimpinan Pak prabowo, tapi I trust you pak, bapak bersama kami🥺",2025-01-02 04:21:21+00:00,negatif
WkwkwkqLucunya..Katanya Demi Kesejahteraan Rakyat..300 T dibiarain saja kah...Presiden terbaik Suharto dan SBY,2025-01-02 04:21:20+00:00,positif
🥰,2025-01-02 04:20:19+00:00,positif
saya g masalah... tpi harus adili korupsi... seluruh diperiksa,2025-01-02 04:18:57+00:00,negatif
Bapak Presiden Prabowo Subianto 🫡,2025-01-02 04:18:47+00:00,positif
love ❤️❤️❤️bgt sama admin @partaigerindra terima kasih infonya Pak Mimin,2025-01-02 04:18:24+00:00,positif
tahun baru belum punya pacar ni,2025-01-02 04:17:40+00:00,positif
"min tolong bangett, aku kerja di retail tapi ada produk² dari OT yg masuk ke toko ku katanya pajak naik jadi 12% padahal produk dia jajanan²biasa contohnya Tango, Imperial, Blastoz, Teh Gelas, dll",2025-01-02 03:08:15+00:00,negatif
"min gimana kalau presiden nya d ganti netizen2 yg pada nyalah2in pak prabowo itu😫 biar suruh mereka aja yg urus negara , nnt kan jadi tau sendiri 😫",2025-01-02 03:07:59+00:00,negatif
"capek banget pastinya jadi admin @partaigerindra 😌
masyarakat +62 minim literasi.",2025-01-02 03:07:06+00:00,negatif
kasian mimin ngetik panjang lebar banyak yang gak baca. minim literasi,2025-01-02 03:05:54+00:00,negatif
min maksih diskon listrik nya salam buat bapak Presiden🥰,2025-01-02 03:05:42+00:00,positif
😁,2025-01-02 03:05:06+00:00,positif
"tetap bersabar bapak,memang tidak mudah jelasin ke rakyat yang beraneka ragam😭",2025-01-02 03:04:44+00:00,positif
kalo ppn untk rumah kpr rakyat naik gak min?,2025-01-02 03:04:28+00:00,negatif
"Dipantau daerah pasar, bisa jadi celah cari kesempatan dgn berita naiknya ppn, karna bnyk yg minim literasi",2025-01-02 03:04:04+00:00,negatif
@partaigerindra bapak tolong buka balai desa kami sudah 1 bulan tidak berjalan karna adanya masalah yg tidak selesai2 ... desa mundurejo Jember Jatim,2025-01-02 03:03:47+00:00,negatif
"mantap presidenqu, moga sehat selalu,,btul itu pak.",2025-01-02 03:03:42+00:00,positif
👍👍👍🫶🫶🫶🤲🤲🇮🇩🇮🇩🇮🇩,2025-01-02 03:03:28+00:00,positif
koruptor saya maafkan asalkan duitnya balikin secara diem diem 😭😜🥰😋💀,2025-01-02 03:03:21+00:00,negatif
yg sabar y min😁,2025-01-02 03:03:10+00:00,negatif
😁,2025-01-02 03:02:17+00:00,positif
"Saya yakin Pak Prabowo / Pemerintah dan Gerindra akan melakukan yg terbaik untuk rakyat. 😇 Semangat dan sehat terus bapak presiden, menteri beserta jajarannya 😇",2025-01-02 03:02:08+00:00,positif
"Menurut survei yang dilakukan oleh Indonesia Corruption Watch (ICW) pada 2022, Partai Gerindra menduduki peringkat kedua sebagai partai terkorup di Indonesia, dengan 35 kasus korupsi",2025-01-02 03:01:49+00:00,negatif
"banyak masyarakat yg salah paham min, gegara males baca. kemakan sm hoax, ujung²nya menjatuhkan 😌 ntr presiden nya yg disalahin 😏",2025-01-02 03:01:35+00:00,negatif
sayangnya min masih banyak oknum pengusaha entah UMKM ataupun lainnya memanfaatkan menaikan harga dengan dalih kenaikan PPN 12%,2025-01-02 03:01:28+00:00,negatif
min diskon 50% PLN yg non subsidi apa dapat?,2025-01-02 03:01:28+00:00,negatif
"tpi emang hrs gini orng indo itu, hrs benar"" di jelaskan secara rinci klo gk pasti ada aja masalahnya. jdi klo bisa besok"" jka ada kebijakan baru hrs",2025-01-02 03:01:24+00:00,negatif
"ppn 12% kan cuman buat barang dan jasa mewah.. tapi knpaaa semua barang pada naik min? @partaigerindra
gimana solusinya?",2025-01-02 03:00:55+00:00,negatif
BUDAYAKAN MEMBACA,2025-01-02 03:00:06+00:00,positif
alhamdulillah,2025-01-02 02:59:30+00:00,positif
"min kenapa napi di lapas menggunakan hp dan melakukan penipuan🥺,,, kasian TKW JD korban nya",2025-01-02 02:58:57+00:00,negatif
min bener gak kalau di bulan Ramadhan bakal di liburkan ful sampai lebaran,2025-01-02 02:58:07+00:00,negatif
Diketik sedetail itu tp masih ngangongango😭😭😭😭 mmg minat baca di indo kurang banget yak😭 klo ngebuly nmr 1😭🤏,2025-01-02 02:57:45+00:00,negatif
min udh 4th berumah tangga ngga pernah dapat bantuan bansos min tapi adek dimintak kk aja😭,2025-01-02 02:57:17+00:00,negatif
"pengen nunjukin ke anak anak abah tg bilang ""tuh makan oke gas"" tp yasudahlah buat apa susah ngejelasun ke mereka yg udh punya penyakit hati mah susah 😅",2025-01-02 02:56:59+00:00,negatif
"sedikit melenceng min, untuk honorer yg ikut gel 2 gmn nasibnya🗿",2025-01-02 02:13:32+00:00,negatif
klo memang Prabowo mantap harusnya pajak turun bukan naek,2025-01-02 02:13:30+00:00,negatif
sidak ke pasar dan supermarket min. karena takutnya para penjual udah mulai menaikkan harga barang,2025-01-02 02:12:48+00:00,negatif
@bundafatih41 nih,2025-01-02 02:12:35+00:00,negatif
😌,2025-01-02 02:11:23+00:00,positif
pak gw mau kaya ga peduli kasus 300T itu🗿🗿,2025-01-02 02:10:01+00:00,negatif
😭,2025-01-02 02:08:38+00:00,positif
min mantan ku nikah.. tolong carikan pasangan min..,2025-01-02 02:07:38+00:00,negatif
ijin repost ya admin,2025-01-02 02:07:37+00:00,positif
semoga saja indonesia semakin menuju kekesejahteraan buat rakyatnya sukses pemerintahnya sukses rakyatnya,2025-01-02 02:06:51+00:00,positif
"min mau tanya nih, berita pajak kendaraan yang naik 66% itu beneran?",2025-01-02 02:06:43+00:00,negatif
"mindra rumah sakit naik jugakah soalnya tadi berobat naik,ini di RSUD DR RM Pratomo Bagansiapiapi @gerindra",2025-01-02 02:05:46+00:00,negatif
"min, gw belanja di mr diy ppn 11%. apa karena pengaruh ppn naik? tp slogannya bilang low price",2025-01-02 02:05:14+00:00,negatif
min tetanggaku sudah membentuk tim untuk program makan siang gratis. tapi katanya akan disurvei dulu oleh tim pak prabowo tapi apa bener disuruh menyiapkan alat makan stainless sebanyak 300pcs?,2025-01-02 02:04:44+00:00,netral
Sehat selalu pak presidentku 😇🔥 maafkan rakyatmu yg ngadepin nya harus menghela nafas panjang dulu 😅🙏,2025-01-02 02:04:09+00:00,negatif
min bilngin pak presiden turunkan harga mask @polynia.id 😞,2025-01-02 02:04:01+00:00,negatif
next turunin PPN kek Vietnam,2025-01-02 02:03:38+00:00,positif
"intinya, kalau ada barang non mewah naik, fix! itu dia naikin harga sendiri 😂",2025-01-02 02:03:35+00:00,negatif
Tapi di pasar minyak kita naik serebu minn😅😅,2025-01-02 02:02:54+00:00,negatif
"ga ap² dibatesin pembelian nya,asal jgn Bates waktu diskon nya sj sy mohon untuk smpkn pd Presiden untuk 900va ga ad lgi yg M hrs subsidi semua, lumayan bgt sisa uang buat beli kebutuhan lain",2025-01-02 02:02:20+00:00,negatif
min kamu udah makan belum.,2025-01-02 02:02:11+00:00,negatif
🙏,2025-01-02 02:02:01+00:00,positif
tp kak knp alfamart di daerah rmhku pd naik semua ya harganya😭,2025-01-02 02:02:00+00:00,negatif
"makasih minta maaf moga bok presiden n semoga pejabat nya sehat selalu ,🥰🥰",2025-01-02 02:01:51+00:00,negatif
"masyaallah .stiap nonton bapak presiden prabowo saya selalu menangis,haru bahagia kagum,sehat selalu bapak😘😘,saya dari lampung🙏",2025-01-02 02:01:34+00:00,positif
tlg pak. di check apa masalah perminyaan naik n naik trus .Mhn jwban.sy pdgang kecil dr kota batu malang,2025-01-02 02:00:53+00:00,negatif
"percuma deh kalo warga nya aga aga mah tetep pasti nge hate komen, harus ganti rakyat kayanya min😭",2025-01-02 02:00:42+00:00,netral
kalo ttp ajja rewel ganti rakyat ajja ga sih😂,2025-01-02 01:59:58+00:00,positif
min pentolan kuahku ga naik naik padahal sapi mahal,2025-01-02 01:59:27+00:00,negatif
"Intinya drama dulu, tes ke masyarakat apakah ada reaksi atau tidak, kalo tidak ada reaksi lanjut, kalo ada reaksi, dibatalkan dan jadi pahlawan dianggap sebagai hadiah 🤣🤣🤣",2025-01-02 01:59:16+00:00,positif
LANJUT...MIN....🥰🥰🥰🥰,2025-01-02 01:19:49+00:00,netral
min turunin harga motor scoopy🙏,2025-01-02 01:19:23+00:00,positif
"admin&Bpk Prabowo sabar²menghadapi masyarakat minimnya pengetahuan asal komen.tanpa disadari pak Prabowo memperbaiki negara yg Uda Ambu radul ditangan presiden sebelumnya tetapi rakyat mau nya semua masalah beliau yg backup,coba pikir lagi lah gimana dua bulan menjabat mengurus negara seluas ini.setiap kota pasti ada masalahnya,apa beliau juga kalian tuntut untuk menyelesaikan nya?",2025-01-02 01:18:09+00:00,negatif
Titip Jgn kebanyakan amnesti pajak buat konglomerat ya min 🫰🏻,2025-01-02 01:17:59+00:00,negatif
gw makin cintaaah sama Bp.. semoga selalu sehat2 ya pak.😘 noh dengerin para Netijen yg suka nyonyor kaga jd naik.yg naik cuma barang mewah. Lo pd punya ga? kalo cuma jengkol n Pete mah kaga naik🥳💃,2025-01-02 01:17:18+00:00,negatif
"barusan ngisi token listrik 50rb dapet nya 150rb.
biasanya cuma dapet 73rb ini dapet 150k.makasiiiii mindra🥰",2025-01-02 01:17:07+00:00,negatif
makan di resto fastfood juga kena 12%,2025-01-02 01:17:03+00:00,netral
sesabar banget admin gerindra😭🤣🤣,2025-01-02 01:17:00+00:00,netral
"Min,kita sudah waktunya jadi vigilante gak sih min?",2025-01-02 01:15:46+00:00,negatif
😳😳😳,2025-01-02 01:15:33+00:00,positif
pusing punya rakyat kok di jelasin panjang lebar samudra masih aja ga mudeng mudeng si rakyat ini😅,2025-01-02 01:15:00+00:00,negatif
"presiden udah ngomong gini
suka ada ajah yang bilang naik naik ppn 12% suka heran
😅😅",2025-01-02 01:14:02+00:00,negatif
tiket KAI gak kena pajak aja udah mahal skrng 😭 sekali jalan dari jkrta ke kmpung PP aja udah setengah jg 😭 nnti pas lebaran lagi gak kebagian tiket 😭😭😭,2025-01-02 01:13:14+00:00,negatif
plis lah ppn jangan naik buat gajih gajih kitaa yang dibawah😭,2025-01-02 01:12:52+00:00,netral
"rakyat inidon ini banyak ngatur,banyak maunya tapi minim membaca.apa2 emosu diluan.tapi ya minn harga sembako di pasar pada di naikin penjual.padahal disini tidak ada kenaikan.",2025-01-02 01:12:46+00:00,negatif
skincare berarti aman ya min?,2025-01-02 01:12:20+00:00,negatif
tp min Minyak sawit naek ih :(,2025-01-02 01:12:06+00:00,negatif
yg protes saya yakin orang kaya semua yg takut kena pajak😅,2025-01-02 01:11:27+00:00,negatif
trimakasih bapak dapet diskon listrik bneran ternyataa🥰,2025-01-02 01:11:11+00:00,positif
Minyak goreng sama beras naik tinggi coyy😭,2025-01-02 01:10:07+00:00,negatif
🗿,2025-01-02 01:09:41+00:00,positif
"Pak yang ga pilih bapak kmrn jangan di ajak, biarin aja dia kena ppn gede😭🙏🏻",2025-01-02 01:09:27+00:00,positif
"Mimin ku sayang,masa wiffi kuuu kena PPN 12%, padahal pake wiffi biar lebih hemat selama 1 bln😭",2025-01-02 01:08:52+00:00,netral
anak abah pada kenapa sih dikit dikit salah😅,2025-01-02 01:08:22+00:00,netral
"bukan salah presiden tapi salah pemikiran kalian yg gampang di goreng oleh berita""hoax",2025-01-02 01:06:34+00:00,negatif
uang panaik setiap tahun naik min gimana mau nikah😫😫@partaigerindra,2025-01-02 01:05:46+00:00,negatif
"nga capek ngetik min banyak bener😁
terimakasih udah di jelasin panjang lebar minnn💪",2025-01-02 01:05:19+00:00,negatif
"minyak goreng dari awal Bln Desember dah naik, produsen sudah menaikan harga jauh sebelum PPN di sahkan,",2025-01-02 01:05:09+00:00,negatif
🥰,2025-01-02 01:04:42+00:00,positif
ini mah yang komen tugas presiden apa gak bisa ngapa ngapain terus gak tau yudikatif dll mending 2025 ganti rakyat,2025-01-02 01:04:01+00:00,negatif
🥰,2025-01-01 23:57:29+00:00,positif
"mantap, isi token yang 20 ribu jadi 80 , terimakasih presiden ku",2025-01-01 23:55:57+00:00,negatif
"ini gw mau share, biar pada tau.
masa pisang goreng biasanya harga seribu sekarangg udah 2ribu aja 😭",2025-01-01 23:53:29+00:00,netral
sembako naik semua broooo,2025-01-01 23:53:18+00:00,negatif
"Cara copy paste keterangannya gimana min? Mau update status Wa , Biar semua paham , gak bisanya menghujat pak Prabowo 😭🙏",2025-01-01 23:47:53+00:00,negatif
pak Prabowo minta tolong pak di tahun 2025 ini untuk tdk ada PHK di setiap prusahaan atau jasa2 logistik hampir jadi tren setiap tahun pasti da pengurangan kryawan apa lagi mau lebaran PHK psti ada ja,2025-01-01 23:47:19+00:00,negatif
jdi kita diprank 🙂 bru aj mw training nawar harga mahal jdi murah🙂,2025-01-01 23:46:53+00:00,negatif
pak presiden tolong diperiksa desa bujak kec. batukliang kab. loteng PROV. NTB. sejak 2013 s/d 2024 tdak jelas alokasi anggaran dan tdak transparan,2025-01-01 23:46:11+00:00,positif
"ini udah jelas dan detail penjelasan dr pak Prabowo
namun tak sejelas hubungan aku sama si dia",2025-01-01 23:45:27+00:00,netral
bapak🥰,2025-01-01 23:44:39+00:00,positif
min salamin ke bapak i love you gt yaaaa,2025-01-01 23:42:25+00:00,positif
💝,2025-01-01 23:42:03+00:00,positif
🗿,2025-01-01 23:41:44+00:00,positif
min gerinda ada uang jajan,2025-01-01 23:41:02+00:00,negatif
"gini ya, mind,,,,,, Mancing aja Naik 5rb,, yang tadinya 15rb jadi 20rb lele,,,Bawal 20rb jadi 25rb,,yang punya empang padahal Asn,, apa cuma ngikut ""... plis bales min banyak yang pada d naikan...",2025-01-01 23:39:55+00:00,negatif
"min mash nungguin program Medical Check up dari pemerintah nih, ayo min 😁",2025-01-01 23:37:38+00:00,negatif
presiden terbaik ku sepanjang masa.. yg selalu sat set untuk memberikan yg trbaik pada semua rakyatnya,2025-01-01 23:37:29+00:00,positif
"Kata""hari ini:
kalo aset tinggal nafas
anda tidak punya hak tolak 12%
😅",2025-01-01 23:36:27+00:00,negatif
"itu kan kata pak wowo,, tapi ujungnya ttp agency distributor bahan makan dll, cepet ikut naikin juga....",2025-01-01 23:36:27+00:00,negatif
terimakasih kasih pa,2025-01-01 23:34:38+00:00,negatif
bahann pokok udah naik semua min disinii,2025-01-01 23:33:58+00:00,negatif
mau pedes apa sedang min🤣n,2025-01-01 23:32:28+00:00,negatif
makasih mindra informasinya 👍,2025-01-01 23:32:14+00:00,netral
"pak bulan puasa kalo. libur satu bulan pondok pesantren juga ikut liburin pakkkkk😭😭😭😭kangen sahur tarawih pertama di rumaaaahhhhhh, selama ini cuma ngerasain 7 hari sebelum lenaran dirumah... 😭😭😭",2025-01-01 23:31:53+00:00,negatif
Pak tp belanjaan pokok di pasar pada naik gmn tu pak tolong dong diumum kan jgn ikut2 aji mumpung,2025-01-01 23:29:48+00:00,negatif
pakk mana makan gratiss nya pakkkk,2025-01-01 23:27:19+00:00,positif
min emang bener selama ramadhan2025 diliburkan selama 1 bulan full,2025-01-01 23:25:47+00:00,negatif
tp kebutuhan pkok d pasar udh ikut naik pak😭,2025-01-01 23:24:33+00:00,negatif
Sekarang rakyat ikut berubah yuk. Doakan para pejabat pemerintahan agar amanah semua dan dimudahkan tugasnya,2025-01-01 23:21:36+00:00,positif
min kalau distributor sembako yg naikkan PPN 12% gimana itu ya,2025-01-01 23:21:20+00:00,negatif
pak bener gak puasa Ramadhan Libur satu bulan ?,2025-01-01 19:00:17+00:00,negatif
Alhamdulillah,2025-01-01 18:59:22+00:00,positif
❤️🙏,2025-01-01 18:58:03+00:00,positif
min mending bakar jagung aja sini stok jagung gua masih banyak😂😂,2025-01-01 18:53:15+00:00,negatif
"mindra, makasii yaa udah panjang lebar jelasin di caption, jadi gaenak.",2025-01-01 18:53:14+00:00,negatif
gajih umk kok kena ppn ya min,2025-01-01 18:52:16+00:00,netral
min bilang ke pak Prabowo besok waktu puasa libur aj gw capek udah mikir ngak makan jadi pusing aku 😭😭,2025-01-01 18:51:32+00:00,negatif
memaafkan koruptor sama saja menyakiti rakyat..,2025-01-01 18:51:31+00:00,negatif
yg opsen kendaraan gmn min @partaigerindra ?,2025-01-01 18:50:24+00:00,negatif
😳😳😳,2025-01-01 18:50:07+00:00,positif
oomon omon ajahhh 🤣,2025-01-01 18:49:31+00:00,netral
sampai sini gua faham kenapa banyak artis yang takut ppn naik 12% 🗿(mungkin dia merasa di rugikan) wkwkwk,2025-01-01 18:49:29+00:00,negatif
min lebih bagus hp oppo atau realmie?,2025-01-01 18:47:57+00:00,negatif
minn beat karbu yg enak spek berapa? serius nanya 🗿,2025-01-01 18:46:24+00:00,negatif
min kapan Juni bisa ketemu pak Prabowo min,2025-01-01 18:46:10+00:00,netral
BPJS gmn min?,2025-01-01 18:45:22+00:00,negatif
pajak GL gimana min,2025-01-01 18:45:11+00:00,positif
"min gak usah dengerin org gjls min, salam buat Bobby....kucing aku dah lahiran hihi
malah aku yang gjls",2025-01-01 18:43:15+00:00,negatif
"jujur , kasian sama admin gerindra , banyak banget kerjaan nya , apa apa pada protes ke mindra, sehat sehat min",2025-01-01 18:42:08+00:00,netral
min turunkan harga garam,2025-01-01 18:37:02+00:00,positif
yg punya pabrik bir Jawa-kawa ma leci naik gk min,2025-01-01 18:35:29+00:00,negatif
"jadi yang udah 11% tetep yah? saya jualan kaos kena ppn 11% soalnya untuk produksi, kalo naik lagi bingung saya adu harga nya sama kompetitor besar",2025-01-01 18:34:03+00:00,negatif
min tapi harga pulsa dan tmn2 nya ko pada naik😭,2025-01-01 18:33:20+00:00,netral
"grinda, ksih kata"" untuk nak yatim kuliah + kerja kyk ku ini biar semangat ngga punya ayang soalnya😏?..",2025-01-01 18:31:58+00:00,negatif
"min Gerindra , kelanjutan soal pensiunan TNI/polri gmn apa diperpanjang masa jabatan @partaigerindra",2025-01-01 18:26:31+00:00,positif
Menyala presiden kuuu🔥‼️,2025-01-01 18:24:27+00:00,positif
🔥🔥🔥🔥🤲,2025-01-01 18:21:59+00:00,positif
min @partaigerindra untk lstrk token semisal qt beli 300k tiap bulan itu kan dpt kwh dobel..misal stok kwh msih bny smpai lwt bulan feb kwh sisa ny hangus tdk,2025-01-01 18:18:31+00:00,negatif
🥰,2025-01-01 18:15:40+00:00,positif
min coba tanya bapa Prabowo ada nggk bantuan rumh untuk orang yg nggk punya rumah🥺,2025-01-01 16:36:31+00:00,negatif
top up diamond mlbb kena pajak 12% min🗿,2025-01-01 16:35:53+00:00,positif
"🙄🙄🙄 mie rebus gak naik min, jadi aman kita😜🤣🤣",2025-01-01 16:35:46+00:00,positif
"sehat"" ya admin gerindra yg baik hati dan cepat tanggap 🫰🏻",2025-01-01 16:35:14+00:00,positif
stnk motor mundake ngeri,2025-01-01 16:33:55+00:00,negatif
"palagi kemarin2 list yg diberikan pun rancu dengan kata ""mewah"" dengan list harga dari masing2 barang termasuk yg menyerempet ke sembako 😅",2025-01-01 16:33:51+00:00,negatif
minn sekolah di liburin dongg pas bulan ramadhan✌,2025-01-01 16:33:50+00:00,positif
"tp temen saya mau ngeredit motor stylo harus D tambah pajak 1,7 jt. ???",2025-01-01 16:33:16+00:00,negatif
gini loh yang dimaksud kemarin kemarin berita nya kenapa ngga langsung di kasih list nya yg kena dampak ? kan masyarakat jadi ngga simpang siur 🙂,2025-01-01 16:31:58+00:00,negatif
Info loker min🥺,2025-01-01 16:30:51+00:00,positif
"pak gimana caranya biar bisa dapet bantuan PKH sama bantuan KIP buat anak saya pak, udah 8 tahun nikah sampai anak saya udah kelas 2 SD gak pernah dapet bantuan apa"" pak?",2025-01-01 16:30:26+00:00,negatif
min gw mau bmw😋,2025-01-01 16:29:17+00:00,netral
@andisjysa_:TOLONG PAK BERLAKUKAN OPTIMALISASI CPNS 2024 SETELAH INTEGRASI NILAI SKD DAN SKB DI INSTANSI PUSAT ATAU KEMENTRIAN JANGAN PATAHKAN SEMANGAT ANAK MUDA YANG INGIN MENGABDI KEPADA NEGARA YANG,2025-01-01 16:28:03+00:00,positif
"mindra kapan mulai program makan gratis ? saya d tunjuk sebagai petugas pelaksanaan sudah d minta data tapi sampai skrang belum ada kabar ,izin mindra jawabannya terimakasih 🙏",2025-01-01 16:27:29+00:00,negatif
dirmhku beras naik 🥺,2025-01-01 16:26:38+00:00,negatif
"pngen berkomentar di fb org2 yg ribut2 pdhal ga ngerti sma sekali apa yg dia ributkan , cumaikut2an .. slahnya smua rata2 org2 lingkungan skitar , humm",2025-01-01 16:26:11+00:00,negatif
harta harvey mois bagikan ke rakyat pak,2025-01-01 16:25:25+00:00,positif
"baca caption dulu yaa, kalau bisa dengerin sampe abis jangan ditelan mentah² dulu heran, untuk barang dan jasa mewah !! kalau selama motor lu Honda beat tenang masih aman yaa",2025-01-01 16:23:42+00:00,negatif
pak kapan pip cair🥰,2025-01-01 16:22:37+00:00,negatif
@put_rajuli02,2025-01-01 16:20:14+00:00,positif
pak link cara pengajuan bansos secara online ada gak sih sebenernya,2025-01-01 16:20:05+00:00,positif
pak presiden ku kalau kendaraan bermotor gak ada biaya pajak 12% kan??,2025-01-01 16:19:08+00:00,negatif
emas min?,2025-01-01 16:18:30+00:00,negatif
"gasalah pilih bapak sehat2 ya pak, ingin ku bertemu, ku ambil ilmu dari bapak agar kelak sukses🤗💙",2025-01-01 16:18:19+00:00,positif
pak Cabe 100k pak 😭,2025-01-01 16:16:45+00:00,negatif
"min udah makan belum, kerja mulu",2025-01-01 16:16:30+00:00,negatif
harga golda naik gk min?,2025-01-01 16:14:37+00:00,negatif
nah kalo gini saya setuju min kalo yg naik itu cuma barang mewah,2025-01-01 16:12:15+00:00,negatif
BUDAYAKAN BACA CAPTION YA GEYS BIAR NGERTI LU PD🫵🫵🫵🫵,2025-01-01 16:10:51+00:00,negatif
Pakkk knapa jari kerja susah bngt yaa 😭,2025-01-01 16:10:40+00:00,positif
"akhirnya yg aku tunggu2 penjelasan langsung dari pak presiden , ijin post min 👍",2025-01-01 14:57:36+00:00,negatif
"Min, desaku jatirawa di tegal kenapa kalo ngaspal jalan dari dulu cuma setengah doang ya?",2025-01-01 14:56:15+00:00,negatif
semoga sehat selalu pak pnjang umuurrr🤲❤️,2025-01-01 14:54:59+00:00,positif
asekk mie ku aman harganya bestieee g jd naik bahan bakunya .. makasi pak wowo😀😃,2025-01-01 14:53:23+00:00,negatif
🥰,2025-01-01 14:53:04+00:00,positif
min SMA 2 PALEMBANG belum dapet mamam gratis,2025-01-01 14:52:37+00:00,negatif
"Harga kopi kok naik min😭,",2025-01-01 14:52:09+00:00,negatif
mana ni anak² anis sama pdi liat ini,2025-01-01 14:51:57+00:00,negatif
"min ijin tax. ayah saya seorang pensiunan guru. beliau mengatakan bahwa awal mereka menjadi pegawai, SD ad nmx potongan gaji untuk perumahan. namun sampai ± 5 tahun pensiun, dana itu TDK perna cair",2025-01-01 14:51:38+00:00,negatif
"heran sama sebagian org yang ngga bisa membedakan mana berita yg resmi sama berita yg menggiring opini negatif ,sudah jelas presiden langsung yg ngomong, tapi masih banyak yg bertanya ga jelas",2025-01-01 14:51:27+00:00,negatif
"saran kepada pak prabowo, makan bergizinya tolong dong dibagikan juga ke orang dewasa, biar ga pada goblok, atau kalau makan biaya banyak, ganti aja rakyat yg gobloknya.",2025-01-01 14:50:42+00:00,negatif
Alhamdulillah 😇,2025-01-01 14:48:42+00:00,positif
🥰,2025-01-01 14:48:30+00:00,positif
Ingett yaa yang naik itu yang punya BARANG MEWAH yang gapunya gausah komen2 sok bakal kena pajak PPN 12%,2025-01-01 14:47:06+00:00,negatif
min harga cabai bawang dipasar hrga naik Min . para emak2 pusing Krn pada naik min😁,2025-01-01 14:46:34+00:00,negatif
"Admin kalau motor Honda kena gak ? , soal nya saya sales marketing honda , kalau naik susah untuk ngecapai target @partaigerindra",2025-01-01 14:46:26+00:00,negatif
min emang bener bakal libur satu bulan selama bulan Ramadhan,2025-01-01 14:44:48+00:00,negatif
min gue ngakak lihat komen warga gabut 🤣🤣,2025-01-01 14:44:43+00:00,negatif
😔,2025-01-01 14:43:57+00:00,positif
bio borra indonesia juga ganti lagi,2025-01-01 14:43:56+00:00,netral
"min tolong bilangin ke Pemkot Tangerang itu abis ngebangun pager di daerah pasar sipon pasir pasir nya beresin & batu batu nya juga, udah banyak min yang kecelakaan gara gara pasir sama batu batu nya",2025-01-01 14:43:41+00:00,negatif
"min@partaigerindra sy ada DM d Ig , klo ada waktu mohon di baca🙏",2025-01-01 14:43:23+00:00,netral
@Prayoga,2025-01-01 14:42:38+00:00,positif
rakyat ke gocekk 🤣🤣,2025-01-01 14:42:06+00:00,negatif
min kok obat²an ikut naik juga ppn 12%😭,2025-01-01 14:41:58+00:00,negatif
🙏,2025-01-01 14:41:43+00:00,positif
"listrik gimana min?
soalnya di kampung ku ada nih orang yg ngotot jual token listrik 2x lipat karena katanya PPN naik 12%",2025-01-01 14:39:54+00:00,negatif
"😭 ganti rakyat aja min , rakyatmu susah dijelasin",2025-01-01 14:39:43+00:00,positif
🌷,2025-01-01 14:39:14+00:00,positif
min gimana ninggalin pacar yang udah hamil ?,2025-01-01 13:46:20+00:00,negatif
"Tapi Yg Heboh masalah kenaikan 12% Malah Menengah ke bawah.
Dengan Asumsi Kebutuhan Makin Naik., Dari Sini Pihak Pemerintah Harus Sering Sidang Pasar., Agar Tidak Seenaknya Menaikan Harga.",2025-01-01 13:45:10+00:00,negatif
"Proses Penggagalan
1. Veto presiden
2. Penolakan DPR
3. Revisi atau perubahan rancangan undang-undang
4. Demonstrasi atau protes masyarakat
5. Gugatan",2025-01-01 13:44:44+00:00,negatif
min kalo panas dingin makan apa yang enak,2025-01-01 13:42:56+00:00,netral
"luar biasa usaha presiden pak Prabowo untuk tetap berpihak pada rakyat kecil, semoga kinerja ini terus konsisten, sehat terus pak parbowo, saya ga terlalu paham politik tapi berkat pak parbowo mulai cari2 informasi tentang politik pemerintahan supaya tidak mudah terpengaruh oleh media massa yg kadang juga isinya hoax😢",2025-01-01 13:42:38+00:00,positif
"turunin harga kuota min, udah follow🙏",2025-01-01 13:41:55+00:00,netral
@Dendi setiawan,2025-01-01 13:41:29+00:00,positif
@Angga Permadi,2025-01-01 13:41:28+00:00,netral
admin apa nee,2025-01-01 13:40:40+00:00,netral
Min soal gaji guru gimana min???,2025-01-01 13:40:19+00:00,negatif
halo min,2025-01-01 13:40:07+00:00,positif
ini klinik kecantikan jg kena ppn 12% kah 😭,2025-01-01 13:38:01+00:00,positif
Miss U min 🤭,2025-01-01 13:37:59+00:00,negatif
🥰,2025-01-01 13:36:56+00:00,positif
bang tolong kaki gua sakit,2025-01-01 13:36:20+00:00,negatif
"kok satpam d kantor gajinya kena ppn 12
piyeee",2025-01-01 13:36:15+00:00,negatif
🗿,2025-01-01 13:36:14+00:00,positif
"yg bilang sembako pd naik bla bla, ye kan tiap mau ada hari raya juga pada naik, kaya baru pertama jadi manusia aja lu ah😭",2025-01-01 13:36:13+00:00,negatif
harga sembako knpa pada naik semuaaa pak🥺,2025-01-01 13:35:33+00:00,negatif
banyak banyak istighfar min🙏😭,2025-01-01 13:33:20+00:00,positif
"admin nya greget gak yah?lihat org org"" yg gagal faham ,ngoceh Mulu di komen, aku aja yg baca kaya gmna gtu kaya apaan sih ni org org🥴",2025-01-01 13:33:06+00:00,negatif
tolong hapus batas usia di loker pabrik @partaigerindra,2025-01-01 13:32:59+00:00,negatif
sampai ngetik panjang lebar adminnya 😭😭,2025-01-01 13:32:56+00:00,negatif
min kenapa telkomsel jadi mahal padahal jarang pake telkomsel,2025-01-01 13:30:48+00:00,netral
"min belum pernah dibales aku min 🙏
kuota internet di shopee naiknya gila2an min 🙏",2025-01-01 13:30:03+00:00,negatif
🥰🥰🥰,2025-01-01 13:29:40+00:00,positif
@leonardo,2025-01-01 13:29:37+00:00,positif
bang liburin lah puasa 1 bulan,2025-01-01 13:28:51+00:00,negatif
min lebih keren motor Vario atau beat ?,2025-01-01 13:27:39+00:00,negatif
komentarnya bukti literasi Indonesia rendah😹🙏,2025-01-01 13:26:57+00:00,positif
"admin Gerindra, 1 kilo sawit 10 ribu dong",2025-01-01 12:34:56+00:00,negatif
pak kasih tau bahasa gen beta,2025-01-01 12:33:21+00:00,negatif
🥰🥰🥰,2025-01-01 12:33:19+00:00,positif
"UU No 7 tahun 2021 jelas menyatakan ppn 12 % berlaku paling 1 januari 2025
PMK no 3 tahun 2023 mengtur SKB PPn BM
pertanyaan saya : pakai aturan mana pemerintah menyampaikan PPN tidak jadi naik12%?",2025-01-01 12:33:09+00:00,negatif
Alhamdulillah 😊🙏🏻,2025-01-01 12:32:26+00:00,positif
"minyk, telor, beras, bumbu dpur pda naik min hrga y. ema"" mnjerit😂😂",2025-01-01 12:32:23+00:00,negatif
tolong bantu viralin postingan saya karna sudah banyak korban,2025-01-01 12:32:17+00:00,negatif
min ff atau fc mobeli,2025-01-01 12:31:55+00:00,netral
min nanti puasa libur gak🥰,2025-01-01 12:31:48+00:00,netral
"warga +62 tolong dibaca dan dipahami caption yg sudah diketik detail sama mindra, semoga tidak miss komunikasi dan informasi serta tidak mencari2 alasan untuk menyalahkan bapak Presiden.",2025-01-01 12:31:12+00:00,negatif
min jangan naikin harga skincare🥺,2025-01-01 12:31:08+00:00,netral
🥰,2025-01-01 12:30:54+00:00,positif
halo,2025-01-01 12:29:21+00:00,positif
cihuy,2025-01-01 12:29:20+00:00,netral
"min apakah betul hukuman cambuk rotan akan di buat untuk para koruptor??
kayak di negara sebelah kita Malaysia
hukuman sebatan
saya setuju macam itu😁",2025-01-01 12:28:35+00:00,negatif
lagian orang orang gampang bat kegiring opini si padahal presiden nyaa aja dari awal 12% ini keluar dia udah bilang kalo cuma buat barang barang mewah,2025-01-01 12:28:14+00:00,negatif
bismillah Indonesia semakin maju💪💪,2025-01-01 12:27:58+00:00,positif
"Penggajian buruh outsourching sudah dipotong dri bulan desember min, kata pimpinannya ppn naik 😂",2025-01-01 12:27:47+00:00,negatif
cicilan motor bunganya naik nggak min? @partaigerindra,2025-01-01 12:26:25+00:00,negatif
"banyak bahan pokok yang sudah ikut naik per 1 Januari, distributor sudah memberikan edarannya ada kenaikan 12%, contoh susu uht, bahan kue, plastik, dll tolong donk gmn nih?",2025-01-01 12:26:19+00:00,negatif
mindra yang terkasih dan tersayang lapangan kerja,2025-01-01 12:26:18+00:00,positif
"Kak tolong paket cod ppn nya naikin 4000 %
saya nganter paket cod org nya pada susah bgt, udh kaya nagih hutang 😭",2025-01-01 12:24:55+00:00,negatif
liat aja endingnya nanti naik semua. skrg aja telor udah merangkak dari 26rb udah jadi 30rb lagi disukabumi😏,2025-01-01 12:24:34+00:00,negatif
Beras Cabe Bawang Setiap Mau Tahun Baru & Mau Lebaran Udah Pasti Naik Tiap Tahun,2025-01-01 12:24:31+00:00,negatif
min akirnya gw dapetin dia,2025-01-01 12:22:55+00:00,netral
"PPN obat naik dari 11% jadi 12% mulai januari, pak 🙂",2025-01-01 12:22:33+00:00,negatif
ga capek min nulis caption sebanyak itu? 😭,2025-01-01 12:22:10+00:00,negatif
pulsa sama Kouta naik tinggi,2025-01-01 12:22:10+00:00,negatif
"masyaAllah niech presiden negaran indonesia nya udah benar... tinggal ganti mental Rakyat indonesianya "" hayyou e tinggal kita rakyat indonesianya yang harus rajin dan pekerja keras lagi cari Rezeki yang Halal dan berkah.. buang buang itu sudah mental gratisan.... dan mental Kurupsi kecil kecilan... Hilangkan Mental miskin yang minta semua ditanggung negara""..🥰 maaf yach... Harga diri kita ditentukan oleh Kerja keras Halal kita... pajak negara indonesia benar benarndi konstribusikan buat kesejahteraan rakyat indonesia(fakirmiskin tak mampu)",2025-01-01 12:21:46+00:00,negatif
"CERMATI YA ADEK ADEK, JANGAN TERBAWA ARUS MULU😭",2025-01-01 12:21:11+00:00,netral
min lebih bagusan RX-King apa vespa,2025-01-01 11:37:15+00:00,negatif
"pak sya umur 35tahun nyari kerja semua max 28thn semua ,, coba deh pak klo gak pake umur mungkin bisa mengurangi pengganguran 🥰",2025-01-01 11:37:15+00:00,netral
"maaf min tadi aku kira ai soalnya cuma mulut yg gerak😭🙏pas liat profil, ternyata gerindra",2025-01-01 11:36:53+00:00,negatif
menyala babeh 👍,2025-01-01 11:36:47+00:00,positif
min pete jg jdi brang mewah kalo lgi gk musim... mahal banget,2025-01-01 11:36:03+00:00,negatif
@Evaystore.id gak jadi naik,2025-01-01 11:35:59+00:00,negatif
percuma pak barang mewah naek lah di Maluku Disni serba mahal beras aj mahal apa lagi minyak pak .. :),2025-01-01 11:34:22+00:00,netral
tapi nantinya akan naik semua mau bareng mewah barang biasa aja yakin gua mah liat aja nanti jalannya kaya apa😁,2025-01-01 11:34:04+00:00,negatif
@huhh @Nattdal rill vrok,2025-01-01 11:33:56+00:00,negatif
"nyari kerja susah, pajak malah naik",2025-01-01 11:33:22+00:00,netral
"dm geme juga baik apa lh batal kan segara Manding hapus tuh makan siang geratis segitu nya Meres duit rakyat, hukum korub ringan bgt Nagara macam ap ini",2025-01-01 11:31:34+00:00,positif
menangis aku min😭terharu,2025-01-01 11:31:11+00:00,negatif
"Sebenernya yg penting pajaknya emang bener” dipake buat hal semestinya, bukan buat para oknum yang mau memperkaya diri sendiri, diantaranya rafael dan gayus misalnya",2025-01-01 11:29:59+00:00,negatif
"yang asal komen dan negatif komennya, itu artinya apa min ?🤣🤣🤣🤣",2025-01-01 11:29:42+00:00,negatif
"anak wabah pasti pada gak terima ini min
plus mines mau baca😂",2025-01-01 11:29:08+00:00,negatif
pak kenapa listrik yang bisnis ga dapet diskon 50 %,2025-01-01 11:29:05+00:00,positif
heran sanya orang di tik tok ini yg gak pernah literasi kah sanya aja yg di pelosok masih mau literasi,2025-01-01 11:28:52+00:00,negatif
🥰,2025-01-01 11:28:50+00:00,positif
"ganti rakyat aja bisa gak min?
capek aku ngeliat komentar komentar nya
kebanyakan baca berita cuman di judul aja",2025-01-01 11:27:51+00:00,negatif
"dari awal mah gausah sebut ppn kali, ppnbm lah",2025-01-01 11:27:43+00:00,negatif
🥰,2025-01-01 11:27:43+00:00,positif
anjay superhero,2025-01-01 11:27:30+00:00,positif
harga r0k0k tetep sama kah min?,2025-01-01 11:27:22+00:00,negatif
"gue baca komentar lu ya min di bagian ""kurang peduli apa pak prabowo...?"" bikin ngakak dan gue rasa lu udah gak pantas sih, bukannya itu merupakan kewajiban seorang presiden? 🤫",2025-01-01 11:27:19+00:00,negatif
emang SDM rendah,2025-01-01 11:26:13+00:00,negatif
"@Jrz5MB:menuju Indonesia emas🤓
ayam = 7 tahun
korupsi = 6,5 tahun
emang presiden goblo. k
pengabdi go. blok",2025-01-01 11:24:19+00:00,negatif
Tolong untuk pajak p3k nakes juga pak.. krna tidak d tanggung pemerintah,2025-01-01 11:23:40+00:00,netral
"kesalah pahaman terkait kenaikan ppnBm ini dimanfaatkan penjual sembako untuk menaikkan harga min, harga rokok, pulsa,sudah mulai naik dibeberapa toko kelontong",2025-01-01 11:23:12+00:00,negatif
JKP itu apa min?,2025-01-01 11:21:55+00:00,negatif
itu yg beli motor belinya sebelum naik masih aman kah gk jadi naik maupun tanggungan?,2025-01-01 11:21:42+00:00,negatif
"hehe min, gwa ulang tahun nih",2025-01-01 10:33:41+00:00,positif
ppnbm apaan?,2025-01-01 10:33:18+00:00,negatif
"min gajih di atas 5jt kena pajak ?
kmarin dpet gajih kena pajak pdahal 6jt di bawah 10jt",2025-01-01 10:32:26+00:00,negatif
min tolong si min bantu suamik dpt kerja usia 40[flushed],2025-01-01 10:32:22+00:00,negatif
"dsini,smua sembako harga nya naik drastis min🥲",2025-01-01 10:32:16+00:00,negatif
"min, kemaren gajian pph 21 dipotong juga dr gaji min. pdhl cuma UMR aja katanya ga dipotong min",2025-01-01 10:32:04+00:00,negatif
😁,2025-01-01 10:31:57+00:00,positif
"telor naik minyak naik beras naik hrgnya sembako naik,, setiap blm puasa,THN baru, Kaya udh tradisi ..tolongin ya pak 🥰👌",2025-01-01 10:31:44+00:00,negatif
"kalo rakyat 24% anak abah.
dan rakyat batrai lemah 16%.
g mgkin pahan",2025-01-01 10:31:44+00:00,negatif
min turunkan biaya lain2 jualan online..,2025-01-01 10:31:34+00:00,negatif
🙏,2025-01-01 10:31:28+00:00,positif
Adimin@partaigerindra uda 2025 gimna nasib Honerer yang tidak lolos PPPK? di daerah kami regulasinya blm jelas untuk pppk paru waktu..,2025-01-01 10:31:16+00:00,negatif
heheheh smpe du jlskin biar gk di demo😭😂,2025-01-01 10:31:04+00:00,negatif
"nyatanya gk sesuai VT LUU...
dilapangan skrng sdh mulai naik hrga kebutuhan rakyat.",2025-01-01 10:28:41+00:00,negatif
🥰,2025-01-01 10:28:30+00:00,positif
"Min, kenapa setelah belum lama naik dari 10% ke 11% , eh masih naik lagi? buru2 amat yak.. 😁",2025-01-01 10:27:58+00:00,negatif
Ya Allah beratnya jadi Pak Prabowo ini... kan ini berita bagus sekaliii... malah pada bilang harga di pasar naik... lha kan nataru.. 3 bulan lagi puasa lebaran juga naik pada mo nyalahin Pak Prabowo juga.... kerja kerja,2025-01-01 10:27:20+00:00,negatif
"yg bikin isu2 si media onoh buat nakut nakutin masyarakat haeduhh, tau sendiri masy. indo telan mentah2 infonya,dn minimnya pengetahuan tentang PPN",2025-01-01 10:26:15+00:00,negatif
Keren si lu draa sabar bgt dr kmrn di caci gk nongol karna nunggu kepastian dr pemerintah gk ambil tindakan duluan 👍👍,2025-01-01 10:26:03+00:00,negatif
"pajak sembako naik min, PPN",2025-01-01 10:25:48+00:00,negatif
Rieke diah pitaloka apa kabar? 😭🤣,2025-01-01 10:25:43+00:00,negatif
yg dapat subsidi tolong diaudit ulang pak biar tepat sasaran👍😊,2025-01-01 10:25:39+00:00,negatif
bang kalo beli motor apa kena ppnbm 12% juga kah?,2025-01-01 10:25:10+00:00,negatif
😭😭😭,2025-01-01 10:25:05+00:00,positif
🗿,2025-01-01 10:24:54+00:00,positif
pak bisa kah benarin jalan Katingan.jalan disini udah rusak jalannya😭,2025-01-01 10:24:17+00:00,negatif
netflix.spotify.kopi susu nggak termasuk mewah kan min?ga jadi brarti?,2025-01-01 10:24:10+00:00,negatif
kalau wifi min?,2025-01-01 10:23:49+00:00,negatif
sampe caption nya sepanjang dan sedetail itu,2025-01-01 10:23:08+00:00,netral
biaya to up iklan shopee sudah naik 12%,2025-01-01 09:33:40+00:00,negatif
min apa bener entar pas puasa sekolah libur 1 bulan full??,2025-01-01 09:32:32+00:00,negatif
💐💐💐,2025-01-01 09:30:46+00:00,positif
"request, tunjangan dpr diturunkan bisa gasih kira² min?",2025-01-01 09:30:39+00:00,negatif
"percuma ngomong doang sidak di lapangan apa"" pada naik",2025-01-01 09:30:20+00:00,netral
Kerja keras rakyat yang selalu meneriakan PPN. 🤩,2025-01-01 09:30:18+00:00,positif
"tp min kenapa setiap mau hari raya besar seperti idulfitri dan Natal bahan pokok itu selalu naik nya misalnya nya bawang merah, cabe rawit dan cabe keriting d daerah ku sampe 100rb/kg",2025-01-01 09:30:11+00:00,negatif
@Riyan Hidayatullah BACA CAPTION INI !!,2025-01-01 09:29:42+00:00,positif
yg penting sparepart motor gk kena😂,2025-01-01 09:29:34+00:00,positif
"Min email dri wifi my republic gw ada penyesuain harga karena kenaikkan ppn 12%, klo mimin gk percaya bisa gw screen shoot ke dm mimin @gerindra",2025-01-01 09:28:16+00:00,negatif
semoga ga pada males baca caption yah😂 yang aksi nya cuman komen doang,2025-01-01 09:28:13+00:00,netral
admin gerinda paling ok🔥,2025-01-01 09:27:04+00:00,positif
Alhamdulillah ayuuuk share sbnyk2nya biar ga pd rebut2 lg,2025-01-01 09:26:38+00:00,negatif
"Ye klo peduli mah dr kemarin kaga ada tuh rencana ppn 12% , kaga ada tuh rencana makan siang gratis tapi maksain anggaran. yg ada di menit menit terakhir terkesan jadi pahlawan.",2025-01-01 09:26:30+00:00,negatif
tolong cek kepala desa Lintang kanan 🔥,2025-01-01 09:26:04+00:00,negatif
nah kan sekarang jelas ya,2025-01-01 09:25:59+00:00,netral
"min, masalah nya bbrp perusahaan sdh umumkan pajak naik 12% jd barang"" mereka juga naik harga jual nya sembako",2025-01-01 09:25:12+00:00,negatif
"mohon di sidak min karena nyatanya di pasar2 harganya naik semuaaa, semoga ada solusinya🙏",2025-01-01 09:25:09+00:00,negatif
min mau nanya kloo sperpart diesel itu naik gaa? @partaigerindra,2025-01-01 09:24:01+00:00,negatif
🥰🥰🥰,2025-01-01 09:22:43+00:00,positif
Kalau import” bagaimana min nasibnya 😳,2025-01-01 09:22:09+00:00,negatif
MasyaaAllah pak sehat selalu ya 🫶🏻 lopee sekebon,2025-01-01 09:22:04+00:00,positif
🥰,2025-01-01 09:21:51+00:00,positif
min makan di mall / resto mewah kena pajak 12% ga?,2025-01-01 09:21:15+00:00,negatif
"yang bilang barang udh naek, kek sembako, dikira itu dikarenakan kenaikan PPNbm? banyak faktor cuy. inflasi, kenaikan harga produksi, kebanyakan judol, supply demand dsb. Kalau dipaksa turun, ya boncos lah seller😂.",2025-01-01 09:20:54+00:00,negatif
Sejauh ini masih aman sih . Sekelas indomaret harga tetep2 aja dan aman2 aja ga ada kenaikan. Di daerahku sih . Gatau yang lain yagesya 🙈,2025-01-01 09:20:41+00:00,negatif
aerox gmana min?,2025-01-01 09:20:40+00:00,netral
"min lu dicariin warga twitter noh, perasaan dulu sok asik di twitter kok skrg gak pernah muncul 😂😂😂",2025-01-01 09:20:11+00:00,negatif
"min tentang libur1 Bulan pada bulan ramadhan benar apa hoax?
tolong di jawab min",2025-01-01 09:20:10+00:00,negatif
pesawat udara... bakal naik tiket pesawat,2025-01-01 09:19:16+00:00,negatif
tolong pak ppn turun aja,2025-01-01 08:39:46+00:00,positif
2025 masa masih di jajah nelayan kita di perairan sendiri sama negara kecilllllll!,2025-01-01 08:39:08+00:00,positif
"Nih pada di baca dengan teliti yg pada teriak"" ppn naik!",2025-01-01 08:38:55+00:00,negatif
ini dia pahlawan kesiangan kita muncul🤩,2025-01-01 08:37:46+00:00,positif
perasaan dia ke aku naik ga kira kira?,2025-01-01 08:37:37+00:00,negatif
"admin gerindra tolong datang ke toko dong biar matamu melihat, sy jual sembako ko pada naik, jangan cuma bacot, lu pada enak makan duit rakyat",2025-01-01 08:37:28+00:00,negatif
"Budaya kan membaca caption dan dengar penjelasan baik2 ya gaes lewat vt ini,jangan fomo ikutan2 aja 12% 12%.",2025-01-01 08:36:51+00:00,netral
@Mputttt🌚 @stkrn_wt♍ Woy anak abah keluar ga lo 🤣🤣🤣,2025-01-01 08:36:49+00:00,negatif
brarti min gaji dibawah 10jt/bulan gratis pph21 tah?,2025-01-01 08:36:42+00:00,negatif
"tapi temanku bayar pajak motor, katanya sudah 12%",2025-01-01 08:36:41+00:00,negatif
hanya mrk dr golongan org kaya yg memiliki brg mewah sprt yg di sebut Bpk saat ini menyusuikn pekerjaan n penghasiln,2025-01-01 08:35:12+00:00,negatif
ppn naik hukuman koruptor kok gak naik naik.,2025-01-01 08:35:12+00:00,negatif
😳,2025-01-01 08:34:48+00:00,positif
🥰,2025-01-01 08:34:34+00:00,positif
"ini sales udah dikasih surat edaran barang naik loh min produknya ada kenaikan hrga. indofood , syap mas dll. klo emng bner gentle kasih surat edaran",2025-01-01 08:34:07+00:00,negatif
pak bisa topupin ml saya gk,2025-01-01 08:33:46+00:00,positif
"Kalo diliat liat mimin gerindra kayanya lebih powerful deh dibanding wakilnya, pak prabowo hebat bisa mendirikan partai yg sepowerful ini 😁",2025-01-01 08:33:24+00:00,negatif
"Rakyat ikhlas kok pak bayar pajak., yg penting tidak Dikorupsi😭😭😭
itu yg bikin rakyat sakit hati.
Lekas Membaik Indonesiaku❤",2025-01-01 08:33:15+00:00,negatif
😘,2025-01-01 08:32:45+00:00,positif
😁,2025-01-01 08:32:38+00:00,positif
pak prabowo 2025 ini tolong bantu lunasi hutangku😔,2025-01-01 08:32:00+00:00,positif
"min kalau perusahaan tidak ngikutin instruksi ini,ada menaikan harganya, gimana tindakannya?",2025-01-01 08:31:49+00:00,negatif
@Aquariusgirl @Grey Sunflower,2025-01-01 08:31:40+00:00,positif
"semoga ekonomi membaik di tahun 2025 ini ya Allah, terus pajak menurunlah. 😭😭",2025-01-01 08:31:16+00:00,negatif
semoga jadi sedikit korupsi ya hihi,2025-01-01 08:30:40+00:00,negatif
nataru dan lebaran semua barang pada naik dari zaman dulu juga coba inget inget deh,2025-01-01 08:30:21+00:00,negatif
menyala presiden ku,2025-01-01 08:30:13+00:00,positif
"min seriusan nih, kenapa belom muncul2 lagi di X? kok pilih kasih sih public relation-nya cuma di 1 aplikasi doang? kenapa min, di tiktok lebih di welcome dan lebih banyak di-support ya?",2025-01-01 08:29:26+00:00,negatif
"sekalian cek harga pasar pak, biar harga sembako tetap stabil, dan tidak ada kenaikan. kasihan ibu-ibu kebutuhan perdapuran 👍",2025-01-01 08:29:13+00:00,positif
@death,2025-01-01 08:29:01+00:00,negatif
@sisetterlangit,2025-01-01 07:41:53+00:00,positif
bayangin lo beli pop mie di kolam renang,2025-01-01 07:41:48+00:00,positif
bantuan beras ditempat saya tdak setiap bulan pak. klo g salah 2 bulan sekali.,2025-01-01 07:40:11+00:00,positif
Anak abah posting ulang plis,2025-01-01 07:39:48+00:00,positif
😁,2025-01-01 07:39:14+00:00,positif
"yeayy akhirnya diperjelas lgsg sama bapak, love you pakk❤️",2025-01-01 07:38:50+00:00,positif
"mana peraturan tertulisnya, sama aja bohong kalo gini",2025-01-01 07:38:18+00:00,netral
"Min, kapan buka lapangan kerja???? Bosen nganggur Min🙏",2025-01-01 07:38:17+00:00,negatif
gwe kerja 8 jam gaji cuman 1.7 kaga ada 2 juta kerja jam 8 malem sampek jam 4 pagi anjir disemarang nyari kerja susah,2025-01-01 07:37:57+00:00,negatif
2025 ganti rakyat aja😂. Banyak nuntutttt tp ga interopeksi diri.,2025-01-01 07:37:39+00:00,negatif
Jadi harga kreta baru naik gak min? Pajak ospen katanya namanya infoo,2025-01-01 07:37:07+00:00,negatif
min yg token bisa jd nambah gtu knpa? ko ngaruh ke token juga min? kurang paham soalnya🙏,2025-01-01 07:37:04+00:00,negatif
"Lihat aja pengenaan PPN di struk pembelian atau transaksi kita di Swalayan,Hotel,Restoran Fast Food dan lainnya apa benar gak berubah jadi 12 %",2025-01-01 07:36:10+00:00,negatif
"sama Aja Min.. Fakta dlapangam udah banyak yg Naik harga..
🙄🙄🙄",2025-01-01 07:36:00+00:00,negatif
tapi min @partaigerindra aku di email sama cs wifi ngasih tau kalo naik 12% 😭,2025-01-01 07:35:14+00:00,negatif
Tadi bayar listrik 800rb itu stghnya ya😭😭😭,2025-01-01 07:35:09+00:00,negatif
min min alhamdulillah PPN gak jadi naik tp kok bayaran internet tetap naik 12% 😭😭😭😭,2025-01-01 07:34:15+00:00,negatif
langganan mnc play sebulan cuma 250rb. kemarin sdh ada email klo mulai januari ppn naik 12%. itu barang mewah bukan sih??? bingung.,2025-01-01 07:34:13+00:00,negatif
😁,2025-01-01 07:34:09+00:00,positif
😁,2025-01-01 07:33:07+00:00,positif
😅,2025-01-01 07:33:04+00:00,positif
"kenapa obat""an dari pbf pppn naik jadi 12%?",2025-01-01 07:32:23+00:00,negatif
"pengen copy caption-nya gak bisa min, mau dikirim ke yang gembar gembor 2025 pajak naik 12% 😭",2025-01-01 07:32:08+00:00,negatif
"intinya gak ada yg naik ygy.
ini tuh cuma untuk barang mewah ygy. harga barang pokok aman ko",2025-01-01 07:31:53+00:00,negatif
pak tolong bantu saya mau kaya mau bayar hutang.,2025-01-01 07:31:44+00:00,negatif
"minimal yang masih protes, tolong literasi membacanya di tingkatkan ya",2025-01-01 07:31:40+00:00,negatif
admin nya ramah sekali🥰,2025-01-01 07:31:36+00:00,positif
"min maaf cuman mau menyampaikan saja,saya kerja di toko kelontong,harga bahan2 baku pada naek semua per januari ini juga saya di kasih tau sama sales2 katanya naek ppn 12%",2025-01-01 07:31:21+00:00,negatif
"@partaigerindra min, mancing yuk, mumpung libur, wayanya kita ngeladenin ikan dulu, .",2025-01-01 07:31:18+00:00,negatif
🥺,2025-01-01 07:30:52+00:00,positif
"Yg udh naikin ke 12% kocak gasiii org ketuk palu nya aja blm tapi udh naikin, cenayang?",2025-01-01 06:52:31+00:00,negatif
"buat karyawan dicatet ya kalau gaji kalian sampai dg 10jt pph 21 ditanggung pemerintah, jadi kalau gaji kalian masih dipotongin protes ke perusahaan, jangan mau dikibulin",2025-01-01 06:52:30+00:00,negatif
"min bantubaku,Aku kerja di pemerintahan tahun kmaren 3,5jt sebulan, kok tahun ini jadi 3jt.pusing min.",2025-01-01 06:52:13+00:00,negatif
Kalau stimulus point 1 & 2 caranya gimana ya min?,2025-01-01 06:52:09+00:00,negatif
"Harus ada batasan si buat para media konten kreator yg bikin huru hara, belum juga putusan tp udh bikin berita gaduh",2025-01-01 06:51:56+00:00,negatif
ganti rakyat ajala ish,2025-01-01 06:51:45+00:00,positif
"tapi mindra @partaigerindra harga minyak goreng kenapa naik😭. ibu rumah tangga menangis, yang awalnya dulu 2liter 24rb sekarang 40rb. padahal kebun sawit ada di indo🥲",2025-01-01 06:51:44+00:00,negatif
"sebelum COMENT BACAA WOIIII BACAA WOIIII, BACAAA WOIIII, BACAAA CAPTION MIMIN GERINDRAA, MELEKKKKKK MELEKKKKKKKK",2025-01-01 06:51:00+00:00,negatif
🥰,2025-01-01 06:50:35+00:00,positif
min kalo puasa libur gak,2025-01-01 06:50:05+00:00,netral
min harga burung kapan naik nya,2025-01-01 06:49:55+00:00,negatif
"yg komen dampaknya ke smua harga naik, tar klo udah ga hari raya harga turun lu smua yg komen naik kaga usah beli apa² ya!! minum air ledeng aja! ama cabut ubi diladang sono! hbis tu urus transmigrasi ke uranus!",2025-01-01 06:49:44+00:00,negatif
😁,2025-01-01 06:49:42+00:00,positif
"info ny sdh jlas, hny brang mewah yg di kena kan pajak 12%. KLO brang² kbutuhan pokok sehari² ikut naik. itu arti ny oknum pebisnis/pengusaha yg mnjdikan ini sbgai senjata utk meraup laba lebih besar. Krena selaku pengusaha mereka tau, rakyat gmpg di goreng² utk kepentingan mereka.🗿🗿, & hati-hati..banyak oknum media yg memanfaatkan situasi ini utk narasi & tujuan mereka.",2025-01-01 06:49:14+00:00,negatif
mantap jiwaaa,2025-01-01 06:48:29+00:00,positif
kasian min nya loh diserang trus smpe vt ini terbit.. sabar min mau Seblak min?,2025-01-01 06:47:50+00:00,negatif
maaf min melenceng Ronaldo atau Messi 😂,2025-01-01 06:47:23+00:00,negatif
tolong pak..utk yg SDH cerai bnyk mntan suami yg tidak mau ksh nfkah utk anak biarpun SDH tertera d akte cerai n keputusan tp kenyataan nya TDK prnh ksh nfkah...sy j dr 2015 smpe skr mntn suami TDK ksh nfkah utk ank,2025-01-01 06:47:23+00:00,negatif
kalo begini jelas nih biar gak ada berita simpang siur.. ternyata gak seperti yang di liat yah,2025-01-01 06:47:08+00:00,negatif
Kl emg kyk gini berarti pak prabowo harus marahin ditjen pajak yg ngeluarin pernyataan kenaikan PPN 12% bukan kenaikan PPnBM. Gara2 pernyataan ini bnyk pelaku usaha yg udah naikin harga,2025-01-01 06:46:59+00:00,negatif
😁,2025-01-01 06:45:46+00:00,positif
min cape yah milj,2025-01-01 06:45:11+00:00,netral
"Bisi aya nu t bisa maca khusus anak abah,kdieu ku aing d ajarkn maca",2025-01-01 06:44:48+00:00,netral
SELAMAT TAHUN BARU PAK PRESIDEN PRABOWO PEMIMPIN YG HEBAT SEMOGA SUKSES INDONESIA KUU AMIIIN YA ALLAH AMIIN 🤲🤲🤲🤲✌✌✌✌🥰🥰🥰🥰🥰,2025-01-01 06:44:17+00:00,positif
harga sembako dan pangan tolong di turunin pak 😭😭😭kami sangat menjerit dengan ekonomi saat tp apa2 harga naik,2025-01-01 06:44:08+00:00,negatif
yang sabar ya min menghadapi manusia yang jumlahnya lebih dari 50 juta ini🙂,2025-01-01 06:44:01+00:00,negatif
diamond naik oy,2025-01-01 06:43:35+00:00,negatif
"min cepat lobi ,kita ,kita main papji..",2025-01-01 06:43:33+00:00,negatif
✌✌✌✌menyala pak PRESIDEN kuu prabowo PRESIDEN yg Terbaik untuk Rakyat yg MENDUKUNG muu kita2 Rakyat yg WARAS sangat bangga punya pak PRESIDEN PRABOWO PEMIMPIN YG HEBAT ✌✌✌🥰🥰🥰🥰🥰👍👍👍👍👍,2025-01-01 06:43:31+00:00,positif
hapus outsourcing pak,2025-01-01 06:42:51+00:00,positif
🥰,2025-01-01 06:14:21+00:00,positif
🗿,2025-01-01 06:14:08+00:00,positif
"kebutuhan pokok tiap tahun pasti ada kenaikan.. ga ada hubungannya dgn PPN ini
netizen terlalu heboh",2025-01-01 06:13:34+00:00,netral
😳,2025-01-01 06:13:33+00:00,positif
insyaAllah pemimpin yg baik akan di cintai oleh rakyat nya,2025-01-01 06:12:55+00:00,positif
detergen 4 kg dari 54 ribu skrg 73 ribu di shopee 🤣,2025-01-01 06:12:19+00:00,negatif
"Bilangin ke Wowo kalo bikin pengumuman jangan mepet hari H, kasih tau yaah ke Wowo tagihan wifi jd naik padahal bukan kelompok barang mewah",2025-01-01 06:11:53+00:00,negatif
Tp pak aku perusahaan retail udh naik per hari ini harga ny karna ppn 12%,2025-01-01 06:11:46+00:00,negatif
masyaalloh pak prabowo,2025-01-01 06:11:17+00:00,netral
🥰,2025-01-01 06:11:12+00:00,positif
YEY,2025-01-01 06:10:54+00:00,netral
min lapor kenapa di lombok timur harga pupuk sampai 275 per Zak mana pupuk susah dicari kalok nggak masuk kelompok tani,2025-01-01 06:10:53+00:00,negatif
emosi gua sumpah baca komentar di akun Gerindra😌 udh di jelasin yg naik apa aja masih pada tantrum..,2025-01-01 06:10:47+00:00,negatif
kirain pajak turun seperti negara Vietnam?😏,2025-01-01 06:10:45+00:00,negatif
min jasa joki ml berarti ada pajaknya,2025-01-01 06:10:43+00:00,positif
ini pemerintah ga ada rencana bersih2 warga negara ya? di sortir aja di sortir gemes bgt aku bacain komen 😭🙏,2025-01-01 06:10:43+00:00,negatif
kopi kenapa ikutan ppn 12%😭,2025-01-01 06:10:35+00:00,negatif
"min gimana caranya agar harga barang pokok pemerintah yg mengatur. seperti telur yg tiap hari berubah harganya, daging, sayur mayur, dll",2025-01-01 06:10:16+00:00,positif
"untuk para tki yg mau pulang..tolong di awasi..di bandara pajak gila""an..min",2025-01-01 06:10:02+00:00,negatif
@geraldvincentt ini bang buat jga,2025-01-01 06:09:51+00:00,positif
"baguslah diperjelas, biar ga makin banyak org miskin yg fomo PPN 12%",2025-01-01 06:09:25+00:00,negatif
sehat selalu pak prabowo🥰 panjang umur pak🥰,2025-01-01 06:09:23+00:00,positif
berarti alat elektronik seperti gadget dan laptop gaa naik yaa min raa? @partaigerindra,2025-01-01 06:09:18+00:00,negatif
LC nai gak min?haduhh,2025-01-01 06:08:36+00:00,negatif
min berantas penipuan yg di telegram min. sy abis 20jt ditipu 😭😭😭😭,2025-01-01 06:07:53+00:00,negatif
"kalian yg dikota masih mending Upeti dinaikan terus tpi infrastrukturnya dikota bagus, lah kami yg didesa juga dikenakan Kenaikan Upeti juga, tpi infrastruktur ga dipikirin jalan rusak dimana"" dan akses kesehatan BPJS juga dibatasi 😭",2025-01-01 06:07:51+00:00,negatif
😁,2025-01-01 06:07:49+00:00,positif
"min di daerah Nganjuk bagian desa masih banyak jalan rusak tpi adem ayem bertahun"" soalnya penduduknya banyak yang tidak main sosial media ..apa lagi daerah desa Plosok ..daerah Sukomoro Sampek ada yang benahi sendiri warganya",2025-01-01 06:07:08+00:00,negatif
💯,2025-01-01 06:06:55+00:00,positif
yakin min??,2025-01-01 05:38:31+00:00,negatif
"minn, top up berarti enggak kena kan yaaaa??!! 😻😻😻",2025-01-01 05:38:27+00:00,positif
🗿,2025-01-01 05:38:23+00:00,positif
rokok kena PPN gk,2025-01-01 05:38:21+00:00,netral
"pesawat udara harus turun, aku mau ketemu mama terus🥰",2025-01-01 05:37:43+00:00,negatif
"min sidak nanti pabrik pabrik yg naikin harga kayak mie,beras premium minyak goreng premium harga nya udah pada di luar nurul",2025-01-01 05:37:38+00:00,negatif
😁,2025-01-01 05:37:28+00:00,positif
"pak, gaji saya 4 tahun ga naek² masih 2.500.00 aja di retail, padahal saya jabatannya admin cabang tapi gajinya sama kaya SPG/SPB gaada jaminan sbgai admin yg ngurus semua²nya 😭 Gajinya disamain cabang daerah, padahal dijakarta Toko L didaerah toko M sama S 😭 UMR dijakarta ga berlaku😭",2025-01-01 05:37:21+00:00,negatif
"min tiket KAI udah naik, yg harganya 260 skrng udah 330 💔 sedih bgt ldm sama suami tapi tiket KAI juga naik",2025-01-01 05:37:07+00:00,negatif
"rokok ppn nya naik 9,9% jadi 10,8% , tarif cukainya juga naik hadehhh",2025-01-01 05:36:52+00:00,negatif
"tapi beberapa toko udah ditetepin 12% ppn nya, yang bnr gimana iniiu",2025-01-01 05:36:03+00:00,negatif
"min, saya mau beli gem (diamond) di game COC, kena kenaikan PPN dari 11% ke 12%, apakah gem coc termasuk barang mewah min? mohon penjelasan",2025-01-01 05:35:38+00:00,negatif
budayakan membaca caption yak anak abah.,2025-01-01 05:35:29+00:00,positif
masa sih pak,2025-01-01 05:34:51+00:00,netral
min tambahin lagi libur sekolah,2025-01-01 05:34:49+00:00,negatif
Harga ppn obat dari PBF naik 12% jadi obat termaksud barang mewah dong?,2025-01-01 05:34:33+00:00,negatif
"duh kenapa di bikin khawatir dulu sih min, makasih loh plotwist nya",2025-01-01 05:33:44+00:00,negatif
alhamdullilah...next dollar dong,2025-01-01 05:33:34+00:00,negatif
"min sarang bulan puasa libur sekolah 2 minggu sebelum puasa, 1 minggu setelah lebaran",2025-01-01 05:33:32+00:00,negatif
"pdhl mah harga2 pada normal, cuma rakyat2 lawak yg manfaatin keadaan dgn modus ppn 12%, jdi harganya seenaknya dinaikin, pdhl mah harganya normal",2025-01-01 05:33:21+00:00,negatif
🥰,2025-01-01 05:32:52+00:00,positif
Tolong disidak ke pasar pasar harga nilai jual sembako gak dinaikkan. Bisa jadi mereka gak paham.,2025-01-01 05:32:49+00:00,negatif
PARA BUZZER PADA KELUAR😂,2025-01-01 05:32:38+00:00,positif
min napa senjata ga di jual di indo pengen beli,2025-01-01 05:32:15+00:00,negatif
Wifiii aku knpa naiikk woii😭😭😭,2025-01-01 05:32:11+00:00,negatif
BACA BACAAAA IQROOOO ANAK WABAH IQROOOOOO!!!! PPN ITU UNTUK BARANG MEWAHHH!,2025-01-01 05:32:03+00:00,negatif
"ya Allah admin gerinda niat banget dah sampe harus bikin caption 😹😹, semangat terus deh buat semua orang termasuk admin gerinda",2025-01-01 05:31:57+00:00,negatif
"min, pensiunan jadi naek gaji kah? mamiku gundah karna ada rumor bakal naik per 1 januari ini😭",2025-01-01 05:31:55+00:00,negatif
"inpo bakar"" min",2025-01-01 05:31:47+00:00,negatif
sehat trus Pak 😇🙏,2025-01-01 05:31:04+00:00,positif
"Is the best min,semoga tahun ini uang panai ndk naik😔",2025-01-01 05:05:10+00:00,positif
min anak q mau masuk SMA sebagai org kecil kdg was2 anak q gak bisa sklh dg baik krna keterbatasan ortu nyaa....smoga SMA negeri gak mahal2 bayar nyaa😇🤲🙏,2025-01-01 05:05:02+00:00,positif
tp wifi iconnet naik ppn nya pak🥹🫵🏼 tolong wkwkwk,2025-01-01 05:04:56+00:00,negatif
"tolong bilangin ke bpk supaya pendaftaranya jgn tebang pilih, sekiranya bila memang bukan lulusan unhan bila mereka mampu mengikuti seleksi dan nilainya mencukupi.",2025-01-01 05:04:54+00:00,negatif
min. sampaikan ke pak pres tolong hapuskan juga itu yg namanya biaya admin di setiap pembayaran/ transaksi apapun karena sering membebani masyarakat 😁,2025-01-01 05:04:50+00:00,positif
plsss pak probowo pajak sushi jangan naik yaaa? 🥺🥺🥺🥺😭😭😭🙏🙏🙏🙏,2025-01-01 05:04:47+00:00,netral
mtr masuk kan ppnbm tu,2025-01-01 05:04:37+00:00,positif
itu masang internet Widi Indihome kena pajak 11%tiap bulan. gmna itu. ?,2025-01-01 05:04:16+00:00,negatif
semoga sehat selalu bapak jendral🥰,2025-01-01 05:04:07+00:00,positif
tapi kayanya pada naek loh,2025-01-01 05:03:54+00:00,netral
BARANG MEWAH APAAN DM ML 3.000 AJA KENA PAJAK 12%😂😂,2025-01-01 05:03:51+00:00,negatif
"Min saya juga pedangan,,tapi semua barang hampir naik semua di faktur udah mulai naik jadi 12%,,mana sekarang penjualannya juga jelek,,banyak pedagang yang gulung tikar ...
tolong lah cari jalan keluar biar usaha biasa berjalan seperti biasa lagi 🙏🙏🙏🙏",2025-01-01 05:03:42+00:00,negatif
cex kok ikut naik min apakah termasuk mewah?,2025-01-01 05:03:21+00:00,negatif
"apa jasa internet juga termasuk jasa mewah?? baru aja di email salah satu provider katanya naik 12% juga per bulan ini,mohon di cerahkan!!!",2025-01-01 05:02:57+00:00,negatif
min saya pelaku usaha UMKM . konter hp. kok harga modal token PLN . pulsa . voucher Kouta naik semua . apa kah itu barang semua,2025-01-01 05:02:55+00:00,negatif
🙏,2025-01-01 05:02:33+00:00,positif
biar makin paham 😅🤭,2025-01-01 05:02:32+00:00,negatif
"Berat bgt tugas admin gerindra kena spam media sana sini, semangattt minn 5 tahun kedepan 😭😭😭🙏🏻🙏🏻🙏🏻",2025-01-01 05:02:21+00:00,positif
"Pak probowo tolong Bantu perhatikan dan perhatian kepada Gaji Gaji Anak Faskes dan Nakes , masih Ada banyak Yang terima 1,5 juta Perbulan , padahal biaya kuliah Mahal",2025-01-01 05:02:20+00:00,positif
"pak Presiden, semoga libur Natal ditambah harinya",2025-01-01 05:02:08+00:00,positif
😹,2025-01-01 05:01:34+00:00,positif
"gua yakin hari ini barang mewah, nanti kebutuhan pokok juga akan kena.tinggal tunggu waktu aja. karena satu barang naik,yg lain juga ngikut",2025-01-01 05:01:25+00:00,negatif
demi kesehatan anak bangsa menuju generasi emas. jd sulit untuk ikut tes karna kami mendaftar itu ijasah kami di sortir jd yg di utamakan hanya yg dr unhan saja,2025-01-01 05:01:18+00:00,negatif
mindraaaaaaaa @gerindra salam in buat bapak ya pliss🥺🙏 semoga bapak sehat selalu di luaskan sabarnya selama jadi bapak kita semua . barakallah pak😭❤️,2025-01-01 05:01:12+00:00,negatif
"kalo cuma barang dan jasa yg mewah, kenapa sekarang semua nya udah pada naik semenjak kenaikan PPN?",2025-01-01 05:01:04+00:00,negatif
kenapa last minute banget? realitanya di lapangan perusahaan2 retail sudah pada menaikkan harganya,2025-01-01 05:00:59+00:00,negatif
😁,2025-01-01 05:00:58+00:00,positif
atur aja dah kan lu panitianya,2025-01-01 05:00:35+00:00,netral
min cape ya?,2025-01-01 05:00:01+00:00,negatif
bagaimana nasib honorer/non asn di th 2025 ini ? uu asn 20/2023 jelas bahwa tdk ad lgi honorer! lalu bagaimana nasib kita2 yg menjadi tenaga non asn ini min? tolonglh smpaikan kepada pak presiden.,2025-01-01 05:00:00+00:00,negatif
biaya iklan di sh*p** (oren) udah 12% aja min. gimana ga mau naik harga meskipun produk umkm 😭 @partaigerindra,2025-01-01 04:38:42+00:00,negatif
dan yg sering koar koar pun mereka yg hidup mewah d sebuah apartemen 🤣 lucu kan ?,2025-01-01 04:38:25+00:00,negatif
"pemerintah udah denger banget keluh kesah masyarakat, padahal yg bikin uu tsb beberapa tahun kemarin sebelum pemerintahan yg sekarang.
Doa saya 2025, ya Allah kalaupun harga barang naik atau tambah mahal, mampukan kami utk membelinya dr pada harus capek2 ngoyo.",2025-01-01 04:38:13+00:00,negatif
Tapi masalahnya pak malah semua naik pajak’a jadi 12%bahkan obat2 an juga naik pajak’a 12%😢,2025-01-01 04:37:32+00:00,negatif
min sekolah anakku dikit2 bayar buku bayar ektra bayar 😌,2025-01-01 04:37:20+00:00,negatif
ehhh transfer ke beda bank potongannya jd 6.500 bjir,2025-01-01 04:37:18+00:00,negatif
"sekian lama debat sama haters pak prabowo , noh dengerin noh",2025-01-01 04:36:58+00:00,negatif
🙏,2025-01-01 04:35:49+00:00,positif
Mantapp,2025-01-01 04:35:40+00:00,netral
EHHH SUMPAHHH!!! BIO CHEF ARNOLD UDAH DIGANTI 3 KALI SUMPAHH!!😭,2025-01-01 04:35:38+00:00,negatif
🥰,2025-01-01 04:35:19+00:00,positif
Semen kategori barang mewah min? Ini per 2 januari ada perubahan harga dengan berlakunya kenaikan ppn 12%,2025-01-01 04:35:08+00:00,negatif
MAHASEWA BAYARAN KUMPUL DISINI APA KAGAK????,2025-01-01 04:34:39+00:00,negatif
apakah pajak kendaraan pribadi seperti motor dan mobil juga naik?,2025-01-01 04:34:38+00:00,negatif
pembhong orang top up saldo iklan marketplace aja kena 12% wkwkwk,2025-01-01 04:34:34+00:00,positif
min main blood strike gk?,2025-01-01 04:34:21+00:00,negatif
"barang mewah?? gua jualan di oren,ads nya kena pajak 12% itu. Trus dari mana mewah nya?",2025-01-01 04:33:59+00:00,negatif
min knp akun ff ku gk sultan sultan😭,2025-01-01 04:33:54+00:00,positif
prettt,2025-01-01 04:33:43+00:00,positif
"itu cm buat brg² mewah kek privat jet dll yg pd punya privat jat aja ga seberisik kalian yg gapunya tp sok²an protes ppn naik
sadar diri napa dah😭",2025-01-01 04:33:40+00:00,negatif
"mana nih netizen yang kemaren banyak komentar minim pengetahuan. minimal jangan suudzon Mulu kerjaannya, orang suudzon matinya suul khotimah loh",2025-01-01 04:33:38+00:00,negatif
terima kasih kepada mahasiswa dan para masyarakat yg demo kenaikan ppn 12 persen karena berkat kalian yg demo akhirnya ppn ga jdi naik,2025-01-01 04:33:22+00:00,negatif
"ya fix mahasiswa yg kemarin demo itu jelas bner2 ada yg bayar ""sok2an teriak2 demo suara rakyat"" tapi dibayar buat pengalihan isu korupsi 300T 6,6tahun mahasewa2",2025-01-01 04:33:14+00:00,negatif
Gerindra g nya apa?,2025-01-01 04:33:02+00:00,negatif
"pasar2 udah panik langsung naikin harga, padahal belum juga berlaku fakkk",2025-01-01 04:32:50+00:00,negatif
"apa iya yg naik cuma barang mewah, bahan Pokok ga naik mustahil bgt kalo ga ikut naik petaninya kesian harga rendah mulu dong",2025-01-01 04:32:44+00:00,negatif
min kalau kendaraan bermotor yang kena ppnbm scoopy beat yg cc nya 110c kena pajak 12% juga ?,2025-01-01 04:32:44+00:00,negatif
Sehat selalu min✨,2025-01-01 04:32:32+00:00,positif
realitanya makan roti aja naik 😭😭. makan di caffe kecil di bandung aja ppn naik dan ada charge service juga 😭,2025-01-01 04:32:27+00:00,netral
min pmbelian mtor Bru kena pajak opsennya gede bgt...kan mtor digunakan buat klngn mnengah kebawah min,2025-01-01 04:08:43+00:00,negatif
"udah di jelasin sedetail itu di caption ga mungkin masih ada yg ga paham kan? khawatir ga sampe ke otak nya anak abah, mereka kurang paham penjelasan tapi gacor men judge pemerintahan aja soalnya.",2025-01-01 04:08:31+00:00,negatif
@Ayovv,2025-01-01 04:08:30+00:00,positif
Min ini komponen pc masuk gk🙃 gw mau upgrade pc tambah mahal sat😿,2025-01-01 04:08:28+00:00,negatif
min gimana caranya dia bisa kembali lagi min?,2025-01-01 04:08:26+00:00,negatif
@bimo:2025 ganti rakyat🗿🗿🗿 presiden udah bener tinggal rakyatnya aja yg blm,2025-01-01 04:08:26+00:00,negatif
orang bilang ppn semua naik 12% fomo bgt deh,2025-01-01 04:08:19+00:00,negatif
rakyat udh percaya ke @gerindra makanya banyak di tag 😁 semangat min 💪🏻💪🏻💪🏻💪🏻,2025-01-01 04:07:58+00:00,negatif
Bapakku I love youuuuu🥰🥰🥰,2025-01-01 04:07:58+00:00,positif
😉,2025-01-01 04:07:36+00:00,positif
"sekarang duit 100 rb ga cukup sehari min, karna skrg serba pada naik pusing min
sebagai ibu rumah tangga
semoga harga sembako dll nya bisa turun🤲",2025-01-01 04:07:32+00:00,netral
🥺,2025-01-01 04:07:18+00:00,positif
njay kurang jelas apa lagi ini woy knp ga ganti rakyat saja pak,2025-01-01 04:07:09+00:00,negatif
"Wkwkwk kok bisa yaa ngasih tau pembatalannya dadakan banget, pantes aja investor pada lari ke vietnam atau thailand, soalnya gak jelas gini. Tetep kawal terus, sewaktu-waktu bisa berubah😩👍",2025-01-01 04:06:53+00:00,negatif
"setuju pak.yg kya"" dan suka yg bermewah"" pak.",2025-01-01 04:06:50+00:00,positif
"sikit²demo masyarakat,liat nih penjelasan presiden 🔥",2025-01-01 04:06:44+00:00,netral
😅,2025-01-01 04:06:36+00:00,positif
Sehat selalu pak yah. 🥹 Muak bangat dgn sebagian org yang posting soal ppn 12% mengiring opini. Muak bangat dgn org seperti itu padahal belum dngr penjelasan dari bapak Prabowo. Sehat selalu pak 🥹🤲,2025-01-01 04:06:22+00:00,netral
Baca captionnn woy😭,2025-01-01 04:06:06+00:00,positif
😭,2025-01-01 04:05:58+00:00,positif
berarti pajak KZR aman ya min,2025-01-01 04:05:56+00:00,negatif
tapi min pbf obat beberapa naik jadi 12% pajak nya😭,2025-01-01 04:05:33+00:00,netral
"😌 rakyat belanja kepasar, kalau kalian para pejabat kan ke Mall 🗿",2025-01-01 04:05:32+00:00,positif
kalo 300t buat subsidi rakyt mslh pajak mngkn lbih ringan ya,2025-01-01 04:05:14+00:00,negatif
bisa gak ya pakai d4c love train,2025-01-01 04:05:12+00:00,positif
"yakin ga ada yg naik ? ntar juga naik pelan"". tinggal tunggu aja",2025-01-01 04:05:03+00:00,negatif
"duh untung dari kemaren diem aja gak sibuk koar-koar bikin story tolak PPN 12%, gimana nih anak kuliah yang ikut organisasi dan udah koar-koar bahkan ampe demo, kicep lu🤣",2025-01-01 04:05:02+00:00,negatif
Kaya nya yg komen2 aneh gk full baca Caption nya...😂😂,2025-01-01 04:04:49+00:00,negatif
"hakim di turunkan yang vonis 6,5thn benar min?",2025-01-01 04:04:28+00:00,negatif
😳,2025-01-01 04:04:25+00:00,positif
"yeayy,makasih ya p.prabowo,semoga selama p.prabowo menjabat,negeri ini menjadi maju,berkah,dan amanah",2025-01-01 03:44:20+00:00,positif
"menteri""nya udh siap dilatih lawan mafia yg naikin harga gak? apa mereka ikutan ngikutin naikin harga dibelakang?",2025-01-01 03:44:19+00:00,negatif
😁,2025-01-01 03:44:13+00:00,positif
mindraa makasi yaa captionnya sedetail itu💖,2025-01-01 03:44:04+00:00,negatif
"THANK U PAK ATAS KEJELASAN INFONYA😍 SEHAT TERUS YAA, SEMOGA TUMBUH REJEKI DI SELA SELA SABARMUUU❤️ILYSM
(NO BUZZER YA NJENG)",2025-01-01 03:43:57+00:00,positif
I LOVE YOU PAKKK,2025-01-01 03:43:40+00:00,positif
"menurut saya lebih baik bapak check para pengusaha yang masih membayar karyawan dibawah UMK, ppn naik karyawan gajinya semakin lama yg di offer 3jtan😂",2025-01-01 03:43:35+00:00,negatif
"buat peraturan kok dipangkas2, tegas ya tegas boss jangan tegas nggak tegas nggak",2025-01-01 03:43:33+00:00,negatif
"giliran pemerintahnya bener rakyatnya agak²😭😭😭😭😭 ayo la we sadar
pemerintah itu mau mensejahterakan rakyat ga lain dan g bukan",2025-01-01 03:43:27+00:00,negatif
Cascading effect adalah,2025-01-01 03:43:06+00:00,netral
"min tolong sampaikan tolong kasih kami libur sklh selama 1 bln pas puasa😭soal nya kalau sklh capek min trs haus sm laper kalau kumpul sma teman""",2025-01-01 03:42:58+00:00,negatif
"kenapaa penjual online di shopee ikutt naikk min pajakk nyaa.
padahal gak di sebutin di atas 😭😭",2025-01-01 03:42:56+00:00,negatif
semangat min🥰,2025-01-01 03:42:51+00:00,netral
Oke JOSSSS 🔥🔥🔥,2025-01-01 03:42:45+00:00,netral
kaloo beli hp dapat pajak gaa?? nanti pas kls 12 mau ganti hp capekk make redmi 9c pakk 😔💔,2025-01-01 03:42:35+00:00,negatif
"Yg pada ngasal ngetik ga baca caption mesti nih padahal mindra udh ngetik panjang x lebar x luas😌
Pahami betul² tuh captionnya",2025-01-01 03:41:46+00:00,negatif
"pasti barisan sakit ati belike"" harga sembako juga naek"" hadeuhh dr dulu juga KLO mau akhir taon,mnjelang puasa&hari raya pasti harga naek keleus tuh hal yg wajar Jd jgn salah2in presiden Mulu lah",2025-01-01 03:41:45+00:00,negatif
"min tapi langganan game, tv,movie dll itu bukan yg disebutin barang mewah sekarang udah 12% tak kirain tetep 11%",2025-01-01 03:41:41+00:00,negatif
Wahhhh kurang uaasemmm toko sembako deket rumahku pada ganti harga naik semua😭,2025-01-01 03:41:39+00:00,negatif
😁,2025-01-01 03:41:26+00:00,positif
min @partaigerindra Internet jgn naik ppn please🙏🥺 sehat2 pak prabowo 🥰🥰🥰🥰🥰 3x nyoblos bapak akhirnya bisa liat bapak jd presiden🙏,2025-01-01 03:41:26+00:00,negatif
"min kalo ppn nya naik selain yang di cantumkan di capt, itu di laporkan ga?",2025-01-01 03:41:22+00:00,negatif
🥰,2025-01-01 03:41:07+00:00,positif
"yg komen beras dn kbutuhan pokok naik gara gara ppn naik. tetep aja ngeyel ya pdhl uda pjg lbr dijlskan. kdg cape x aku, knpla ttp buta utk membaca dn tuli utk mendengar😭",2025-01-01 03:41:04+00:00,negatif
"min tiket kereta udah dinaikan harganya soalnya masih dikira udah naik ppn nya min, tolong harga tiket kereta nya di turun kan lagi min",2025-01-01 03:41:00+00:00,negatif
"diskon 50% untuk pelanggan listrik di bawah 2200VA maksudnya gimana min, apak misalnya kalo beli token listrik 100rb, maka akan dapat dua kali lipat dari yang ang di beli...?",2025-01-01 03:40:51+00:00,negatif
Pak tapi harga sembako pada naik 🥲,2025-01-01 03:40:46+00:00,netral
semua naik 😄,2025-01-01 03:40:45+00:00,negatif
"> negara buat kebijakan tanpa konsiderasi naskah akademik
> ditolak keras masyarakat & akademisi
> tetap maksa sampe nyewa bajer
> makin keras ditolak
> h-1 direvisi, bikin chaos kelompok usaha &",2025-01-01 03:40:41+00:00,negatif
agen sembako kena ppn 12% 🗿,2025-01-01 03:40:37+00:00,negatif
Min tolong sampein ke bapak Presiden kalo bisa tolong diganti aja rakyat Indonesia😑,2025-01-01 03:22:09+00:00,negatif
"min , cara melupakannya gimana min?? tutor min",2025-01-01 03:22:08+00:00,negatif
kalo wifi gimana min? soalnya udh naik ppn 12% aja,2025-01-01 03:21:59+00:00,negatif
malu banget sih kalo udah ikut demo,2025-01-01 03:21:49+00:00,negatif
tarif wifi juga ikut naik weh😭,2025-01-01 03:21:43+00:00,negatif
min @gerindra happy new year 🥳🎉,2025-01-01 03:21:25+00:00,positif
Lop you pak Prabowo nikahin aku dong sama ayang Didit😂😂,2025-01-01 03:21:19+00:00,negatif
Sehat selalu pak prabowo🥹🫶🏻,2025-01-01 03:21:14+00:00,positif
@Bali paradise tour and travel,2025-01-01 03:21:01+00:00,positif
minn voucher paket data jan sampai naek,2025-01-01 03:20:51+00:00,positif
Tuh liat yang kemaren protes2,2025-01-01 03:20:49+00:00,negatif
min emang rakyat Indonesia mudah terprovokasi kebanyakan micin 😭,2025-01-01 03:20:41+00:00,negatif
"terimakasih banyak minn
🤗",2025-01-01 03:20:40+00:00,negatif
capek bgt jadi mindra kyknya😂,2025-01-01 03:20:28+00:00,negatif
MANA YANG RIBUT PPN NAEK? TONTON INI PAKE MATA AMA TELINGA LORANG!,2025-01-01 03:20:23+00:00,negatif
"min boleh usul dikit gak, di era pk prabowo ciptain dong samsat sekali seumur hidup kasian yg ekonomi dibawah punya kendaraan buat kerja banyak pengeluaran😭",2025-01-01 03:20:18+00:00,negatif
"gays literasinya tolong, kasian adminnya😔",2025-01-01 03:20:14+00:00,netral
min bagusan mana Vario Ama beat🗿,2025-01-01 03:20:05+00:00,positif
kalo beli kapal selam gak kena PPnBM ya min🗿👍🏻,2025-01-01 03:19:48+00:00,negatif
"bener ya? udh asli nih?
alright, sekarang tugas hujat saya selesai",2025-01-01 03:19:31+00:00,negatif
"itu kan contohnya min dicaption, kalo untuk tau list yg terdaftar apa aja dimana ya liat nya? Jaga-jaga buat ngehindarin oknum² tertentu yg suka nakal😅.",2025-01-01 03:18:45+00:00,netral
Kalian udah ngisi token belum ?🤣,2025-01-01 03:18:43+00:00,negatif
"Min apakah barang barang yang di jual seperti gadget, elektronik akan mengalami kenaikan 12% ?",2025-01-01 03:18:13+00:00,negatif
gula tolong turunin sama harga minyak kasian pedagang UMKM untung nya dikit harga pengen murah 😭,2025-01-01 03:17:57+00:00,negatif
mimin pernah typo ngga?,2025-01-01 03:17:46+00:00,negatif
🥰🥰🥰,2025-01-01 03:17:17+00:00,positif
siap bapak. terimakasih atas informasinya 🙏,2025-01-01 03:17:07+00:00,negatif
min ibu ku di culik duda muda 😪,2025-01-01 03:17:06+00:00,negatif
😁,2025-01-01 03:17:04+00:00,positif
🥰,2025-01-01 03:16:53+00:00,positif
ya kali wifi naek juga min ppn nya?,2025-01-01 02:58:40+00:00,negatif
semen.bata ringan dan bahan bangunan kok ikut naik ya min!!,2025-01-01 02:58:03+00:00,negatif
"yg benci mah tetep ketutup aja hatinya wkwkw pd nyangkanya di prank. Lah, bukannya alhamdulillaah. Lagian dr awal dgr beritanya ppn 12% yg naik itu cuma buat barang-barang yg mewah atau yg mempunyai daya nilai jual yg miliaran.",2025-01-01 02:58:02+00:00,negatif
jadi yg kerja pabrik ttp potong ppn 12% gak? kan ga mungkin naik jet😭,2025-01-01 02:57:46+00:00,negatif
"kasihan @partaigerindra buat caption sepanjang tali beruks ,TPI GK di baca ,asal komen ,yg penting komen begitu la deterjen",2025-01-01 02:57:19+00:00,negatif
🥰,2025-01-01 02:57:17+00:00,positif
😁,2025-01-01 02:57:16+00:00,positif
"noh liat, makanya kalo berita belum jelas kaga usah koar"" deh. tuh DENGERIN, BACA INFORMASI DETAILNYA .terima kasih ya Pak, semoga bapak sehat selalu. aamiin",2025-01-01 02:57:04+00:00,negatif
"Gausah pada heboh, yg naik barang mewah, yg pada protes itu belum tentu pakai fasilitas mewah 😂😂😂",2025-01-01 02:57:04+00:00,negatif
"Mau nanya mindara, klw ada sembako dan kbutuhan lainnya yg di naikin pdagang, boleh aku taq yah si abng mindra, soalnya udah bbyak tuh pedagang2 yg nakutin rakyat mau naikin harganya🙏",2025-01-01 02:56:53+00:00,negatif
"terimakasih bapak sudah memperdulikan kami rakyat kecil yg gaji cuma umr , semangat pak walaupun masih banyak org dengan sdm rendah mengujar kebencian kpd bapak 🔥",2025-01-01 02:56:38+00:00,negatif
Semangat presiden kU 🥰🥰,2025-01-01 02:56:36+00:00,positif
Indonesia lagi BU😳,2025-01-01 02:56:34+00:00,positif
Siiapp jendralll🫡,2025-01-01 02:56:25+00:00,netral
"Ikutan repost aja dah , yg ptg kompor ttp nyala dan sembako ga naik ..sama uang skolah 🤭😂😂😂😂",2025-01-01 02:56:23+00:00,negatif
MANA YA YANG KEMARIN KOAR”???MANA??HILANG KALIAN KAN??,2025-01-01 02:56:21+00:00,negatif
🥰,2025-01-01 02:56:15+00:00,positif
😁,2025-01-01 02:56:15+00:00,positif
Menyala kesayanganku 🥰🥰🥰 luvvv yuuuu pulllll pak presidenku,2025-01-01 02:56:07+00:00,positif
harga sembako yakin min gak naik????? @gerindra,2025-01-01 02:56:03+00:00,negatif
@OFFCIALL SCOPPY:PASTI BANYAK PIKIRAN PAK PRABOWO🙁🙁,2025-01-01 02:55:59+00:00,netral
kasih paham min 😎😎😎😎 .,2025-01-01 02:55:47+00:00,negatif
Tuan kostku tiba” naikkan harga kost min jadi pusing atur keuangan😭,2025-01-01 02:55:43+00:00,negatif
apakah listrik jadi dpt diskon?,2025-01-01 02:55:42+00:00,negatif
"min, mending beli zx25R atau R6🗿",2025-01-01 02:55:38+00:00,negatif
"Indonesia minim literasi, liat caption kocak😹",2025-01-01 02:55:28+00:00,negatif
Kalo cicilan rumah harga di bawah 30M gmna?? Soalnya udh ada pemberitahuan kalo naik karna pajak naik 12%,2025-01-01 02:55:26+00:00,negatif
media itu tukang kompor kalau gk gitu dia gk ada tayangan yg bikin rakyat cemas dan heboh,2025-01-01 02:55:24+00:00,negatif
"di pikiran rakyat kecil tuh...mau nya tuh pak apa""serba murah.lapangan kerja bnyak..kalau sya suruh memilih..enk jaman pak harto apa""murah kerja gampang..korupsi dikit..yg ngelawan.ada petrus..kpn bisa gitu lgi ya🤔🤔😁😁😁",2025-01-01 02:55:10+00:00,negatif
wifi masuk gk min?,2025-01-01 02:55:00+00:00,negatif
"budayakan membaca caption sebelum komen biar paham woi.kalau 1 kali baca belum paham, bacalah berulang berulang. jgn asal komen!",2025-01-01 02:38:27+00:00,negatif
tapi sembako pada naik,2025-01-01 02:38:24+00:00,netral
hayolooo yg kemarin berisik 12%,2025-01-01 02:38:23+00:00,negatif
I love you pakkkk❤️,2025-01-01 02:38:21+00:00,positif
anehnya ya bahan sembako naik orng² bnyak protes sedangkan rokok sering naik orang² pada diem gak ada yg protes,2025-01-01 02:38:19+00:00,negatif
"hanya untuk barang mewah tp kendaraan niaga hanya dimiliki pengusaha termasuk barang mewah, sembako diangkut pakai apa klo ga pake truk (kendaraan niaga) apa sembako juga ga ikut naik",2025-01-01 02:38:17+00:00,negatif
"saya beli jajan di Alfamart PPN kena 5,890🗿",2025-01-01 02:38:07+00:00,positif
"pak Prabowo nya sih udah jelas niat dan maksudnya apa juga bagaimana, cuma di lapangan hal2 yang sudah tersebut dalam caption di atas juga latah ikutan naik denga dalih PPN naik. gimana cara mengedukasi manusia2 yang ga paham maksudnya bapak yaaaa😭😭😭",2025-01-01 02:38:05+00:00,negatif
HOAXX HAHA SEMUA NYA NAEK,2025-01-01 02:38:02+00:00,negatif
BACA CAPTION OY BACA CAPTION,2025-01-01 02:38:01+00:00,netral
@kimikai @🦩,2025-01-01 02:37:56+00:00,positif
tp klau kita belanja bahan pokok di indomaret/alfamart kena pajak ppn pak😭,2025-01-01 02:37:45+00:00,negatif
tuh udah keluar pemberitahuan nya . habis ini jangan pada ambil kesempatan naikin harga kesian ibu ibu di rumah dapur nya nanti ga ngebul 😁,2025-01-01 02:37:44+00:00,negatif
kalo sembako naik bukannya karena inflasi ya? atau gimana... (masih sekolah jadi ga begitu paham),2025-01-01 02:37:36+00:00,negatif
"bangga Dengan presiden Sekarang, ND sia sia aku coblos 🥺🥺",2025-01-01 02:37:35+00:00,negatif
kok harga ip naik sih min😭😭,2025-01-01 02:37:34+00:00,negatif
kenapa ga bilang PPnBM aja? kenapa harus PPN? bikin huru hara saja,2025-01-01 02:37:29+00:00,negatif
min turunin harga rokok dong,2025-01-01 02:37:25+00:00,negatif
asik mie instan gk jadi naik😁,2025-01-01 02:37:24+00:00,netral
🔥🔥🔥🔥🔥🔥🔥🔥,2025-01-01 02:37:16+00:00,positif
mengesahkan uu perampasan aset koruptor buka memeras darah dan keringat rakyat lewat PPN 12%. klo gk mau di kritik jangan jdi pejabat🤣🤣🤣,2025-01-01 02:37:12+00:00,negatif
pak minyak mahal☹️,2025-01-01 02:37:09+00:00,positif
min kenapa lazadaku ongkirnya 20k pdhl sudah pake voucher,2025-01-01 02:36:58+00:00,negatif
"""saya akan kejar koruptor walaupun lari ke Antartika sekalipun"" dikejar doang pak ga di apa""in?",2025-01-01 02:36:57+00:00,negatif
anak Abah pasti ga nngok ni,2025-01-01 02:36:56+00:00,negatif
"iya dkalimantan selatan jg serba naik ..pajak toko ,sampai byr karcis kebersihan dan keamanan jg dnaikkn.. pdhl usaha lg sepi2 nya.. semua nya mlah pd naik.kebutuhan pokok ,sembako dll. jd besar pengeluaran ketimbang pemasukan😢😢",2025-01-01 02:36:53+00:00,negatif
yey terimakasih pak prabowo 🥰,2025-01-01 02:36:38+00:00,negatif
yang belum beli token pulsa segera beli cuy dapet tambahan token,2025-01-01 02:36:29+00:00,negatif
token naik cuk,2025-01-01 02:36:13+00:00,positif
"Nyampe pasar semua harga naik, karna pajak naik kata yang dagang 😭 gimana itu min, mangkin ke sini mangkin gak masuk akal, harga minyak juga mangkin naik",2025-01-01 02:36:04+00:00,negatif
potongan pajak gaji besar apa dampak dari ppn12%,2025-01-01 02:23:20+00:00,netral
Alhamdulillah untung rumah gua KPR🤣,2025-01-01 02:23:10+00:00,negatif
"cek lapangan pak, ga sesuai",2025-01-01 02:23:06+00:00,positif
"yang saya herankan kepada para mahasiswa kenapa saat perampasan aset kok ga demo giliran ppn12% gila gilaan ngedemoe, ada uang kah",2025-01-01 02:23:02+00:00,negatif
min gaji guru honorer naik gak ? semoga di jawab,2025-01-01 02:23:01+00:00,negatif
Min info ganti warga aja 🤭,2025-01-01 02:22:52+00:00,positif
"min gimana tuh 271T 6,5 tahun?",2025-01-01 02:22:47+00:00,negatif
min sehat sehat ya min hepi nu yer ya min. 🥺🥺🥺🥺,2025-01-01 02:22:44+00:00,positif
gila potongan gaji w PAJAKNYA 😂 pajaknya ini sampe ratusan ribu gaji ga seberapa loh😂padahl UMR di gaji Januari aja blm naik udh di potong gede aja ini pajak😂MENYALA PEMERINTAH,2025-01-01 02:22:40+00:00,negatif
😍😍😍,2025-01-01 02:22:33+00:00,positif
Mmmm tapi kok grab ada pemberitahuan sehubungan ppn 12% 1 januari naik dia naik juga yaaa mmm,2025-01-01 02:22:20+00:00,negatif
"Semangat bapak, semoga selalu diberikan kesehatan. Terima kasih karena selalu mengusahakan yang terbaik untuk bangsa❤",2025-01-01 02:21:49+00:00,positif
min gk libur??,2025-01-01 02:21:26+00:00,negatif
Bapakku 🫡🫶🏻,2025-01-01 02:21:17+00:00,positif
brp t kawan²?brp thn kawan?,2025-01-01 02:21:12+00:00,negatif
👍👍👍 Bpk presiden ku,2025-01-01 02:21:04+00:00,positif
percuma meski sudah tau faktanya yang bemar barisan sakit hati akan tetap terus menggoreng nasi gorengnya😁,2025-01-01 02:20:38+00:00,positif
"tapi realitanya semua naik, gua sebagai purchasing air mineral naik, delmonte naik, semua naik",2025-01-01 02:20:15+00:00,negatif
"Teman-teman, tolong dibaca captionnya dan didengar lagi beritanya ini. Itu presiden udh kasih penjelasan detail loh, kalopun ada yg ikut naik psti di urusin lagi biasanya oknum ambil keuntungan",2025-01-01 02:20:08+00:00,negatif
baca capt ya ges yaa,2025-01-01 02:19:55+00:00,positif
"habis ini,mungkin pemerintah daerah harus adain gruduk pasar kali ya mindra.
karna banyak pedagang yg ambil kesempatan naikin harga dr bulan kemarin..",2025-01-01 02:19:42+00:00,negatif
info loker admin aku baru aja habis kontrak😭😭😭,2025-01-01 02:19:42+00:00,positif
pajak kendaraan naik woyyy lebih dari 12% malah,2025-01-01 02:19:37+00:00,negatif
"Gmn maksud nya ppn 11% yg sudah berlaku, tidak ada perubahan? Ada dua nilai ppn kah?..11 dan 12",2025-01-01 02:19:25+00:00,negatif
"min masih ada ijazah yang masih di tahan karna masih ada tunggakan, tolongin dong min udah mau 5thn masih belum bisa di ambil😭",2025-01-01 02:19:17+00:00,negatif
gak tau lah hidup sdah tdk lg berarti setelah tau dia lbh memilih org yg gak pernah berbuat apa2 dbandingkan aku yg sdh brusaha ksh dia segalanya 😭,2025-01-01 02:19:15+00:00,negatif
budayakan baca dan nyari tau jgn liat judul doang 12% langsung ngamokkk kebiasaan bgt nih +62,2025-01-01 02:19:14+00:00,negatif
"mangkanya kalo ngasi berita itu langsung disertai penjelasan biar rakyat nggk simpang siur, kalo gini barang uda naik semuaaa anjirrrrrr",2025-01-01 02:19:12+00:00,negatif
"min saya minta tolong
Kedua nenek saya sakit parah
kata Puskemas harus di rujuk ko Rumah sakit besar ,Karna Penyakitnya ,Strok,dan paru paru rusak ,dan penyakit gula ,Tapi kami nga mampu membayar",2025-01-01 02:19:07+00:00,negatif
"Para produsen harus tau ini, jngn memanfaatkan mengambil keuntungan berlebih. 👍",2025-01-01 02:18:44+00:00,positif
"wak pres sibuk klarifikasi terus...
bkn nya teges sangar..tmbah gemoy..
kyk Prof Mahfud gt lho...",2025-01-01 02:04:15+00:00,negatif
nice info mindra🤙🏻🫶,2025-01-01 02:04:15+00:00,positif
kasusnya si harvey gmn??? 😳,2025-01-01 02:04:01+00:00,negatif
😁,2025-01-01 02:04:00+00:00,positif
jelas padat dan banyak 🥰😂,2025-01-01 02:03:43+00:00,positif
"baca caption dong masyarakat, masa harus dijelasin lagi? padahal udah jelas pun masi ngeyel",2025-01-01 02:03:34+00:00,negatif
"kesibukan gue di tahun baru:
1. komen postingan squid game
2. ngelaporin komentar orang yang ngata²in presiden kita.",2025-01-01 02:03:17+00:00,negatif
"Rata"" Yg Protes Pada Minim Literasi",2025-01-01 02:03:13+00:00,negatif
pak prabowo mana keadilan yang engkau janji kan🥺😔,2025-01-01 02:03:07+00:00,positif
kasus Vina pak...kasian,2025-01-01 02:03:04+00:00,negatif
min tapi harga cengek masih mahal gimana dong gabisa nyambel 😭,2025-01-01 02:02:53+00:00,netral
tf kena pajak brpa bangg,2025-01-01 02:02:51+00:00,negatif
@jelly @atull,2025-01-01 02:02:48+00:00,positif
jadi aku salah paham ya maaf,2025-01-01 02:02:47+00:00,negatif
"tapi biaya iklan marketplace sekarang naik 12%, otomatis harga jual juga jadi naik",2025-01-01 02:02:39+00:00,netral
"berarti paku, baut, dan teman2 juga kena PPN 12% kah? karna beberapa pabrik naikkan PPN 12% / Januari 2025",2025-01-01 02:02:30+00:00,negatif
kalo karyawan kontrak ko dipotong yaa,2025-01-01 02:02:30+00:00,negatif
😁,2025-01-01 02:02:28+00:00,positif
🥰,2025-01-01 02:02:26+00:00,positif
"admin jadi kang ngetik panjang🤣🤣
panjang panjang ngetik masih ada yg dhongo🤣🤣",2025-01-01 02:02:23+00:00,netral
tapi bbm naik😁,2025-01-01 02:02:19+00:00,positif
😁,2025-01-01 02:02:12+00:00,positif
terimakasii mindra udah berkorban waktu dan tenaga agar rakyat Indonesia lebih berkualitas otaknya dalam mencerna informasi🥰,2025-01-01 02:02:06+00:00,positif
menyala Presiden kuuu 🔥🔥💪💪🥰🥰,2025-01-01 02:01:59+00:00,positif
"barusan aku ngisi token,EMG bener guys lagi promo😅
tapi soal sembako,sayuran gitu pada naik,GK tau efek nataru kali yaa",2025-01-01 02:01:57+00:00,negatif
siap bapak akuhhh 🫡🙏,2025-01-01 02:01:47+00:00,positif
"Min coba cek semua perusahaan jaringan internet, tagihan kuota/wifi ditambah ppn 12% pdhal bukan termasuk yg disebutkan @gerindra",2025-01-01 02:01:45+00:00,negatif
SAYANG PAK PRABOWOOOO,2025-01-01 02:01:44+00:00,netral
"Bayar harian di pasar juga naik 12% loh min...
pdahal dipasar gak ada private jet😂",2025-01-01 02:01:35+00:00,negatif
bahahaha pasti team yg suka makan gorengan waktu kalah kemarin lagi panas liat ini😂😂😂😂😂😂,2025-01-01 02:01:21+00:00,negatif
menyalaaa bapakkku tercintaaaaaaa bapak Prabowoo 😘😘,2025-01-01 01:48:26+00:00,negatif
"MINIMAL ADA PERPPUNYA JANGAN CUMA OMON OMON, GAADA ATURAN UNDANG UNDANG DIBATALKAN ATAU DIREVISI CUMA PAKAI OMON OMON",2025-01-01 01:48:23+00:00,negatif
gaji umr kena pajak ga pak?,2025-01-01 01:48:19+00:00,negatif
"skrg mau beli Netflix, Spotify, top up game, dll ko dpt ppn 12%? itu masuk ke barang mewah juga, ya?",2025-01-01 01:48:11+00:00,negatif
🤭🤭🤭,2025-01-01 01:48:11+00:00,positif
"KANG @gerindra kata""ne",2025-01-01 01:48:06+00:00,negatif
Min kapan UU perampasan aset korupsi di sahkan?,2025-01-01 01:48:06+00:00,negatif
duren montong kena pajak ga nih😂,2025-01-01 01:47:56+00:00,negatif
"plis lah woyy literasi nya di naikin dikit,baca tuh capt,malah ngetik ""barang lain pasti ikut naik"" ya iyalah orang baru natal+tahun baru😭",2025-01-01 01:47:50+00:00,negatif
"WOI LITERASI, ITU CAPTION SEGEDE DOSALU PADA KAGAK LIAT?",2025-01-01 01:47:47+00:00,netral
"langsung di kabarin dan dijelaskan loh wkwk
kabar burung cengar-cengir dah",2025-01-01 01:47:46+00:00,positif
"caption-nya udah jelas tapi banyak yang malas Baca,
benar benar ya mereka",2025-01-01 01:47:44+00:00,netral
alhamdulillah semoga harga sembako juga ikut turun terutama harga minyak🥰,2025-01-01 01:47:42+00:00,negatif
@intnsgrt,2025-01-01 01:47:30+00:00,positif
"seperti kebijakan minyak 14rb, eh di grosirnya udah 17rb.. ga sesuai dengan di lapangan",2025-01-01 01:47:26+00:00,negatif
Min qris jadi kena ppn ngga?,2025-01-01 01:47:25+00:00,negatif
Min listrik rumah saya naik 50rb 😭,2025-01-01 01:47:12+00:00,negatif
barokallahu fiik bapak presiden,2025-01-01 01:47:04+00:00,positif
yg kemaren demo ga mudeng kali yaa 🗿,2025-01-01 01:46:53+00:00,netral
🥰,2025-01-01 01:46:44+00:00,positif
banyak banget asal komen minimal baca caption atau nonton full dlu lah baru komen 😂,2025-01-01 01:46:44+00:00,negatif
min ndra sapa,2025-01-01 01:46:30+00:00,netral
walah gua kerja d bidang retail ada slah satu klien besar ngumumin kalo dia org udh kena pajak 12% tahun ini. gak ush niruin omngn Spongebob lah,2025-01-01 01:46:24+00:00,negatif
Makasih pak presiden 🥰,2025-01-01 01:46:22+00:00,positif
"emang rakyat tuh banyak yg so tau, pak. sabar ya bapakku🥰",2025-01-01 01:46:20+00:00,negatif
"Simplenya gini, pemerintah mendorong supaya pemilik barang mewah yang notabene “orang berada” supaya memberikan kontribusi lebih kepada negara. Gitu lo",2025-01-01 01:46:18+00:00,negatif
kalau speda motor 160cc kena 12% ga min?,2025-01-01 01:46:15+00:00,negatif
ini ya ampun komennya😭 emang pada ga pinter ya?,2025-01-01 01:45:45+00:00,negatif
kalo untuk jasa konstruksi negara naik gak min?,2025-01-01 01:45:30+00:00,negatif
"andai indonesia ngga ada subsidi, bakal hebohnya gimana yah 😅🙏 , baru gini aja dah pada salah artiin ..",2025-01-01 01:45:29+00:00,negatif
min kangen 2024😭,2025-01-01 01:30:49+00:00,positif
beli mie goreng PPN 10% 😭😭,2025-01-01 01:30:48+00:00,negatif
eh pada kemana yaaa yang kemarn koar tolak kenaikan PPN?? mana semangat bgtt sok validasi sm berita ini😭 udh gedeg bgt dari kmrn😭,2025-01-01 01:30:25+00:00,negatif
@Ela,2025-01-01 01:30:18+00:00,netral
min thn baru liburan kemana?,2025-01-01 01:30:15+00:00,negatif
😁😁😁,2025-01-01 01:30:14+00:00,positif
pengen ngejelasin ke temen yg bkin story tntang ini terus pdhl dia juga ga paham... tapi ngejelasin nanti dia ga terima pusingggg pusinggg.. dasar bebaaaal baso kami 🥺,2025-01-01 01:30:09+00:00,negatif
sepeda motor kelaz 160 naik juga ga min,2025-01-01 01:30:09+00:00,positif
tuh dengerin,2025-01-01 01:29:56+00:00,negatif
jadi 0% loohh,2025-01-01 01:29:50+00:00,negatif
"kemarin pemerintah blm bahas klen para pembenci koar koar menghujat , udh di bahas dan di kasih tau masih ngeyel, hadehh",2025-01-01 01:29:48+00:00,negatif
"mantap min , gk lagi lagi tuh bu sri berani nyocot",2025-01-01 01:29:46+00:00,negatif
mantab admin gerindra dijelaskan detail biar tidak ada salah tangkap dan presepsi🥰,2025-01-01 01:29:43+00:00,netral
min Supra sama Revo enakan mana?,2025-01-01 01:29:43+00:00,negatif
omon omon aja meong,2025-01-01 01:29:18+00:00,netral
semoga bapak senantiasa diberikan kesehatan dan panjang umur,2025-01-01 01:29:17+00:00,positif
"Min baca dan tolong sampein dong ke bapak prabowo 🥺 Hapuskan aturan ASN harus mengabdi selama 10th ,sy mau pindah min ikut anak dan suami 🥺 @gerindra",2025-01-01 01:29:11+00:00,negatif
Jasa maklon kena potong ga min?,2025-01-01 01:29:09+00:00,netral
"katanya cuma brng mewah , buktinya smpe obat""tan naik 😓",2025-01-01 01:29:05+00:00,negatif
trus harga barang yg udh pada naik gmn? solusinya apaan,2025-01-01 01:28:44+00:00,negatif
Kebanggaan Indonesia🫶🏻,2025-01-01 01:28:40+00:00,positif
"Min banyak perusahaan yang gk bayar proyek ke pt aku min, ditagih malah gk di read min mana jumlahnya ratusan juta tiap pt😭",2025-01-01 01:28:40+00:00,negatif
pengen jdi gubernur deh...,2025-01-01 01:28:21+00:00,negatif
MAKASI SUBSIDI KUR NYA BANG 🔥,2025-01-01 01:28:19+00:00,negatif
@𝐞𝐫𝐢𝐱𝐱𝐟𝐩𝐬.,2025-01-01 01:28:08+00:00,positif
min mintak loker,2025-01-01 01:28:06+00:00,positif
😁,2025-01-01 01:28:03+00:00,positif
kok tmnku ada yg jaga apotik bilng obat ada naik ppn 12%,2025-01-01 01:27:48+00:00,negatif
ooooooooo,2025-01-01 01:27:42+00:00,negatif
APBN terkuras habis untuk fasilitasi pejabat negara yg kerjanya buat kebijakan yang lebih menguntungkan mereka🗿🤣,2025-01-01 01:27:38+00:00,negatif
semoga saja,2025-01-01 01:10:56+00:00,negatif
@dendycahyamaulana Nih yang obrolan selewat kmarin,2025-01-01 01:10:53+00:00,negatif
tp aku beli ayam penyet kmrn siang udh kena ppn😭😭,2025-01-01 01:10:51+00:00,positif
soal ramadhan anak sekolah libur jadi nggak min???????????,2025-01-01 01:10:47+00:00,negatif
😁,2025-01-01 01:10:45+00:00,positif
semua tempat makan yg ditanggung ppn adalah pengunjungnya😭 bukan pemiliknya,2025-01-01 01:10:42+00:00,negatif
padahal kalo sembako naik ya krna momen nataru dan digoreng seolah itu impact PPN 12%🤣 ngeri kalo udah dengki ny ga ketolongan sihh,2025-01-01 01:10:17+00:00,negatif
Kabeh Podo mundak Min min. .,2025-01-01 01:10:15+00:00,negatif
"mau heran tapi kompas tv, ini stasiun tv atau penjual gorengan 😭😭",2025-01-01 01:10:03+00:00,negatif
terimah kasih sudah menjelaskan soal nya masih banyak masyarakat yg pikiran nya dangkal,2025-01-01 01:09:54+00:00,negatif
min ... izin bertanya.... apakah obat obatan juga kena ppn 12% ?🙏,2025-01-01 01:09:22+00:00,negatif
admin PLN malah naikkk.. di-reinfo saja min ttg apa saja yg kena pajak.. surat tertulis.. biar gak semua pihak semena2 naikin harga/pajak krena misinfo sprti ini..,2025-01-01 01:09:14+00:00,negatif
"yakin? bisa aja ini admin bikin captionnya. kami yg kuliah di stan aja sampe paham mana yg kena mana yg ngga lho 😂
intinya sama kyk kenaikan ke 11% dulu sekian terima kasih",2025-01-01 01:09:13+00:00,negatif
obat2 di apotek uda naik,2025-01-01 01:09:11+00:00,negatif
telor naek.. Kemaren 2.000 sekarang malah 2.500😐,2025-01-01 01:09:03+00:00,negatif
yg naik jadinya PPN apa PPnBM nih?,2025-01-01 01:09:02+00:00,negatif
"min@gerindra tlng smpaikan kpd BPK presiden,, perhatikan nasib tendik SE Indonesia kmrin ikut tes bnyak yg tdk lolos Krn kurangnya formasi di kabupaten kami (Pati).. kita ini mengabdi hmpir 17 thn 🙏",2025-01-01 01:09:01+00:00,negatif
bagaimana jika terjadi domino effect? ketika pajak barang mewah naik dan orang orang golongan mampu merasa keberatan. yang akhirnya berimbas pelaku pelaku usaha menaikkan tarik jual produk mereka -,2025-01-01 01:08:50+00:00,negatif
"Tapi supplier frozen food, jasa ini semua juga ikutan naik harganya :’) tgl 30 kmrn udah pada kasih edaran klo naik harganya :’)",2025-01-01 01:08:45+00:00,negatif
Tapi min sleting sama kancing buat konveksi ko naik😬,2025-01-01 01:08:34+00:00,netral
semangat mindra dan bapak prabowo doa kami selalu kepada kalian,2025-01-01 01:08:27+00:00,positif
susah min ngomong sama anak Abah,2025-01-01 01:08:12+00:00,netral
Mksh pak😭,2025-01-01 01:08:10+00:00,positif
baik pak,2025-01-01 01:08:06+00:00,positif
"pak presiden,, kebijakan yg untuk Maslah PPPK untuk yg masa kerja hampir 20 tahun pak",2025-01-01 01:08:03+00:00,positif
"noh udh ada contohnya, ga usah aneh' di baca bukan ngomel' ga jelas",2025-01-01 01:07:59+00:00,negatif
bajigurrr🥵,2025-01-01 01:07:57+00:00,positif
tp tunjangan kami kata nya di potong 12% jg min 🙏,2025-01-01 01:07:57+00:00,negatif
gencari2in oprasi ke pasar2 min. soal nya pasti banyak yg ikit dinaikan karna kurang paham. tolong ya min,2025-01-01 01:07:54+00:00,negatif
"mindra klw ppnbm naik otomatis barangxx dipasar pada naik juga lah, karna para pedagang mana mau tau yg penting naik, inti nya barangxx pada naik semua dipasar... 🙏🙏🙏",2025-01-01 01:07:47+00:00,negatif
terimakasih pak🙏,2025-01-01 00:50:31+00:00,negatif
harga pasar aja naik sekarang.,2025-01-01 00:50:30+00:00,negatif
lebih ngakak balesan miminya si,2025-01-01 00:50:16+00:00,negatif
"Jadi perhatian bersama lah, kita yg Sdh mendengar informasi ini disampaikan pada masyarakat lainnya.. jangan malah jadi orng2 yg mau mengadu domba tanpa mau memperbaiki. pemerintah Sdh sampaikan dgn panjang kali lebar, jangan buat sia2, dukunglahh minimal, biar ada guna sebagai warga negara yg memiliki sosial media",2025-01-01 00:49:59+00:00,negatif
saya dan orang tua saya ndak pernah dapat bantuan apa2 sama sekali sedangkan yg gajinya 5jt dan punya aset sawah selalu dapat bantuan,2025-01-01 00:49:38+00:00,positif
min pingin disapa😏,2025-01-01 00:49:31+00:00,positif
"happy new year,,,",2025-01-01 00:49:16+00:00,positif
"banyak gaji umr yg teriak"" , makanya caption di detail 😂😂",2025-01-01 00:49:09+00:00,netral
pak Prabowo gratis kan DM ff,2025-01-01 00:49:07+00:00,positif
"admin percuma jelasin, gak bakalan ada yang ngerti, sabar min😌",2025-01-01 00:48:57+00:00,netral
biasakan baca caption 🗿,2025-01-01 00:48:47+00:00,netral
Alhamdulillah,2025-01-01 00:48:27+00:00,positif
Min obat kok naik 12% sih @gerindra,2025-01-01 00:48:10+00:00,negatif
YTTA aja min 😂😂😂,2025-01-01 00:48:09+00:00,positif
2025 anak muda kudu tau politik,2025-01-01 00:48:05+00:00,positif
"untuk faktur penjualan ttp ya min PPN 11%, soalnya kantor sdh membuat edaran untuk kenaikan PPN 12% di 2025 ini. produk obat-obatan",2025-01-01 00:47:49+00:00,netral
"penjual sayur dan penjual tempe . . tetap akan MENAIKKAN barang dagangan nya . . karena biaya hidup mereka naik . .
kenaikan PPN . . multiplayer effect nya sama dengan kenaikan BBM",2025-01-01 00:47:48+00:00,negatif
kami ini kaum mendang mending pak,2025-01-01 00:47:44+00:00,negatif
"pak prabowo yg blg gini, tp masyarakat yg ngmbil keuntungan dr kebijakan ini gmn? hanya dia dan tuhan yg tau. apalgi di negara kita msih bnyak org2 yg malas liat brita atau gaptek.",2025-01-01 00:47:40+00:00,negatif
"ini lebih ke banyak masyarakat yg salah kaprah akhirnya dominan naikin langsung ppn12%, padahal ga perlu. tapi saking susahnya penyebaran fakta di indo ini ya jadi susah kebanyakan situ sini nya 🙏",2025-01-01 00:47:32+00:00,netral
Selamat bulan Rajab dan tahun Baru 2025 🎉🎉🎉,2025-01-01 00:47:21+00:00,positif
pak tolong diselidiki harga tiket NIAS - KUALANAMU. Ga ngotak harga nya pak. Bahkan bisa lebih mahal dari rute MEDAN - JAKARTA 🙏,2025-01-01 00:47:17+00:00,negatif
tapi kok tagihan seles info naik 12%??,2025-01-01 00:47:07+00:00,negatif
berarti barang yg naik cuma yg di caption kan min😋,2025-01-01 00:47:01+00:00,negatif
terimakasih mindraaaa😁,2025-01-01 00:46:50+00:00,negatif
"uda kelihatan sdm kita gimana, pada minim literasi. minimal baca dulu lah kocak, marah gjls pdhal uda di bahas di caption 😔",2025-01-01 00:46:47+00:00,negatif
"nyatanya ga gitu, semuanya pada naik skrg. even sembako yg bukan barang mewah pun naik 😭",2025-01-01 00:46:31+00:00,negatif
"Crypto, exchangenya kok juga ikutan naikin ppnnya min",2025-01-01 00:46:30+00:00,negatif
"kita liat sj nanti ada imbasnya ga ke rakyat , dl aja janji kampanye mau nguber sampe ke antartika 😂buktinya ga ada",2025-01-01 00:46:21+00:00,negatif
min pak prabowo bisa ga si buat kita balikan lg?,2025-01-01 00:46:13+00:00,negatif
Makasih Bapak Presidenku 🙏🏻🙏🏻,2025-01-01 00:30:00+00:00,positif
untuk pembelian obat ke pbf apakah termasuk naik juga ppn nya? karena hampir semua pbf PPN nya naik.,2025-01-01 00:29:58+00:00,netral
caption nya udh jelas panjang lebar sebbaik itu admin gerindra.. follow ah🥰,2025-01-01 00:29:45+00:00,negatif
"alhamdulillaah, makasih loh pak atas kebijakannya, saya sbg tenaga kerja kependidikan + irt yg gajinya pas2an udh ovt bgtt ternyata hanya barang mewah🙏",2025-01-01 00:29:35+00:00,negatif
kami sering ke pasar pa belanja bahan pokok pada naek coba cek klw bpa g percaya ke pasar,2025-01-01 00:29:27+00:00,negatif
Mindra seperti meta AI 😂👏🫶🫶🫶,2025-01-01 00:29:17+00:00,positif
"min saya takut setiap pedagang naikin semua harga pokok , apalagi dengan orang awam yang g ngerti",2025-01-01 00:29:07+00:00,negatif
Thank you bapak 👍🥰sehat selalu❤❤❤,2025-01-01 00:29:06+00:00,positif
thanks for your caption min 🙏,2025-01-01 00:29:01+00:00,positif
"alhamdulillah, yang penting kuota dan wifi jangan naik",2025-01-01 00:28:54+00:00,positif
Min disini harga sayur mayur terus naik😫,2025-01-01 00:28:50+00:00,positif
Alhamdulillah 💯,2025-01-01 00:28:36+00:00,positif
"pusying bgt denger bapak-bapak dan ibu-ibu pada jelek2in pak prabowo terus gegara ppn 12% ini tanpa tau jelas aturannya, tiap denger rasanya pingin muntah🤢",2025-01-01 00:28:05+00:00,negatif
"fomo tiktok doang org’ pada ni, kalo ga d up d tiktok gerindra gabakal tau kalo ad berita ginian",2025-01-01 00:27:44+00:00,negatif
utamakan literasi pls deh NETIZENNN,2025-01-01 00:27:35+00:00,netral
"Alhamdulillah semoga sehat selalu ya bapak,menyala terus bapakq",2025-01-01 00:27:32+00:00,positif
😭😭😭,2025-01-01 00:27:30+00:00,positif
Senjata api itu mercon kah?🗿🙏🏻,2025-01-01 00:27:27+00:00,negatif
"sembako kan memang selalu naik menjelang hari besar dan tahun baru, dan ini juga belum akan normal sampai lebaran idul fitri nanti karena waktunya berdekatan, Natal, tahun baru, imlek, idul fitri.",2025-01-01 00:27:19+00:00,positif
yang penting semua merata dan di ratakan,2025-01-01 00:27:17+00:00,positif
berarti property termasuk barang mewah ya pak,2025-01-01 00:27:12+00:00,positif
❤️❤️❤️,2025-01-01 00:27:11+00:00,positif
Tapi sama saja penjual nakal tetap barang” di naikin harganya,2025-01-01 00:27:10+00:00,negatif
nescafe classic naik banget tapi,2025-01-01 00:27:04+00:00,netral
Jangankan dipajek 12% min. @gerindra Lapor pajak aja ntah iya ato engga. Iya lapor tapi membayar dengan semestinya atau engga,2025-01-01 00:27:02+00:00,negatif
😭😭😭,2025-01-01 00:27:02+00:00,positif
jual beli krypto udh penyesuaian tuh buat gasfee'a apa itu barang mewah🤣,2025-01-01 00:26:52+00:00,negatif
"respect pak🫡🫡 skrg tinggal beresin kasus 300T penjara 6,5tahun",2025-01-01 00:26:47+00:00,negatif
"Awasi kebijakan ini di masyarakat, kadang ada yg latah ke barang dan jasa ikutan naik.",2025-01-01 00:26:45+00:00,negatif
tapi produk kecantikan naik juga,2025-01-01 00:26:43+00:00,netral
"Halloo pph 21 6%, udah gaji umr kena pph lagi anjjjjjjjj",2025-01-01 00:06:44+00:00,negatif
"harga tiket belum trun ,papua ke mkassar waktu mau natalan smpai tahun baru tembus 5jt hmpir 6jtaan.🙈",2025-01-01 00:06:44+00:00,negatif
"cukup baca caption dan pahami.🤣
gk usah ini itu. tidak sesuai dengan itu berarti tidak beres (sales/distributor)",2025-01-01 00:06:28+00:00,negatif
Hrga ban mtr aja naek😂,2025-01-01 00:06:26+00:00,positif
"heran gua masih pada nanya aja, BACA CAPTIONNYA WOII, DIPAHAMI JANGAN BISANYA NGAMBIL KESIMPULAN SENDIRI MULU.
NOH YG NAIK 12% TUH UNTUK BARANG² MEWAH AJA!",2025-01-01 00:06:18+00:00,negatif
"kalo barang mewah gas lah pak presiden, tapi jn buruh rakyat menegh kebawah yg di pajakin",2025-01-01 00:06:03+00:00,negatif
mau nanyak beras premium itu yg mana minyak premium yg mana aja ...,2025-01-01 00:05:50+00:00,negatif
ohh ini bapak admin yg suka lewat di pyf tiktok😭,2025-01-01 00:05:46+00:00,positif
"Tapi pada kenyataanya semua bahan pokok pun sudah naik 12%,, 😳",2025-01-01 00:05:46+00:00,negatif
"kita rakyat Indonesia menikmati malam tahun baru,beliau & para mentri beliau msh kerja woei😵😭🙏🙏🙏",2025-01-01 00:05:43+00:00,positif
"yakin bgt, udh dikasih tau gini pun yg sebelah pasti bakal tetep ngegoreng goreng 😇 semangat pak owo. semoga sabarmu jg seluas kesabaran pak owi🤲",2025-01-01 00:05:33+00:00,negatif
Kenapa produk wings naik?,2025-01-01 00:05:32+00:00,negatif
min kenapa hp naik juga?,2025-01-01 00:05:23+00:00,negatif
"Mahasewa mana ngerti ni,malah demo.giliran koruptor vonis ringan diam jha...untung jha q dlu GK ikut demo2 yg gak punya akal🥰",2025-01-01 00:05:18+00:00,negatif
Pak tapi masa paket kouta saya pun kena pp 12%,2025-01-01 00:05:11+00:00,netral
"sip min makasih infonya, btw turunkan harga skin pubg min 😂🤣",2025-01-01 00:04:58+00:00,negatif
"nah ,plis pahami jgn digoreng,pk prabowo pro rakyat kecil tp sama orang2 kaya dia tegas😊sekali lg pahami cermati jgn keburu makan hoak sepihak",2025-01-01 00:04:53+00:00,negatif
"mendorong pemerataan ekonomi.
ini sih membangkrutkan ekonomi",2025-01-01 00:04:46+00:00,positif
iklan shope kok udah masuk 12 persen min,2025-01-01 00:04:36+00:00,negatif
min semalem bakar bakar ga??,2025-01-01 00:04:25+00:00,negatif
😁,2025-01-01 00:04:21+00:00,positif
"sehat selalu mindra, jgn migrenn 😂",2025-01-01 00:04:18+00:00,positif
tp transfer ke rekening lain sekarang jd naik juga,2025-01-01 00:04:08+00:00,negatif
klo makan di resto kena ppn 12% ga pak🙏,2025-01-01 00:04:01+00:00,netral
"kita liat besok bos qu, klo ada barang non mewah naik pon 12 %, kita laporkan ke admin",2025-01-01 00:03:58+00:00,negatif
"aku udah nonton semalem di kompas TV. awalnya nggak tertarik, tapi bagian bu Sri Mulyani ngomong langsung mantengin sampai selesai terus ku up di sw😁",2025-01-01 00:03:58+00:00,negatif
masih kecewa dengan 271 triliun,2025-01-01 00:03:54+00:00,negatif
pak Hakim yang fonis hukum 6.5 tahun pecat aja pak,2025-01-01 00:03:45+00:00,negatif
🥰🥰🥰,2025-01-01 00:03:08+00:00,positif
"mahar anak orang ikut naik gak min , takut gak bisa nikah 😁😁",2025-01-01 00:03:06+00:00,negatif
insentif pph 21 itu untuk semua atau ada s&k nya min?,2024-12-31 23:49:51+00:00,negatif
"yaallahh kannn lagi lagii gabole suuzon sama presiden 😓😓
ganti rakyat aja pak gantiii😭",2024-12-31 23:49:45+00:00,negatif
yang koar koar sebelumnya manaa yakk ? kok ga keliatan?😂😂😂,2024-12-31 23:49:44+00:00,negatif
minn kapan dm epep jadi murah? 😅,2024-12-31 23:49:41+00:00,negatif
kok ga ada komennya min.?,2024-12-31 23:49:35+00:00,negatif
"Tapiiiii OBAT-OBATAN naik loh, emg OBAT masuk kategori barang mewah?",2024-12-31 23:49:33+00:00,negatif
"mindra, tapi bahan bahan food kayak susu kemassn bermerk , tepung tepung , keju . itu jga naik jadi 12% ? karena katanya prosesnya impor gitu berati benar kah ?",2024-12-31 23:49:22+00:00,negatif
min tiket konser gak naik kan?,2024-12-31 23:49:21+00:00,negatif
"kadang orang penjual di pasar nya yang naikin , padahal pajak PPN nya ngga ngaruh ke jasa masyarakat di pasar , tolong min cek di pasar min @gerindra",2024-12-31 23:49:20+00:00,negatif
nyatanya setiap tahun baru dan menjelang bulan Ramadhan harga pokok relatif dinaikan penjual dengan alasan dari sananya dinaikan setiap tahun slalu begitu dengan alasan solar naik @gerindra mohon pak,2024-12-31 23:49:19+00:00,negatif
"sidak kepasar"" min, bnyk oknum yang memanfaat miss komunikasi ini, jadi bnyk yg menaikan harga minyak telur diatas rata""",2024-12-31 23:49:15+00:00,negatif
ppn buat ganti kerugian negara yang 300T itu kah? 😂😂,2024-12-31 23:49:13+00:00,negatif
2025 ganti pemikiran rakyat bodoh aja min,2024-12-31 23:49:00+00:00,positif
Gaji ASN gak ada info min? Hoax semuanya kemarin ya,2024-12-31 23:48:45+00:00,negatif
wifi internet kena juga ga min? bingung nih,2024-12-31 23:48:38+00:00,negatif
min seandainya nih koruptor 271 dibebasin tp dikasih ke masyarakat... dan dihukum sesuai adat masyarakat boleh gak min?🤣,2024-12-31 23:48:28+00:00,negatif
Kenapa harga mobil makin naik min apa lgi kita yg di wilayah timur smua pada naik min yg turun hanya keringat min,2024-12-31 23:48:00+00:00,negatif
NAH LOHHH SIAPA YANG KEMARIN KOMEN MAU PINDAH NEGARA 😭🫵,2024-12-31 23:47:58+00:00,negatif
"katax sembako juga naik harganya,, apankh ayam crispy aku harus naikin hargnya yah",2024-12-31 23:47:51+00:00,negatif
sehat sehat bapak prabowo🥰,2024-12-31 23:47:49+00:00,positif
"gue lama dsini cuma buat bacain coment"" yg pada gk br'syukur anjjj ,, dari zaman dulu jg indo mah kalo udh ketemu THN baru sm lebaran apa jg dimahalin,, pedagang yg licik admin yg kena kocak🤣",2024-12-31 23:47:47+00:00,negatif
"terimakasih banyak pak, bapak gabisa batalin ppn naik, tapi bapak berusaha banget biar kita ga terbebani dan meringankan sedikit🥺bapak di tuduh ngelakuin hal yg bahkan udah jauh di sahkan sebelum bapak mencalonkan, sebelum pilih wakil bapak siapa, pokoknya sebelum ada hilal bapak bakal jadi presiden 🥺 sehat sehat yah pak, semoga Allah SWT selalu lindungi bapak",2024-12-31 23:47:27+00:00,negatif
yang komennya miring' please baca caption 😭,2024-12-31 23:47:20+00:00,negatif
"kukejar koruptor sampai 6,5",2024-12-31 23:47:15+00:00,negatif
video tiktok pertama gue di 2025✨,2024-12-31 23:47:08+00:00,negatif
tiket konser nggak kan ya min?,2024-12-31 23:47:06+00:00,negatif
🥰,2024-12-31 23:46:48+00:00,positif
yg udah ngasih notice pajak naik 12% berarti cancel ya min?,2024-12-31 23:46:37+00:00,negatif
"@gerindra mau nanya di point pesawat terbang itu gmn yah? Tiket pesawat komersil jadi PPn nya naik ke 12% gitu? Kalo naik, trs yg katanya harganya mau diturunin gmn jadinya?",2024-12-31 23:46:24+00:00,negatif
"terkadang juga bagian sembako atau pun kosmetik"" umum untuk pengusaha retail udh dibubring juga bahwasanya PPN naik juga nih min 12% . gimana nih?...",2024-12-31 23:46:17+00:00,negatif
"Min, turunin harga beras donk min... sampein ke bapak onlineku...",2024-12-31 23:29:53+00:00,negatif
dampaknya ke rakyat juga kan...???,2024-12-31 23:29:52+00:00,negatif
min kenapa pajak mobil jadi 66% diluar jkt ?,2024-12-31 23:29:49+00:00,negatif
"emang ak juga gak percaya pas awal2 ada berita semua kena ppn 12%, mana mungkin pak prabowo tega sama rakyatnya , sehat selalu bapakku tercinta 😘🥰",2024-12-31 23:29:49+00:00,negatif
"Mau tanya deh, klo cicilan mobil under 4jt/bulan kena ppn 12% juga kah? Karena semalam dapet broadcast dari Bank katanya ppnnya naik jadi 12% 🤔",2024-12-31 23:29:31+00:00,negatif
@Berkah Elzafa,2024-12-31 23:29:18+00:00,positif
"mindra,,saya lihat KPR tidak termasuk yaa
tp kenyataannya juga naik jd 12 %
apakah beda KPR subsidi dan Cluster?
😁",2024-12-31 23:29:12+00:00,negatif
Untuk mamat gun shop berarti kena ppn 12% dong😂,2024-12-31 23:29:02+00:00,netral
🥰🥰🥰,2024-12-31 23:29:00+00:00,positif
"min??sehat selalu yaa😞
sedih bgt liat org yg langsung ngomong ini itu tanpa tau kebenarannya",2024-12-31 23:28:56+00:00,negatif
Semoga Bpk Prabowo selalu Sehat panjang umur Aamiin Yaa Rabb,2024-12-31 23:28:51+00:00,positif
"Mana ni para pembenci?
Buzzer* kok ga ada di sini",2024-12-31 23:28:28+00:00,negatif
Pgennya bebas imei lagi min 🥲 bisa ga yaa? 🙏,2024-12-31 23:28:26+00:00,negatif
yg blom paham jg baca keterangan sampai slesai nanti di pasar smua hrg di naikan Krn pajak yg di naikan,2024-12-31 23:28:21+00:00,negatif
min kenapa baru muncul kemarin2 dicari2 netizen loh,2024-12-31 23:28:20+00:00,negatif
"Bapak , I LOVE U Pak.. ❤️❤️",2024-12-31 23:28:06+00:00,positif
min ditempat ku lgi ada pemutusan kerjasama BPJS dr rs yg dulu nya Terima BPJS knp ya min,2024-12-31 23:27:55+00:00,negatif
Ingin hemat dan efisien anggaran namun menambah kementrian.. eh kementrian nambah staf2 😂,2024-12-31 23:27:50+00:00,netral
topup game itu termasuk barang/jasa mewah kah? karna saya cek tadi sudah kena pajak 12%,2024-12-31 23:27:34+00:00,negatif
"gaji naik
PPN naik
PHK juga naik",2024-12-31 23:27:33+00:00,negatif
aslinya udah pada naik dari kemaren malah,2024-12-31 23:27:31+00:00,negatif
denger dan baca ini wahai anak2 abah dn genjer. jgn pada bacot doang,2024-12-31 23:27:07+00:00,negatif
hore pak bowo,2024-12-31 23:27:05+00:00,negatif
santen kara aja naik pak Prabowo gimana tuh yang tadinya 3500 jdi 4500 sampe Lima ribuan ap itu barang mewah wkwkw,2024-12-31 23:27:01+00:00,negatif
Skintific naek itu harta ny 🙂,2024-12-31 23:27:00+00:00,negatif
"kuota internet , pulsa , token listrik dll udah pada naik min. coba dilihat lagi naiknya gK tanggung tanggung 😂😂😂😅😅😅 apakah termasuk barang mewah",2024-12-31 23:26:56+00:00,negatif
"Udah ya , jgn pada kontra, kita ikutin aja",2024-12-31 23:26:48+00:00,netral
saya aslinya 2 orang🗿yg 1 meong yg 1 nya lagi macan,2024-12-31 23:26:46+00:00,negatif
"tapi semua bahan pokok jg ikut naik deh,,kmrn yg biasa sy beli pada naik harga nya,, terutama minyak,dan telur,,tau karna tahun baru",2024-12-31 23:26:44+00:00,negatif
oke gas oke gas,2024-12-31 23:26:27+00:00,netral
"min kenapa kuota internet juga ppnbm padahalkan itu dipke semua kalangan, lalu netflix, spotify pun itu dipakai semua kalangan 11% aja udah mahal 🥺",2024-12-31 23:07:43+00:00,negatif
min tapi barang matrial pada ikut naik kata sales nya min😭,2024-12-31 23:07:42+00:00,negatif
mantab bapak...,2024-12-31 23:07:29+00:00,positif
"semua rakyat indonesia menaruh kepercayaan dan harapan kepadamu min,aku yakin kamu bisa menyelesaikan semua permasalahan di indonesia 🙏🏼",2024-12-31 23:07:24+00:00,positif
ya Allah bapak aku keren bangettt 🥰 makasih bapak presiden Prabowo makin love 🥰 sehat dan panjang usia ya bapakku 💙,2024-12-31 23:07:13+00:00,positif
kasih paham min!! biar pada pinter dikit,2024-12-31 23:07:04+00:00,negatif
pak turunkan sedikit harga pupuk non subsidi pak😁😁,2024-12-31 23:06:48+00:00,negatif
klu ppn yg lain ikut naik berarti apa?,2024-12-31 23:06:43+00:00,negatif
kayanya kita ga perlu dpr deh min,2024-12-31 23:06:31+00:00,netral
"kalo selain barang mewah naik itu oknumnya yg fomo,kaya g tau msyarakat kita kyk gmana aja klean ni,permainan pasar",2024-12-31 23:06:29+00:00,negatif
Min ngopi di puncak yuu,2024-12-31 23:06:22+00:00,negatif
kalo yang kena cuman barang mewah berarti yang harus dinaikin PPnBM aja dong bukan ppn,2024-12-31 23:06:19+00:00,negatif
Alhamdulillah 🥰,2024-12-31 23:06:03+00:00,positif
😂,2024-12-31 23:05:48+00:00,positif
"intinya ada bukti fisik dari kenaikan pajak,",2024-12-31 23:05:43+00:00,negatif
kukuruyuk 🥺,2024-12-31 23:05:35+00:00,netral
hhhh lucu,2024-12-31 23:05:32+00:00,netral
"yg dinaikan pajak barang dan jasa mewah, tp di toko2 sdh ada pengumuman kenaikan bbrp bahan pokok di awal thn 2025 , apalagi di toko bahan kue sdh disebar edarannya.. gimana inih",2024-12-31 23:05:24+00:00,negatif
"heh yang bikang sembako udah pada naik, pikir lagi bro ini tahun baru (liburan) otomatis udah biasa naik harganya. kocak lu pada😭",2024-12-31 23:05:22+00:00,negatif
Naikin ppn pulsa kuota dana mint sampe 50% biar cuan gede hehe,2024-12-31 23:05:16+00:00,negatif
"min saya kerja di rs , perusahan farmasi dah ngasih surat ppn naik 12 persen.. bingung buat obat naik juga? jadi barang mewah itu min?",2024-12-31 23:05:15+00:00,negatif
"kecewaaa, maunya bahan pokok dll juga naik, seperti yang anak Abah harapkannnnn !!!!!",2024-12-31 23:05:10+00:00,negatif
"singkat saja...
""hanya untuk barang dan jasa mewah"" paham!!!!",2024-12-31 23:05:09+00:00,negatif
@febriariputri beras dan kawan2 nya ga kena bun,2024-12-31 23:04:55+00:00,negatif
"saya sebagai admin retail barang"" sembako dari distributor ikut naik jdi 12% itu gmna ya pak?",2024-12-31 23:04:52+00:00,negatif
Selamat Tahun Baru Mindra ❤️🤍,2024-12-31 23:04:47+00:00,negatif
🙏,2024-12-31 23:04:46+00:00,positif
"aku percaya sama pak Prabowo untuk memperbaiki negeri ini,, sehat selalu pak🥰",2024-12-31 23:04:42+00:00,positif
Min kalau utk subsidi listrik gimana? apa daftar dulu atau otomatis dpt subsidi 50% ketika top up?,2024-12-31 23:04:38+00:00,negatif
"natal
tahun baru bentar lagi Imlek
bukankah kayak gini tiap tahun pada naik ya ? tp pas pulak berita naik ppn 12% ya udah di goreng terus 🥲",2024-12-31 23:04:37+00:00,negatif
"ppn naik 12% bagi barang mewah ,,,yg ppn lainnya turun menjfi 10% itu cocok pak ,kalau mau. bantu ya skalian",2024-12-31 22:43:53+00:00,negatif
"minta tolong dong min@partaigerindra ,tolong cek di pelosok²,kami di pelosok jalan nya batu² berlubang lagi, nggak ada air juga, listrik juga di akal² Lin min, tiang listrik aja",2024-12-31 22:43:48+00:00,negatif
"woi netizen pada baca caption dong, komentar nya pada ngasal😂",2024-12-31 22:43:29+00:00,netral
min serius tanya klo tiket konser kpop pajaknya naik gk?,2024-12-31 22:43:11+00:00,negatif
"min saya ojol, apa subsidi motor listrik udah gaada min? saya mau cicil motor listrik yg harus nya kalo dapet subsidi itu cuma 1tahun, ini saya jadi 2tahun min🥹",2024-12-31 22:42:24+00:00,negatif
tiap tahun juga mesti naik intinya semoga kita di beri kelancaran teruus rejeki nya aamiin ❤️❤️❤️,2024-12-31 22:42:04+00:00,negatif
saya pedagang di pasar.... sales aja udah mengumumkan mulai awal Januari PPN jadi 12%.... yg saya jual plastik loh.... apakah plastik kresek termasuk barang mewah.... kresek saya merk-nya bukan Hermest min....,2024-12-31 22:42:03+00:00,negatif
netlfix kena ppn 12% gak?,2024-12-31 22:41:56+00:00,negatif
"sedih min semalam gk bisa bakar"".sama bos suruh kerja🙃🗿",2024-12-31 22:41:43+00:00,negatif
"Jadi beginii, kemungkinan kenapa semua ikut naik karena udah kemakan pajak bakal naik, jadi semua pada pengen ambil kesempatan naikin dagangannya 😂 biar untung makin gedhe, plus pergantian tahun plus bentar lagi ramadhan lebaran 😂",2024-12-31 22:41:26+00:00,negatif
presidennya udah mantep tinggal rakyat ajaaa yg harus di pinterin🫠,2024-12-31 22:41:24+00:00,positif
jadi sayur BBM hp ga naik harganya?..,2024-12-31 22:41:18+00:00,negatif
@fadhlunthr @mahhhh.,2024-12-31 22:41:09+00:00,negatif
"gaji gue dpotong pajak waktu saya cari kerja gk d bantu sama pemerintah, belanda memang",2024-12-31 22:41:04+00:00,negatif
tagihan wifi sy knapa malah ngsi info bkln naik pr 1 januari ya?? 😳,2024-12-31 22:40:58+00:00,negatif
"pak,saya tetap berada di bawah kepemimpinan bapak. saya percaya bapak akan memberikan yg terbaik untuk rakyat bapak. sehat2 selalu pak❤️yang kuat ngadapin rakyat² bapak yg agak lain ya 🙏🏻 sbr y pk",2024-12-31 22:40:57+00:00,positif
😁,2024-12-31 22:40:38+00:00,positif
utk PPh pekerja gimana min ? utk gajian yg di bawah 10jt atau 5 JT apakah terkena dampak pajak bagi kita pekerja,2024-12-31 22:40:38+00:00,negatif
semoga aja real madrid,2024-12-31 22:40:36+00:00,negatif
"Lah naik dong harga tiket pesawat? Katanya mau diturunkan malah naik, gimana sih? Tolonglah min laki-laki itu yang dipegang omongannya, sampai detik ini harga tiket pesawat masih mahal",2024-12-31 22:40:30+00:00,negatif
"Kelurkan Perpu/undang2nya pak, agar kami rakyat dapat membacanya",2024-12-31 22:39:52+00:00,positif
kuliah subuh ku baca komentar-komentar di sini,2024-12-31 22:39:49+00:00,netral
harus baca caption sampai selesai yaaa,2024-12-31 22:39:46+00:00,negatif
sehat sehat bapakkkk🙏,2024-12-31 22:39:46+00:00,positif
"Lah naik dong harga tiket pesawat? Katanya mau diturunkan malah naik, gimana sih?",2024-12-31 22:39:36+00:00,negatif
"Udah dijelasin, kalo barang lain yg seharusnya tidak naik jadi naik bisa jadi tuh ajimumpung aja nambah profit dengan dalih ppn naik 😂🙏🏻",2024-12-31 22:39:24+00:00,negatif
Baca captionnya woyyy,2024-12-31 22:39:03+00:00,negatif
kalo udh punya penyakit hati emg apa apa dicari kesalahan,2024-12-31 22:39:03+00:00,negatif
"ngk usah ngomong yg sudah"" sekarang buktikan ayo kita sahkan uud perampasan aset klau emang komitmen pemberantasan korupsi kan koalisi di DPR menguasai pasti berasil merdeka merdeka",2024-12-31 22:38:46+00:00,negatif
sekarang udah mulai?,2024-12-31 22:38:45+00:00,negatif
"sekedar saran kalau bisa semua jenis bantuan bansos mending di hapus aja kaya pkh,bpnt dll.mending balikin lagi program RASKIN atau RASTA.maaf diluar tema🙏",2024-12-31 22:17:05+00:00,negatif
indomie ga naik kan main???,2024-12-31 22:17:02+00:00,negatif
"tamnel nya diganti, PPNbm dong
krna klok PPN biasa itu seluruh produk",2024-12-31 22:16:42+00:00,negatif
"min, tetang makan gratis, gimana Nasib Pedagang kantin kaya aku 🙃",2024-12-31 22:16:35+00:00,negatif
kenapa semenjak PPN naik kok rokok2 pada naik yg tadinya rokok surya 12 Rp 26ribu jadi 28ribu. yang tadinya rokok cip 15ribu jadi 18ribu😳 apakah rokok barang mewah🤭 mindra,2024-12-31 22:16:28+00:00,negatif
"kost an pun ikut naik, alasannya listrik pun naik😭",2024-12-31 22:15:41+00:00,negatif
kalau semua barang ikut naik brrti orang nyanari ksmptan dan k untungan dr brta ppn naik pdhal cmn brng trntu aja yg naik,2024-12-31 22:15:41+00:00,negatif
"Hadeh min pulang liat fireworks listrik abis, isi token kaga bisaaa 😭 sengsara smp jam stengah 3 😭",2024-12-31 22:15:22+00:00,negatif
"upah minimun nasional ga usah di naikin, bikim ruwet, dah baagus era Pak Jokowi, kalo mau upah naik, suruh upgrade skillnya",2024-12-31 22:15:20+00:00,negatif
min bagi indomie🗿,2024-12-31 22:15:19+00:00,netral
Tp kenapa sembako naik nya tak terkira semua mahal 😔,2024-12-31 22:15:13+00:00,negatif
tolong bang bagian sragen Jawa Tengah UMR kecil rakyat udh stengah mati tapi harga pada naik tolong di cek juga dipasar :( @partaigerindra,2024-12-31 22:15:12+00:00,negatif
"Min semoga naik banding ya si rapael mois enak bgt dia negara rugi 300T di hukum 6,5 thn 😭",2024-12-31 22:14:12+00:00,negatif
"video ini mau gw puter di komplek pakai sound system biar suara nya nyaring,terdengar warga komplek pendukung anak abah yg suka nyinyir",2024-12-31 22:14:11+00:00,negatif
Harvey Moeis juga yang menang banyak mau pajak naik mau pajak turun 🔥,2024-12-31 22:13:52+00:00,negatif
min harus tegas min takut banyak perusahan atau penjual yang menyalahgunakan arti dari keniakan PPN 12%,2024-12-31 22:13:30+00:00,negatif
Sayang bapak Prabowo🥰,2024-12-31 22:13:12+00:00,netral
itulah pentingnya berprasangka baik,2024-12-31 22:13:08+00:00,positif
"yg naikin hrga tuh pra penjual sendiri/masyarakat sendiri
kn sudah di kasih penjelasan apa2 aja yg naik,BACA CAPTION gunakan MATA ANDA DG BENAR",2024-12-31 22:12:53+00:00,negatif
"apapun kondisinya, semoga kita selalu dimampukan untuk beli apapun aamiin🥰",2024-12-31 22:12:46+00:00,positif
"Yang komen semua barang naik lah ini lah itu lah. Hey para SDM rendah PPN/PPNBM aj baru di umum kan besok, terus barang kalian naik kok salahin presiden, itu yg seharus nya kalian salahin jurangan2 nya karena kesempatan mereka naikin barang karena ad informasi ppn naik pdahal itu semua miskom aj",2024-12-31 22:12:40+00:00,negatif
jadi kasian smaa admin gerindra...😑😁😁😁🙏,2024-12-31 22:12:25+00:00,netral
"Makasihh MinDra..atas info nya, wlau diluar sana udh pd naikin,😭, wifi ku jg ni..udh naik bln ini..🥴, smoga ntr bs turun lg deh.. Met tahun baru Min, smoga Mindra mkin gercep yaa.🥰",2024-12-31 22:12:12+00:00,negatif
distributor sudah ada yg ngumumkan ppn 12% min..,2024-12-31 22:12:04+00:00,negatif
🗿,2024-12-31 22:11:54+00:00,positif
mkannya aku kurang percya sma brita yg koar2 kmarinn...tpi skrg sdh terlanjur pda naikkk😭,2024-12-31 22:11:47+00:00,negatif
min lu asik banget🙏😭 jawabnya,2024-12-31 22:11:35+00:00,negatif
"min makasih vt nya,sangat membantu untuk memintarkan yg belum faham, yg ke.arin marh marah toling di simak vt inih yah, bacain komen komen yg di balas admin juga biasanya ituh penting okee",2024-12-31 22:11:07+00:00,positif
"terima kasih infonya min @partaigerindra
jelas yg disampaikan, hampir saja terprovokasi. sehat sllu bpk presiden prabowo subianto.",2024-12-31 22:10:38+00:00,negatif
kalau beli motor sblm 2025 itu kalau bayar pajak kena PPN 12% juga nggk min,2024-12-31 22:10:29+00:00,negatif
Mantabbb minnn😭,2024-12-31 21:42:26+00:00,netral
motor juga kena😂😂😂 bingung mau tinggal di Konoha atau ke eropa 😁😁,2024-12-31 21:42:20+00:00,negatif
Lipstik hrga 20rb naik 😭 belnja cm 1jt untuk jualan jg kena ppn 12% skrg.mau g mau naikin hrga jg ke cust 😭 biaya sewa toko jg jd naik😭usaha masih merintis. Mana yg katanya melindungi rakyat jelata,2024-12-31 21:42:07+00:00,negatif
We'll see ya min apakah harga² barang² yg disebutkan tidak kena PPN 12% itu naik atau gak...,2024-12-31 21:41:56+00:00,negatif
Dengerin tu yg tereak2 ppn naik bkin syuliittt..,2024-12-31 21:41:54+00:00,negatif
apakah Obat-obatan termasuk? soalnya Distributor juga naikkin PPN nya 12% 😭😭,2024-12-31 21:41:47+00:00,negatif
Masalahnya harga2 barang pokok udah pada naik,2024-12-31 21:41:38+00:00,negatif
semoga pak prabowo bis memihak rakyat kecil. soalnya ini kesempatan pak prabowo untuk membuktikan kepada rakyat indonesia dengan kebijakannya,2024-12-31 21:41:16+00:00,positif
eh yg komen nih kurang ngopi kayaknya dah. BACA CAPTION GA SIH,2024-12-31 21:41:13+00:00,negatif
ITUUUU YG KORUPSI 271T GAK DI BAHAS MIN??,2024-12-31 21:41:12+00:00,negatif
preet,2024-12-31 21:40:45+00:00,positif
semoga sehat selalu bapak prabowo ya amin ya allah🙏,2024-12-31 21:40:05+00:00,positif
"lopee sekebonnn pak Pranowo🥰🥰🥰
sebelumnya memang gak yakin kalo seluruhnya ppn bkal naik 12%,, karna pak prabowo slalu mementingkan rakyat kecil😊",2024-12-31 21:39:48+00:00,negatif
"min mintak kerjaan min,,🙏",2024-12-31 21:39:33+00:00,positif
pesawat dia yg nurunin dia sendiri yg naikin lewat pajak sama aja jatuh nya siap siap aja lebih mahal dari kemaren😁,2024-12-31 21:39:33+00:00,negatif
Selamat Tahun Baru Min... Sehat selalu menghadapi komen2 berharga seceng..,2024-12-31 21:38:56+00:00,positif
"kenapa provider Internet ""curi"" start ngumumin ppn 12% di email yg gue dapat ya? 😂, apa nanti dapat email revisi ga jd pakai 12%?",2024-12-31 21:38:25+00:00,negatif
"udh pada naik pak, imbas dr pajak yg ga kira2!!!
cb D cek D pasar tradisional hrga udah meroket pdhl rakyat kecil blnja D situ",2024-12-31 21:38:18+00:00,negatif
@nuna JK 🐰,2024-12-31 21:38:04+00:00,positif
"kebanyakan SDM rendah ngga ngerti padahal sudah d jelaskan, ehh masih aj banyak menyalah artikan kebijakan yg di sampaikan oleh bapak presiden RI tercinta. lanjutkan pak kami rakyat percayakan bahwa Indonesia akan sejahtera untuk kedepannya.🔥🫶🏻",2024-12-31 21:38:00+00:00,negatif
"habis ini jangan sampai ada yg gagal paham lagi. dibaca di simak ,di dengarkan baik2 ,,jangan bilang presiden ga peduli",2024-12-31 21:37:58+00:00,negatif
@bagus.sb45 di simak nih biasakan baca caption ampe kelar,2024-12-31 21:37:56+00:00,negatif
"captionnya dibaca ya dan dipahami, semangat membaca, makasih admin semoga para pedagang dan distributor segera menormalisasikan pon 11% ini",2024-12-31 21:37:53+00:00,negatif
"min, apakah bulan puasa nanti mahasiswa di liburkan? tolong di jawab",2024-12-31 21:37:51+00:00,negatif
"Komentar nya kaya pada ga sekolah, emang bener yang harus di benahi itu pola pikir rakyat. itu udah jelas prabowo dan admin gerindra menjelaskan, kalo ada yang bilang, di lapangan pada naik, ya tunggu kocak baru juga di publikasi.",2024-12-31 21:37:40+00:00,negatif
"gk ngotak emang, cepat kaya tu pemerintah",2024-12-31 21:37:37+00:00,negatif
Kalo pajak pendapatan bagai mana min??,2024-12-31 21:37:29+00:00,netral
p min,2024-12-31 21:37:23+00:00,netral
"min, semua distributor obat sudah ada edaran ppm 12%, kita lihat hari ini ya min",2024-12-31 21:37:11+00:00,negatif
naah yang aneh ni mahasiswa demo bukan yg penting2..,2024-12-31 21:36:10+00:00,negatif
"kuat kuat Mimin semuanya sehat2 bapak presiden ☺️kami selalu percaya kalian akan selalu mengusahakan yg terbaik untuk negara ini, begitulah manusia banyak tipenyaa jadi Jagan sedih Jagan kecewa yaaa",2024-12-31 21:01:06+00:00,positif
pak saya ulang tahun 🥳🥳,2024-12-31 21:00:24+00:00,positif
halah,2024-12-31 21:00:23+00:00,netral
Mindra turunkan harga FIZ R sma RX king bisa ga?🗿,2024-12-31 21:00:17+00:00,negatif
"Min tanya dong , poin ppn 12% senjata api kcuali utk kperluan negara . Emg senjata api kalo bukan kpentingan negara utk kpentingan apa ya ? 🙏🙏",2024-12-31 21:00:16+00:00,negatif
yg bilang semua tetep naik itu akun buzzer min jan di tanggepin,2024-12-31 21:00:04+00:00,negatif
dipuji tidak terbang dihina tidak tumbang..💪💪💪🔥🔥🔥..,2024-12-31 20:59:59+00:00,negatif
@mrthadianaa anak abah?,2024-12-31 20:59:58+00:00,negatif
Karaoke naik ppn gak min,2024-12-31 20:59:42+00:00,negatif
"Percuma ngomong sama org2 dongo Pak, kalo hatinya udah busuk bapak mau ngapain aja ttep aja ada salahnya dimata org2 itu. Pokoknya sehat selalu Pak 🙏🏻",2024-12-31 20:59:29+00:00,positif
"cara dapet listrik gratis gimna min, apa harus daftr2d dulu",2024-12-31 20:59:07+00:00,netral
semoga bantuan pangan sesuai dengan pihak penerima. dikarenakan banyak yg tidak sesuai dengan penerima dilapangan ☺️☺️,2024-12-31 20:59:04+00:00,netral
harga Pampers juga ikut naik 12% gimana tuh😩,2024-12-31 20:58:52+00:00,negatif
@salmaaa🐄💗🎀 bnr atau cuma omdo doang sih?,2024-12-31 20:58:43+00:00,negatif
makan tuh yg udah pilih si bowo sama si samsul.sory ye wo yg engga pilih lo jgn ikut naek ya.dan kita gaperlu makan gratis,2024-12-31 20:58:22+00:00,negatif
"Ganti rakyat aja lah pada ngga ngerti jng selalu mbil keputusan, tolong PAHAMI🙏🏻🙏🏻",2024-12-31 20:57:54+00:00,negatif
Bpk aku selalu🥰🥰🥰🥰tahes2 ngeh pak,2024-12-31 20:57:52+00:00,negatif
udah mulai aktif ya min,2024-12-31 20:57:35+00:00,positif
@warrazkialuna baca deskripsi kak senang bisa membantu☺️,2024-12-31 20:57:03+00:00,netral
mantep 😂,2024-12-31 20:56:14+00:00,positif
heran rakyat konoha smua presiden disalahin mulu.blajar baca coba.,2024-12-31 20:56:12+00:00,negatif
cukai rokok turunin min 😁,2024-12-31 20:56:08+00:00,positif
"Harga bahan material bangunan udah mulai naik besok, naiknya sampe 5rb an malah😭 kaget bnget pak😭",2024-12-31 20:55:51+00:00,negatif
"BARANG2 SUDAH NAIK.
DR SALES AJA SUDAH ADA PEMBERITAHUAN KENAIKKAN.
CONTOH BIO MIWON,INDOMIE AJA SUDAH NAIK LAGI HARGANYA KARNA PPN NAIK.
KEMARIN 112/DUS
SKRG JADI 116/DUS
INI HARUS ADA SIDAK",2024-12-31 20:55:38+00:00,negatif
TEGAKKAN KEADILAN BANYAK KEBIJAKAN YANG MENGUNTUNGKAN GOLONGAN TERTENTU DAN MENCEKIK RAKYAT KECIL.,2024-12-31 20:55:06+00:00,positif
semoga dipertahankan yaaaaawwwww niat baiknya,2024-12-31 20:54:25+00:00,netral
"kata2 "" berpihak kepada rakyat yang banyak dan kesejahteraan rakyat"". atau kesejahteraan orang yang Korupsi 271 T penjara 6,5 tahun?",2024-12-31 20:54:10+00:00,negatif
inti nya apapun yang di perbuat oleh pak prabowo akan terus salah dimata pendukung anak abah 😞,2024-12-31 20:53:38+00:00,positif
kouta juga naik😭😭😭,2024-12-31 20:53:33+00:00,positif
"presidennya jelas, aturannya jg jelas. tp masih ada aja yg memanfaatkan kesempatan dalam kesusahan rakyat dgn ppn 12%.",2024-12-31 20:52:27+00:00,netral
"tapi mindra,,, resto sudah lebih dari 12% 😭",2024-12-31 20:18:34+00:00,negatif
Terima kasih pak prabowo 🔥🔥🔥,2024-12-31 20:18:32+00:00,positif
"min,aku top up Dana via bni kenapa kok ga masuk ya pdhal sudah buat laporan dan dtunggu 3 hari ttp ga ada tindak lanjut, tag dana dong",2024-12-31 20:18:01+00:00,negatif
anak abah tolong dibaca ya.,2024-12-31 20:17:28+00:00,negatif
"semua distributor produk aja naikkan dari 11% ke 12%, yg punya toko grosiran pasti tau kalau distributor naikkan ppn dari 11% ke 12%",2024-12-31 20:17:10+00:00,negatif
"tolong lah pak kades ditembung medan diperiksa
jalan ditembung arah ke pajak gambir rusak parah
stiap hujan jadi laut, kalo kering abu teball
mohon x pak 🙏",2024-12-31 20:16:48+00:00,negatif
"min,...
sayangi usus mu makan minum tiap hari",2024-12-31 20:16:46+00:00,negatif
distributor produk jajan udh nginfo naikin PPN 12% 😭,2024-12-31 20:16:14+00:00,negatif
gua puter nih video sambil liatin ke ortu🗿🗿,2024-12-31 20:15:37+00:00,negatif
"pak presiden,kami selalu mendukungmu",2024-12-31 20:15:35+00:00,positif
"Min sekarang kalau berobat di Puskesmas obatnya sudah dibebankan kepada masyarakat yah?, di puskesmas tempat aku seringkali obatnya dibebankan pada kami yang berobat min.",2024-12-31 20:15:18+00:00,negatif
"capek bgt sm komenan para pembenci.. 😭
serah lu dah, kaga pada mudeng mau dijelasin panjang lebar sm mindra juga 🤦‍♀️",2024-12-31 20:15:09+00:00,negatif
Jadi pph final di perpanjang selama nya atau setahun aja min?,2024-12-31 20:14:56+00:00,negatif
Ah hoax lah males 😏,2024-12-31 20:14:40+00:00,negatif
"jadi udah paham ya sekarang? kalo ada barang yang ga masuk list naik PPN 12 tapi harga nya naik bisa jadi penjual nyari untung pake cara licik, ingfo² ges kalo ketemu penjual ginj",2024-12-31 20:14:23+00:00,negatif
"Aku pnghuni apt, bnr ppn naik. Liat hrga listrik, kwh nya jdi dikittt😭🙏🏻 tpi ok gppa, tpi jtuh nya dalam sebulan psti ada 3x isi listrik. Brrti aku hrus hemat😌",2024-12-31 20:14:19+00:00,negatif
MESTI TETAP HARUS KAWAL!!!,2024-12-31 20:13:24+00:00,netral
"Untuk Petugas kebersihan sekolah yg masih Upah harian, kira2 ada Kenaikan tidak ya tolong di info dong.",2024-12-31 20:13:20+00:00,netral
"min, kmrn hbs topup game kena pajak 12% 😔",2024-12-31 20:13:15+00:00,positif
"Selamat Tahun Baru Bpk Presiden Prabowo & Mindra🙏🏻🎉
Sehat, panjang umur, jaya terus & selalu dalam lindunganNYA🙏🏻❤",2024-12-31 20:12:48+00:00,positif
🥵,2024-12-31 20:12:37+00:00,positif
Andai negara ini tidak ramai2 korupsi sprtinya negara kita in makmur sprti negara2 timur tengah,2024-12-31 20:12:08+00:00,negatif
Apaan paket internet gw juga naek anjir,2024-12-31 20:12:03+00:00,negatif
Pengusaha UMKM apakah kena PPN 12% gak min😱,2024-12-31 20:12:03+00:00,negatif
Klo kebutuhan rmh tangga naik itu karna adanya kelompok/perorangan aja yg menjadikan kesempatan isu2 ini utk menaikan harga sesuka mereka .(pedagang),2024-12-31 20:11:53+00:00,negatif
gacoan ae ada 12%😏,2024-12-31 20:11:53+00:00,negatif
"kenapa ya Ko pada males LITERASI, baca baik2 Ya rakyat sebangsa dan setanah air, cape2 Loh Mas Admin @partaigerindra menjelaskan, masih aja pada ngotot",2024-12-31 20:11:52+00:00,negatif
Kalo hukuman 6.5 tahun dan hukuman 5 tahun itu bisa ga ya min dikaji ulang? dikit bgt soalnya,2024-12-31 20:11:27+00:00,negatif
"Agaknya memuakkan ya baca komen manusia manusia denial, yang untuk memahami caption aja susah bener. Astaga 😞",2024-12-31 20:11:23+00:00,netral
"pak bantuan ngk adill kasian yg ngk dapat , yg dapat dobel dobel.",2024-12-31 20:11:10+00:00,negatif
"Happy new year min, Semangat kerjanya 💪",2024-12-31 19:43:56+00:00,positif
"uda terbukti skrg yg omon omon siapa,",2024-12-31 19:43:52+00:00,negatif
"sumber daya alam banyak, tambang ,minyak ,emas dll. knp pajak yg di naikan..",2024-12-31 19:43:43+00:00,negatif
banyak yg memanfaatkan PPN naik sembako jadi ikut naik min,2024-12-31 19:43:22+00:00,positif
🥵,2024-12-31 19:43:19+00:00,positif
min numpang tanya klo pajak kendaraan bermotor termasuk naik pajak PPN 12% apa g,2024-12-31 19:43:19+00:00,negatif
awas aja besok beli kuota malah di up,2024-12-31 19:43:16+00:00,netral
skincare saya juga naik ppn nya tolong 😭😭,2024-12-31 19:43:04+00:00,negatif
semangat bapak💜,2024-12-31 19:42:57+00:00,netral
wifi gak jadi naik ppn kan,2024-12-31 19:42:49+00:00,negatif
🥰,2024-12-31 19:42:47+00:00,positif
"tolong min knp pas mau beli motor baru udh di tembak kena PPN, sekitar 1.5 juta rata2 ?",2024-12-31 19:42:40+00:00,negatif
"hadehh banyak banget nih pembenci Prabowo di Komen, padahal udah di jelasin PPN untuk barang Yang tertentu",2024-12-31 19:42:34+00:00,negatif
komen aneh tak rarak nek polsek ngko lho kang..😂😂,2024-12-31 19:42:32+00:00,negatif
😋😋😋,2024-12-31 19:42:30+00:00,positif
jadi beli tiket pesawat tetep naik ya? kan ada pesawat udara tuh,2024-12-31 19:42:20+00:00,negatif
Obat kok kna jga bg 😭. Brusan td baca grup distributor obatny,2024-12-31 19:42:14+00:00,negatif
PMKnya udah terbit belum min?,2024-12-31 19:42:12+00:00,negatif
@gerindra maaf Min saya mau bertanya untuk kita yang Sebagai wirausahawan yang bergerak dibidang ekspedisi yang bergerak dibidang Jasa angkut air minum kemasan,2024-12-31 19:42:02+00:00,negatif
buset captionnya panjang bgt😂,2024-12-31 19:42:01+00:00,positif
"min, orderan ku kok sepi terus knp ya ( saya driver ojol )",2024-12-31 19:41:54+00:00,negatif
Min dimsum ga kena ppn 12% kan???,2024-12-31 19:41:43+00:00,negatif
"pak saya penjual Tempura , tpi yg jual frozen food bilang jualannya juga Naik , krna PPN 12% 😭 apa saya juga menaikan harga penjualan",2024-12-31 19:41:38+00:00,negatif
wkwkwk udh ada berita ini aja warga X masih huru hara cari kesalahan capek bgt liatnya🙂‍↔️,2024-12-31 19:41:01+00:00,negatif
"hahahha ntar kita liat nanti ya pak
tajem ke mana ini peraturan ppn naek ini 😂😂",2024-12-31 19:40:59+00:00,negatif
lopyu🥰,2024-12-31 19:40:45+00:00,positif
"harga mochi naik, maaf ya🙏",2024-12-31 19:40:29+00:00,negatif
min upload di Instagram jg dong,2024-12-31 19:40:19+00:00,negatif
"turunkan harga hp min, dari jutaan Jadi ratusan ribu😁",2024-12-31 19:40:05+00:00,negatif
nasgor naik serebu,2024-12-31 19:40:05+00:00,negatif
"Coba ini rakyat tercinta kalo mau komen tuh baca"" dulu sih caption/video nya sampe full, jangan punya asumsi sendiri aja 😂 jadi keliatan banget sdm yang gimana gitu 🤣",2024-12-31 19:20:35+00:00,negatif
"harga tiket pesawat naik lagi ?
dan beli motor naik juga ?",2024-12-31 19:20:32+00:00,negatif
Min tiket Persija kena PPN ga?@partaigerindra,2024-12-31 19:20:30+00:00,negatif
"jdi curiga pajak naik buat bayar makan gratis nya kah?
🗿🗿",2024-12-31 19:20:30+00:00,negatif
Tapi wifi kena ppn 12% 😭,2024-12-31 19:19:50+00:00,netral
min kalau spp sekolah swasta naik ga?,2024-12-31 19:19:44+00:00,negatif
😂,2024-12-31 19:19:35+00:00,positif
Pak Prabowo pasti akan memberikan yang terbaik buat rakyatnya.. kami percayakan sama beliau,2024-12-31 19:19:16+00:00,positif
Klo buat yang kaya Cocok saya setuju pak,2024-12-31 19:19:03+00:00,positif
"tolong kami kaum buruh mindra, yang hanya bergantung pada gaji umr yang sebenarnya pas² an untuk bertahan hidup, bukan untuk sejahtera, apalagi kaya raya. jangan bebankan kami lagi dengan pajak 🥺",2024-12-31 19:18:59+00:00,negatif
hahahah ANAK BANTENG AMA ANAK ABAH TERDIAM BEM SI TERDIAM😂😂,2024-12-31 19:18:50+00:00,positif
"Min yg sabar yaa min, semangat terusss🙏🏻 sehat selalu buat panjenengan dan keluarga🙏🏻 jangan bosan2 memberikan informasi yg jelas bagi kami masyarakat yg kurang paham🙏🏻",2024-12-31 19:18:48+00:00,negatif
klau captionnya udah jelas masih adakah yang darurat membaca?,2024-12-31 19:18:40+00:00,negatif
Masi mantau langkah fery irwandi,2024-12-31 19:18:40+00:00,netral
min jalan di kampung saya masih tanah belum di cor inpo kan ke pak presiden,2024-12-31 19:18:39+00:00,negatif
rokok masukan juga karena itu masuk premium juga,2024-12-31 19:18:38+00:00,positif
"Jika pemilik minimarket indomart/alfamart.atau pengusaha rokok yang rumahnya mewah mewah, mobilnya mewah mewah. otomatis juga mereka akan menaikan harga barang barang yang mereka juall",2024-12-31 19:18:33+00:00,negatif
Susah jelasi sama anak abah dan kroni kroninya min,2024-12-31 19:18:33+00:00,positif
"sampe jam segini masih ada aja yg tiba2 komen tanpa baca caption, lontongnya minta ampun 🗿",2024-12-31 19:18:30+00:00,negatif
Min tolong dibalas pesanku min,2024-12-31 19:18:27+00:00,negatif
min kenapa ya pada gamau baca caption dulu sebelum mengeritik🙏,2024-12-31 19:17:59+00:00,netral
"buset udah gak tertolong enih, tolong jelasin juga dampak snowballnya admin pinter",2024-12-31 19:17:53+00:00,negatif
Kariawan ritel yg gajih nya umr/umk di bawah 6 juta masuk pajak gk min? Klo Iyah pajak nya berapa persen? Please bales penasaran 😭,2024-12-31 19:17:41+00:00,negatif
"paakkkk tapiii aku jualan kebab dari agennya udh ada pemberitahuan bahan baku naik grgr ppn naik,padahal saya UMKM lohh😭",2024-12-31 19:17:32+00:00,negatif
😳,2024-12-31 19:17:30+00:00,positif
"sehat selalu bapak, sejahtera dan majukan terus untuk Indonesia kita ini ya pak🥰💙",2024-12-31 19:17:29+00:00,positif
🙏,2024-12-31 19:17:28+00:00,positif
"PPN naik, masa tahan’an 300T naik juga gk Min, klo gk naik skrng bnyak yg bercita-cita di bui 6,5thn dpt 300T apakah pancasila sila k’5 akan berubah “k’adilan bagi rakyat yg ber’uang?”",2024-12-31 19:17:23+00:00,negatif
"ya ampun detail banget caption nya..klo masih ada yg teriak""emng bener""buzzer, barisan sakit hati😂",2024-12-31 19:17:18+00:00,negatif
min bener gak klo pake qris kena pajaknya 12% ??,2024-12-31 19:02:08+00:00,negatif
"anak Abah malas baca, yg penting coment hahah",2024-12-31 19:02:05+00:00,positif
"terilhat kan min dari isi komen.
bahwa negara kita literasinya paling juara dari bawah 🗿 sabar yah min. kadang hidup harus banyak capenya.",2024-12-31 19:02:04+00:00,negatif
"belom apa-apa ada aja yang memanipulasi makan gratis, pake ada bayar wadah atau yang lainnya, emang korupsi itu seperti budaya yang melekat ya.
mungkin mereka yang melakukan itu berfikir ""jika yang itu bisa, kenapa kami ga ikutan juga, toh asal sopan dan berkeluarga hukumannya tidak sampai dibakar seperti korban yang masih diduga maling toa masjid"".",2024-12-31 19:02:04+00:00,negatif
mantap....tinggal urus pak uu perampasan hak angket koruptor pak...penyakit indonesia ini harus di sahkan,2024-12-31 19:02:00+00:00,negatif
Min aku tidur dulu ya,2024-12-31 19:01:59+00:00,positif
mindra yang sabar yaa😭,2024-12-31 19:01:56+00:00,negatif
kenaikan gaji guru apakah akan terlaksana januari ini?,2024-12-31 19:01:51+00:00,negatif
min udh min udh ganti tahun kasihan nyaaaaaa🙂,2024-12-31 19:01:49+00:00,negatif
"Gedek banget sama rakyat yang selalu membuat provokasi kepada pemerintah pak prabowo dengan melontarkan hoax, padahal mentaati pemimpin itu diajarkan dalam Al-Qur’an, lebih lebih pemimpin kita muslim.",2024-12-31 19:01:46+00:00,negatif
min harga rokok naik lagi nggak?,2024-12-31 19:01:35+00:00,negatif
SEHAT SELALU PAK PRABOWO INDONESIA MEMBUTUHKAN BAPAK,2024-12-31 19:01:28+00:00,positif
udh di kasi penjelasan sgni jelasnya masi ada yg ga terima faktanyaa dan tau kan skrng kayanya Indonesian harus ganti rakyat bukan pemerintah lgi,2024-12-31 19:01:24+00:00,negatif
gaji suamiku kok ga naik2 ya min... 😭,2024-12-31 19:01:20+00:00,negatif
wifi mulai tgl 1 januari dah naik bayarannya😁,2024-12-31 19:01:15+00:00,negatif
"duh malu sih yg kmrn pada koar koar nyesel milih bapak, pdhl belum tau kejelasan nya gmn tp udah keburu ngejudge. untung aku barisan setia hehe💗",2024-12-31 19:01:01+00:00,negatif
"min hp saya kok gampang ngebleng ya,,😂",2024-12-31 19:01:00+00:00,netral
🥰🥰🥰,2024-12-31 19:00:31+00:00,positif
membodohi rukyat dgn cara hawlusss,2024-12-31 19:00:18+00:00,negatif
gak diupload di ig min? @partaigerindra biar gampang dishare ke sosmed lain,2024-12-31 19:00:13+00:00,negatif
[foto] [photo],2024-12-31 19:00:09+00:00,positif
"PPN ga naik untuk semua barang
tapi yang kepanasan anak Abah sama pedeipeh",2024-12-31 19:00:08+00:00,negatif
"Min kata2 buat awal tahun donk,,🥰",2024-12-31 19:00:03+00:00,negatif
"barang jasa mewah Alhamdulillah..
jangan ribut dulu apa..biasakan dengerin dulu penjelasan p pres
baru komen..PD cerdas dikit",2024-12-31 19:00:00+00:00,netral
Sabar ya guys satu persatu diatasi dia kan baru jadi presiden,2024-12-31 18:59:59+00:00,netral
"Pembayaran indihome saya dari 296.000 menjadi 318.850 lumayan sekali kenaikan nya, Padalhan pembayaran selalu tepat waktu dan gak ada pemberitahuan ke konsumen saat ada kenaikan tarif",2024-12-31 18:59:51+00:00,negatif
alhamdulillah,2024-12-31 18:59:45+00:00,positif
Banyak yang gak baca caption heran🗿,2024-12-31 18:59:34+00:00,netral
"Tapi aku kemarin bayar listrik ke PLN dengan harga yang melambung, pas ditanya katanya ini udah naik PPN 12% dari bulan Maret 2024 :((( bener ga si",2024-12-31 18:59:27+00:00,negatif
Happy New Year Mindra,2024-12-31 18:59:24+00:00,positif
2022 pondasi rumah bru jadi.. 2024 masih begitu2 saja tiba2 ada telpn dri kantor pajak di suruh bayar ppn 12%..🥺,2024-12-31 18:46:29+00:00,negatif
"bapak, sehat sehat ya❤",2024-12-31 18:46:27+00:00,positif
"min netflik gimana?, belum tahun baru sudah naik harga nya😭",2024-12-31 18:46:23+00:00,negatif
min katanya klo PPNnaik gaji jg naik..,2024-12-31 18:46:13+00:00,negatif
min kalo buat gajih pokoknya udh naek blm hehehe,2024-12-31 18:46:04+00:00,negatif
"ini agak blunder min, krn mepet2 diumumkan ppn ga jd naik 12% kecuali yg mewah, barang2 byk yg udh terlanjur naik. Minta diturunin? susahhhh",2024-12-31 18:46:03+00:00,negatif
"dengerin , baca.
sembako tidak naik, besok kalau ke pasar ajak debat , suruhbaca caption @partaigerindra biar gak naik tu beras, 😂",2024-12-31 18:46:00+00:00,negatif
😅,2024-12-31 18:45:48+00:00,positif
😳😳😳,2024-12-31 18:45:35+00:00,positif
Semangat ya min buat terus menyadarkan 😭😭 Gua ga tau lagi dah harus ngasih penjelasan gimana lagi ke mereka-mereka itu😭😭,2024-12-31 18:45:29+00:00,positif
tetap aj kalo beli di minimarket apapun...ppn di kenakan ke pembeli🤣🤣🤣,2024-12-31 18:45:26+00:00,negatif
ga papa tabungan ku masih 300T aman.,2024-12-31 18:45:21+00:00,netral
Akhirnya makasih min😭 saya emosi bales in yg kemarin teriak2 ini🔥,2024-12-31 18:45:07+00:00,positif
Min info spar main ps,2024-12-31 18:45:06+00:00,positif
masih banyak org akal pendek di kolom komentar ini.. begitu jelas apa yg disampai kan president itu memihak wong cilik 🙏,2024-12-31 18:45:04+00:00,negatif
ancen wrg +62,2024-12-31 18:44:59+00:00,positif
admin gerindra vs iq masyarakat Indonesia,2024-12-31 18:44:58+00:00,positif
boonk dosa ya,2024-12-31 18:44:56+00:00,netral
menyala pak prabowo🔥,2024-12-31 18:44:54+00:00,positif
"1 rajab bertepatan 1 januari adalah doa yang mustajab.mari kita doakan semoga bapak prabowo di berikan kesehatan,umur panjang,di permudahkan segala urusan dan selalu dalam lindungan allah swt.",2024-12-31 18:44:49+00:00,positif
min kalo barang yg 120 JT itu kena ga?,2024-12-31 18:44:47+00:00,negatif
"tapi kenapa kebutuhan pokok masih selalu meroket
apalagi minyak goreng gula pasir dan sebagainya",2024-12-31 18:44:44+00:00,negatif
😁,2024-12-31 18:44:43+00:00,positif
"barang dan jasa mewah , PPn 50% juga gpp",2024-12-31 18:44:35+00:00,positif
"di simak y biar ngerti gk gagal paham, byk org lemot gagal paham
....",2024-12-31 18:44:35+00:00,negatif
"Ijin min di Jawa Timur ASN terkena byk pajak, ada pajak zakat 2,5% perbulan, pajaak bpjs di gajipokok dan di tunjangan tpg tw4 bahkan ada edarannya dr prov, bahkan jg ada yg hanya terima gaji 13 cm 52% yg harusnya 100%, tolong min di kroscek lumayan menncekik pajaknya😭😭😭",2024-12-31 18:44:33+00:00,negatif
iki tenan po ndak?,2024-12-31 18:44:30+00:00,negatif
"menyala presiden ku.
semoga sehat sllu.. pak",2024-12-31 18:44:28+00:00,negatif
"lu pd yg komen"" gaje. mending lu pd baca captionny dlu dh bru komen. dasar sdm rendah",2024-12-31 18:44:26+00:00,negatif
Min mobil brio nggak kan min gua mau nyicil brio min😂😂,2024-12-31 18:44:15+00:00,negatif
"eh lu bapak""/bocil"" yang komen apalah itulah baca captio makanya, jangn asal komen dasar negara dengan minim literasi😹",2024-12-31 18:33:06+00:00,negatif
hahahahahahahahahaha,2024-12-31 18:33:05+00:00,negatif
ok,2024-12-31 18:33:02+00:00,netral
lah kenapa makanan pokoknya naik harga dari minggu2 yang lalu kocak berarti ngaruh ke makanan pokok juga lh,2024-12-31 18:32:58+00:00,negatif
internet juga ikutan naik.. dia masuk k bidang apa? karna udh ad email PPN jadi 12% jadi hrga internetnya jadi naik,2024-12-31 18:32:47+00:00,negatif
Kalo skincare gimana pakk? 😭🙏🏻,2024-12-31 18:32:41+00:00,negatif
harga handphone baru tidak naik kan min ?,2024-12-31 18:32:35+00:00,negatif
"Min mau nanya , kan yg naik udh ada tu barangnya apa aja , kok di tempat saya barang2 di swalayan mulai hari ini naik min @gerindra",2024-12-31 18:32:31+00:00,negatif
naikin jg dnk gajinya,2024-12-31 18:32:26+00:00,negatif
keburu naik semua kocakkk,2024-12-31 18:32:24+00:00,negatif
AYO MEMBACA SEMUANYA JANGAN KOMEN SEBELUM BACA CAPTION🥹,2024-12-31 18:32:23+00:00,positif
jasa kontruksi pasti 12%,2024-12-31 18:32:22+00:00,negatif
"Voucher game online naik, nanti mahal aku mau pensi emangnya pak prabowo bisa rawat akun efef ku😡",2024-12-31 18:32:18+00:00,negatif
udah di upayakn semaksimal mungkin utk jangka panjang agar semua bs kondusif. smua Langkah yg presiden ambil pasti sdh di pikirkn kedepan'y agar tdk ada resiko bagi negara ini kedepan'y.,2024-12-31 18:32:10+00:00,negatif
"min mau tnyak, PPPK 2024 tes kmren regulasinya gimna.😑 semoga yg terdaftar di BKN lulus semuanya😩",2024-12-31 18:32:03+00:00,negatif
"barusan 1-1-25 pukul 01.15 ke alfa, tumben label harga dirak banyak yg tdk ada atau tdk tertempel. apa lg update ke 12% yah??",2024-12-31 18:32:01+00:00,negatif
resolusi 2025 apa min,2024-12-31 18:32:00+00:00,netral
ada baiknya baca capt nya adik2 + anak X yg rata2 banyak bikin thread yg enggak2🙏🏻,2024-12-31 18:31:56+00:00,netral
"Min tolong turunkan harga diamond epep, entar aku gendong min ampe GM klo mimin bisa turunin harga dm",2024-12-31 18:31:56+00:00,negatif
😎😎😎😎,2024-12-31 18:31:53+00:00,positif
"semangat jenderal, selalu dikuatkan, semangat min, warga kita emang banyak minim literasi, baca judul udah ngejudge, tapi masalah gak cm itu, oknum nya juga kebanyakan, malahan mkin oknum adalah mayoritas, jadi ya emang harus tetap semangat berjuang utk negri ini lebih baik, bravo jendral ku, bravo @partaigerindra",2024-12-31 18:31:53+00:00,negatif
🥰🥰🥰,2024-12-31 18:31:51+00:00,positif
"wifi oq ikutan naik min,gimana min",2024-12-31 18:31:49+00:00,negatif
ketar ketir orang kaya 😂😂😂😂😂😂,2024-12-31 18:31:49+00:00,positif
🥰,2024-12-31 18:31:48+00:00,positif
"Ada yang katanya, Upah UMR naik di Awal Tahun. yang merdeka Karyawan Tetap, yang jadi Bahan kambing hitam Karyawan Outsourcing / kontrak dengan upah Yang di tetapkan perusahaan bukan pemerintah.",2024-12-31 18:31:42+00:00,negatif
Sidakk ke pasar2 yang naikin harga sembako dg alasan PPn,2024-12-31 18:31:42+00:00,negatif
min follback dong semoga di follbak,2024-12-31 18:31:34+00:00,negatif
"sehat sehat admin gerinda, semoga tida cape menyalurkan keluhan rakyat yaa!",2024-12-31 18:31:24+00:00,positif
Pentingnya paham Literasi,2024-12-31 18:31:08+00:00,positif
Pak Prabowo aku tiange samean✌,2024-12-31 18:17:57+00:00,positif
Yuk warga Indonesia budayakan membaca🥰,2024-12-31 18:17:38+00:00,positif
min kalo alat elektronik brp ppn nya???,2024-12-31 18:17:17+00:00,negatif
"harus nya bapak jadi presiden dari 10th lalu paaaak....
ya Allah dr 2014 pak aturan bapak yg jdi presiden, sya sampe di musuhin sm orang² yg gak suka bapak pak waktu itu apalagi 2019,beuh bener bener yaaa",2024-12-31 18:17:09+00:00,negatif
percuma bayar pajak ... kalau nanti d korupsi,2024-12-31 18:17:01+00:00,negatif
"min maaf nih ya dari atas nya bilang gitu turun ke bawah jadi gini, bilangin ke bapak @prabowo perketat lagi pengawasan di bawah min",2024-12-31 18:17:01+00:00,negatif
min happy new year🥰☝,2024-12-31 18:16:56+00:00,positif
ok bagoes .,2024-12-31 18:16:56+00:00,netral
"Sabar min, Sabar !!! orang Sabar dada nya Lebar... yang banyak istigfar yaa min ngadepin Kita 🥳🥳",2024-12-31 18:16:45+00:00,negatif
ini org org yg gasuka sm beliau pada gabisa baca semua apa emg males baca? kemaren yg dukung prabowo kayanya dikata katain,2024-12-31 18:16:29+00:00,negatif
